physical_time,tau_from_H0,k,rms,series
0.001,0.0,0.06283185307179587,0.010351168090412694,L10_continuous_numeric
0.001,0.0,0.12566370614359174,0.019368502549182418,L10_continuous_numeric
0.001,0.0,0.18849555921538758,0.028410252785216736,L10_continuous_numeric
0.001,0.0,0.25132741228718347,0.036511783495599824,L10_continuous_numeric
0.001,0.0,0.3141592653589793,0.04394212274554825,L10_continuous_numeric
0.001,0.0,0.37699111843077515,0.054748889270784355,L10_continuous_numeric
0.001,0.0,0.43982297150257105,0.06440212803178995,L10_continuous_numeric
0.001,0.0,0.5026548245743669,0.07214998590687498,L10_continuous_numeric
0.001,0.0,0.5654866776461628,0.07674827444328262,L10_continuous_numeric
0.001,0.0,0.6283185307179586,0.0872690686405861,L10_continuous_numeric
0.001,0.0,0.6911503837897545,0.09998732545759374,L10_continuous_numeric
0.001,0.0,0.7539822368615503,0.10846533710013997,L10_continuous_numeric
0.001,0.0,0.8168140899333463,0.11946374204508035,L10_continuous_numeric
0.001,0.0,0.8796459430051421,0.12494544830300976,L10_continuous_numeric
0.001,0.0,0.9424777960769378,0.13858083681877542,L10_continuous_numeric
0.001,0.0,1.0053096491487339,0.14294072028030094,L10_continuous_numeric
0.001,0.0,1.0681415022205298,0.15695239316557205,L10_continuous_numeric
0.001,0.0,1.1309733552923256,0.16607074597638677,L10_continuous_numeric
0.001,0.0,1.1938052083641213,0.16996364140793582,L10_continuous_numeric
0.001,0.0,1.2566370614359172,0.17758545656130933,L10_continuous_numeric
0.001,0.0,1.3194689145077132,0.18661844178952472,L10_continuous_numeric
0.001,0.0,1.382300767579509,0.19715335301545084,L10_continuous_numeric
0.001,0.0,1.4451326206513047,0.2103451099081763,L10_continuous_numeric
0.001,0.0,1.5079644737231006,0.21110028669786007,L10_continuous_numeric
0.001,0.0,1.5707963267948966,0.22490962515470642,L10_continuous_numeric
0.001,0.0,1.6336281798666925,0.22671303075823465,L10_continuous_numeric
0.001,0.0,1.6964600329384882,0.24443073342231394,L10_continuous_numeric
0.001,0.0,1.7592918860102842,0.2505804572666774,L10_continuous_numeric
0.001,0.0,1.8221237390820801,0.25903448843471805,L10_continuous_numeric
0.001,0.0,1.8849555921538756,0.270227748728222,L10_continuous_numeric
0.001,0.0,1.9477874452256716,0.27888497310382165,L10_continuous_numeric
0.001,0.0,2.0106192982974678,0.28075844896170615,L10_continuous_numeric
0.001,0.0,2.0734511513692637,0.28874140524728703,L10_continuous_numeric
0.001,0.0,2.1362830044410597,0.30516549731500253,L10_continuous_numeric
0.001,0.0,2.199114857512855,0.30619945288940204,L10_continuous_numeric
0.001,0.0,2.261946710584651,0.3182357614451809,L10_continuous_numeric
0.001,0.0,2.324778563656447,0.3308538829203318,L10_continuous_numeric
0.001,0.0,2.3876104167282426,0.3390185904702022,L10_continuous_numeric
0.001,0.0,2.4504422698000385,0.3423448726099302,L10_continuous_numeric
0.001,0.0,2.5132741228718345,0.35120731812696276,L10_continuous_numeric
0.001,0.0,2.57610597594363,0.3679347300016503,L10_continuous_numeric
0.001,0.0,2.6389378290154264,0.3681366582254127,L10_continuous_numeric
0.001,0.0,2.701769682087222,0.37108675961390697,L10_continuous_numeric
0.001,0.0,2.764601535159018,0.3788423124030782,L10_continuous_numeric
0.001,0.0,2.827433388230814,0.3977940176787827,L10_continuous_numeric
0.001,0.0,2.8902652413026093,0.4005232372931184,L10_continuous_numeric
0.001,0.0,2.9530970943744057,0.4048912233145483,L10_continuous_numeric
0.001,0.0,3.015928947446201,0.4157777294455386,L10_continuous_numeric
0.001,0.0,3.078760800517997,0.4264698378442944,L10_continuous_numeric
0.001,0.0,3.141592653589793,0.4227554005015864,L10_continuous_numeric
0.001,0.0,3.204424506661589,0.4363652037204729,L10_continuous_numeric
0.001,0.0,3.267256359733385,0.44356146161757815,L10_continuous_numeric
0.001,0.0,3.330088212805181,0.44494821990275935,L10_continuous_numeric
0.001,0.0,3.3929200658769765,0.45997948286469525,L10_continuous_numeric
0.001,0.0,3.4557519189487724,0.4591198861125493,L10_continuous_numeric
0.001,0.0,3.5185837720205684,0.4607560184247921,L10_continuous_numeric
0.001,0.0,3.581415625092364,0.47560546775662915,L10_continuous_numeric
0.001,0.0,3.6442474781641603,0.4745452532398893,L10_continuous_numeric
0.001,0.0,3.707079331235956,0.47842455046118887,L10_continuous_numeric
0.001,0.0,3.7699111843077513,0.49384826963133915,L10_continuous_numeric
0.001,0.0,3.8327430373795477,0.50956025838466,L10_continuous_numeric
0.001,0.0,3.895574890451343,0.50222722294334,L10_continuous_numeric
0.001,0.0,3.9584067435231396,0.5004225000194107,L10_continuous_numeric
0.001,0.0,4.0212385965949355,0.5029485779125237,L10_continuous_numeric
0.001,0.0,4.084070449666731,0.5169497977274139,L10_continuous_numeric
0.001,0.0,4.1469023027385274,0.5213996915567753,L10_continuous_numeric
0.001,0.0,4.209734155810323,0.5162501370077012,L10_continuous_numeric
0.001,0.0,4.272566008882119,0.5227294419980889,L10_continuous_numeric
0.001,0.0,4.335397861953915,0.534218604345092,L10_continuous_numeric
0.001,0.0,4.39822971502571,0.5237686635647606,L10_continuous_numeric
0.001,0.0,4.461061568097507,0.538733695851051,L10_continuous_numeric
0.001,0.0,4.523893421169302,0.5315862290789017,L10_continuous_numeric
0.001,0.0,4.586725274241098,0.5269618096559152,L10_continuous_numeric
0.001,0.0,4.649557127312894,0.5359704847734318,L10_continuous_numeric
0.001,0.0,4.71238898038469,0.5422104417259597,L10_continuous_numeric
0.001,0.0,4.775220833456485,0.5419455804345032,L10_continuous_numeric
0.001,0.0,4.838052686528282,0.5546279330231827,L10_continuous_numeric
0.001,0.0,4.900884539600077,0.5348618538447365,L10_continuous_numeric
0.001,0.0,4.9637163926718735,0.5447456738160951,L10_continuous_numeric
0.001,0.0,5.026548245743669,0.5399005936166094,L10_continuous_numeric
0.001,0.0,5.0893800988154645,0.5452721357480589,L10_continuous_numeric
0.001,0.0,5.15221195188726,0.550807046909367,L10_continuous_numeric
0.001,0.0,5.215043804959057,0.5435548740997924,L10_continuous_numeric
0.001,0.0,5.277875658030853,0.5420814108168689,L10_continuous_numeric
0.001,0.0,5.340707511102648,0.5433980695557681,L10_continuous_numeric
0.001,0.0,5.403539364174444,0.5406702854939108,L10_continuous_numeric
0.001,0.0,5.466371217246239,0.5340731429184423,L10_continuous_numeric
0.001,0.0,5.529203070318036,0.5333270812779102,L10_continuous_numeric
0.001,0.0,5.592034923389832,0.5315278362856509,L10_continuous_numeric
0.001,0.0,5.654866776461628,0.5352192068533763,L10_continuous_numeric
0.001,0.0,5.717698629533423,0.5259144437102966,L10_continuous_numeric
0.001,0.0,5.780530482605219,0.5273376879169422,L10_continuous_numeric
0.001,0.0,5.843362335677015,0.5258761148546668,L10_continuous_numeric
0.001,0.0,5.906194188748811,0.5204550227867006,L10_continuous_numeric
0.001,0.0,5.969026041820607,0.5210306905196387,L10_continuous_numeric
0.001,0.0,6.031857894892402,0.5216702609732267,L10_continuous_numeric
0.001,0.0,6.094689747964199,0.5192159682051666,L10_continuous_numeric
0.001,0.0,6.157521601035994,0.5074539195990394,L10_continuous_numeric
0.001,0.0,6.220353454107791,0.5129406946828396,L10_continuous_numeric
0.001,0.0,6.283185307179586,0.5142685272124193,L10_continuous_numeric
0.001,0.0,6.346017160251382,0.5127838372119315,L10_continuous_numeric
0.001,0.0,6.408849013323178,0.5002481436895382,L10_continuous_numeric
0.001,0.0,6.471680866394974,0.49747531495837827,L10_continuous_numeric
0.001,0.0,6.53451271946677,0.4948490242438647,L10_continuous_numeric
0.001,0.0,6.5973445725385655,0.4985485973853934,L10_continuous_numeric
0.001,0.0,6.660176425610362,0.4905415278937568,L10_continuous_numeric
0.001,0.0,6.7230082786821574,0.4849202209939967,L10_continuous_numeric
0.001,0.0,6.785840131753953,0.48036032028599895,L10_continuous_numeric
0.001,0.0,6.8486719848257485,0.48167053592883813,L10_continuous_numeric
0.001,0.0,6.911503837897545,0.4846357266780985,L10_continuous_numeric
0.001,0.0,6.974335690969341,0.4761547003988374,L10_continuous_numeric
0.001,0.0,7.037167544041137,0.4682531927429988,L10_continuous_numeric
0.001,0.0,7.099999397112932,0.4721068356879891,L10_continuous_numeric
0.001,0.0,7.162831250184728,0.4669388329410024,L10_continuous_numeric
0.001,0.0,7.225663103256525,0.4659388601676144,L10_continuous_numeric
0.001,0.0,7.288494956328321,0.45753908630474055,L10_continuous_numeric
0.001,0.0,7.351326809400116,0.44940588191402675,L10_continuous_numeric
0.001,0.0,7.414158662471912,0.4577495522243095,L10_continuous_numeric
0.001,0.0,7.476990515543707,0.44400632641712645,L10_continuous_numeric
0.001,0.0,7.539822368615503,0.44773727691983267,L10_continuous_numeric
0.001,0.0,7.6026542216873,0.4342567955168095,L10_continuous_numeric
0.001,0.0,7.665486074759095,0.4464491736066702,L10_continuous_numeric
0.001,0.0,7.728317927830891,0.4353481198731293,L10_continuous_numeric
0.001,0.0,7.791149780902686,0.4342709413745849,L10_continuous_numeric
0.001,0.0,7.853981633974482,0.4305559191390659,L10_continuous_numeric
0.001,0.0,7.916813487046279,0.42990467819458045,L10_continuous_numeric
0.001,0.0,7.979645340118075,0.43143112615461393,L10_continuous_numeric
0.001,0.0,8.042477193189871,0.42879586338122716,L10_continuous_numeric
0.001,0.0,8.105309046261667,0.4203260803018872,L10_continuous_numeric
0.001,0.0,8.168140899333462,0.4228982009081318,L10_continuous_numeric
0.001,0.0,8.230972752405258,0.414772345240277,L10_continuous_numeric
0.001,0.0,8.293804605477055,0.413003194227587,L10_continuous_numeric
0.001,0.0,8.35663645854885,0.41130648901110267,L10_continuous_numeric
0.001,0.0,8.419468311620646,0.4144319936522842,L10_continuous_numeric
0.001,0.0,8.482300164692441,0.40675884329889134,L10_continuous_numeric
0.001,0.0,8.545132017764239,0.4131624900613708,L10_continuous_numeric
0.001,0.0,8.607963870836034,0.40204759523993244,L10_continuous_numeric
0.001,0.0,8.67079572390783,0.40249809309699547,L10_continuous_numeric
0.001,0.0,8.733627576979625,0.3972490916387602,L10_continuous_numeric
0.001,0.0,8.79645943005142,0.3989595261349319,L10_continuous_numeric
0.001,0.0,8.859291283123216,0.39618067578308125,L10_continuous_numeric
0.001,0.0,8.922123136195014,0.38640658118638077,L10_continuous_numeric
0.001,0.0,8.984954989266809,0.391200767016174,L10_continuous_numeric
0.001,0.0,9.047786842338605,0.39102189341880605,L10_continuous_numeric
0.001,0.0,9.1106186954104,0.3915753610934579,L10_continuous_numeric
0.001,0.0,9.173450548482196,0.3878439383426706,L10_continuous_numeric
0.001,0.0,9.236282401553993,0.384136851606435,L10_continuous_numeric
0.001,0.0,9.299114254625788,0.3843381598300731,L10_continuous_numeric
0.001,0.0,9.361946107697584,0.3838981580622508,L10_continuous_numeric
0.001,0.0,9.42477796076938,0.3819301071995731,L10_continuous_numeric
0.001,0.0,9.487609813841175,0.38047703593950843,L10_continuous_numeric
0.001,0.0,9.55044166691297,0.3736188076817583,L10_continuous_numeric
0.001,0.0,9.613273519984768,0.37924792902862803,L10_continuous_numeric
0.001,0.0,9.676105373056563,0.3729057531537948,L10_continuous_numeric
0.001,0.0,9.738937226128359,0.3740276338357783,L10_continuous_numeric
0.001,0.0,9.801769079200154,0.3759751949176468,L10_continuous_numeric
0.001,0.0,9.86460093227195,0.3655908835015127,L10_continuous_numeric
0.001,0.0,9.927432785343747,0.36722743764915117,L10_continuous_numeric
0.001,0.0,9.990264638415542,0.3752545695230806,L10_continuous_numeric
0.001,0.0,10.053096491487338,0.3681663339362733,L10_continuous_numeric
0.001,0.0,10.115928344559133,0.3662903989743749,L10_continuous_numeric
0.001,0.0,10.178760197630929,0.3671014127915481,L10_continuous_numeric
0.001,0.0,10.241592050702724,0.3648868486340439,L10_continuous_numeric
0.001,0.0,10.30442390377452,0.3683309799724669,L10_continuous_numeric
0.001,0.0,10.367255756846316,0.3635482081638173,L10_continuous_numeric
0.001,0.0,10.430087609918115,0.3618318605951044,L10_continuous_numeric
0.001,0.0,10.49291946298991,0.35843955842527025,L10_continuous_numeric
0.001,0.0,10.555751316061706,0.35756336839740105,L10_continuous_numeric
0.001,0.0,10.618583169133501,0.3567141527691964,L10_continuous_numeric
0.001,0.0,10.681415022205297,0.360422529909712,L10_continuous_numeric
0.001,0.0,10.744246875277092,0.35543845224795834,L10_continuous_numeric
0.001,0.0,10.807078728348888,0.3589070969069821,L10_continuous_numeric
0.001,0.0,10.869910581420683,0.35641395357207506,L10_continuous_numeric
0.001,0.0,10.932742434492479,0.3512679240651551,L10_continuous_numeric
0.001,0.0,10.995574287564274,0.35366039196769494,L10_continuous_numeric
0.001,0.0,11.058406140636071,0.35002806442862167,L10_continuous_numeric
0.001,0.0,11.121237993707869,0.35321243985119755,L10_continuous_numeric
0.001,0.0,11.184069846779664,0.3493377703081562,L10_continuous_numeric
0.001,0.0,11.24690169985146,0.3528719319162622,L10_continuous_numeric
0.001,0.0,11.309733552923255,0.3499069575892245,L10_continuous_numeric
0.001,0.0,11.37256540599505,0.3511441963100301,L10_continuous_numeric
0.001,0.0,11.435397259066846,0.3459739801256233,L10_continuous_numeric
0.001,0.0,11.498229112138642,0.34600005777633497,L10_continuous_numeric
0.001,0.0,11.561060965210437,0.3474616121613887,L10_continuous_numeric
0.001,0.0,11.623892818282235,0.34781902591718455,L10_continuous_numeric
0.001,0.0,11.68672467135403,0.34574736995591493,L10_continuous_numeric
0.001,0.0,11.749556524425827,0.3456061877819217,L10_continuous_numeric
0.001,0.0,11.812388377497623,0.34686412373728687,L10_continuous_numeric
0.001,0.0,11.875220230569418,0.34440204254889256,L10_continuous_numeric
0.001,0.0,11.938052083641214,0.34562110488323894,L10_continuous_numeric
0.001,0.0,12.00088393671301,0.3434602297765531,L10_continuous_numeric
0.001,0.0,12.063715789784805,0.3444840156976633,L10_continuous_numeric
0.001,0.0,12.1265476428566,0.341456612906197,L10_continuous_numeric
0.001,0.0,12.189379495928398,0.342947454604222,L10_continuous_numeric
0.001,0.0,12.252211349000193,0.3421206584090969,L10_continuous_numeric
0.001,0.0,12.315043202071989,0.34468761292684136,L10_continuous_numeric
0.001,0.0,12.377875055143784,0.3430134005475071,L10_continuous_numeric
0.001,0.0,12.440706908215581,0.3415294583411111,L10_continuous_numeric
0.001,0.0,12.503538761287377,0.33905268622141727,L10_continuous_numeric
0.001,0.0,12.566370614359172,0.33888330322311105,L10_continuous_numeric
0.001,0.0,12.629202467430968,0.3391145903297606,L10_continuous_numeric
0.001,0.0,12.692034320502763,0.33930117344936356,L10_continuous_numeric
0.001,0.0,12.75486617357456,0.33932296890349184,L10_continuous_numeric
0.001,0.0,12.817698026646356,0.33516950997236844,L10_continuous_numeric
0.001,0.0,12.880529879718152,0.3387046083794649,L10_continuous_numeric
0.001,0.0,12.943361732789947,0.34338513191593745,L10_continuous_numeric
0.001,0.0,13.006193585861743,0.3390325394979096,L10_continuous_numeric
0.001,0.0,13.06902543893354,0.34308690238547285,L10_continuous_numeric
0.001,0.0,13.131857292005336,0.3347710092546418,L10_continuous_numeric
0.001,0.0,13.194689145077131,0.34136959344351353,L10_continuous_numeric
0.001,0.0,13.257520998148927,0.33737748229779,L10_continuous_numeric
0.001,0.0,13.320352851220724,0.33660190007629387,L10_continuous_numeric
0.001,0.0,13.38318470429252,0.3384514439735971,L10_continuous_numeric
0.001,0.0,13.446016557364315,0.343220826294301,L10_continuous_numeric
0.001,0.0,13.50884841043611,0.3331664592391104,L10_continuous_numeric
0.001,0.0,13.571680263507906,0.3366265317663362,L10_continuous_numeric
0.001,0.0,13.634512116579701,0.3377880802014735,L10_continuous_numeric
0.001,0.0,13.697343969651497,0.3390507367248846,L10_continuous_numeric
0.001,0.0,13.760175822723294,0.3386171250535839,L10_continuous_numeric
0.001,0.0,13.82300767579509,0.33481100362280447,L10_continuous_numeric
0.001,0.0,13.885839528866887,0.3353350577191619,L10_continuous_numeric
0.001,0.0,13.948671381938683,0.3344546136660213,L10_continuous_numeric
0.001,0.0,14.011503235010478,0.339520733658898,L10_continuous_numeric
0.001,0.0,14.074335088082274,0.3387128366701073,L10_continuous_numeric
0.001,0.0,14.137166941154069,0.33630171783630297,L10_continuous_numeric
0.001,0.0,14.199998794225865,0.3348790567466261,L10_continuous_numeric
0.001,0.0,14.26283064729766,0.33629538787467933,L10_continuous_numeric
0.001,0.0,14.325662500369456,0.33706308871890156,L10_continuous_numeric
0.001,0.0,14.388494353441251,0.3383388083055182,L10_continuous_numeric
0.001,0.0,14.45132620651305,0.33504239906759575,L10_continuous_numeric
0.001,0.0,14.514158059584846,0.334515251207949,L10_continuous_numeric
0.001,0.0,14.576989912656641,0.33983530617152324,L10_continuous_numeric
0.001,0.0,14.639821765728437,0.33979993555308513,L10_continuous_numeric
0.001,0.0,14.702653618800232,0.3414044786633479,L10_continuous_numeric
0.001,0.0,14.765485471872028,0.3388539856885934,L10_continuous_numeric
0.001,0.0,14.828317324943823,0.34017876028234656,L10_continuous_numeric
0.001,0.0,14.891149178015619,0.3389004531638614,L10_continuous_numeric
0.001,0.0,14.953981031087414,0.338531833986912,L10_continuous_numeric
0.001,0.0,15.01681288415921,0.33878826531307726,L10_continuous_numeric
0.001,0.0,15.079644737231005,0.3427238111791738,L10_continuous_numeric
0.001,0.0,15.142476590302804,0.3403620771673161,L10_continuous_numeric
0.001,0.0,15.2053084433746,0.3373226666141493,L10_continuous_numeric
0.001,0.0,15.268140296446395,0.3393681529326732,L10_continuous_numeric
0.001,0.0,15.33097214951819,0.3422085145583613,L10_continuous_numeric
0.001,0.0,15.393804002589986,0.34313792271458365,L10_continuous_numeric
0.001,0.0,15.456635855661782,0.3416084834922296,L10_continuous_numeric
0.001,0.0,15.519467708733577,0.341777022162688,L10_continuous_numeric
0.001,0.0,15.582299561805373,0.3411160803941686,L10_continuous_numeric
0.001,0.0,15.645131414877168,0.3399420901607623,L10_continuous_numeric
0.001,0.0,15.707963267948964,0.34615392776562764,L10_continuous_numeric
0.001,0.0,15.770795121020763,0.3444215953086235,L10_continuous_numeric
0.001,0.0,15.833626974092558,0.34644209697456047,L10_continuous_numeric
0.001,0.0,15.896458827164354,0.34494816530865846,L10_continuous_numeric
0.001,0.0,15.95929068023615,0.3445385614690691,L10_continuous_numeric
0.001,0.0,16.022122533307947,0.3442117499656344,L10_continuous_numeric
0.001,0.0,16.084954386379742,0.3439278070489919,L10_continuous_numeric
0.001,0.0,16.147786239451538,0.3441315894384363,L10_continuous_numeric
0.001,0.0,16.210618092523333,0.347406253366751,L10_continuous_numeric
0.001,0.0,16.27344994559513,0.34421649941140864,L10_continuous_numeric
0.001,0.0,16.336281798666924,0.34800040817942174,L10_continuous_numeric
0.001,0.0,16.39911365173872,0.3468715762732449,L10_continuous_numeric
0.001,0.0,16.461945504810515,0.3463030006428407,L10_continuous_numeric
0.001,0.0,16.524777357882314,0.34989374291832764,L10_continuous_numeric
0.001,0.0,16.58760921095411,0.3524460527445609,L10_continuous_numeric
0.001,0.0,16.650441064025905,0.34736553206654724,L10_continuous_numeric
0.001,0.0,16.7132729170977,0.3459583271451526,L10_continuous_numeric
0.001,0.0,16.776104770169496,0.34950942232360566,L10_continuous_numeric
0.001,0.0,16.838936623241292,0.3500654298546675,L10_continuous_numeric
0.001,0.0,16.901768476313087,0.3535039879287863,L10_continuous_numeric
0.001,0.0,16.964600329384883,0.34843837349044154,L10_continuous_numeric
0.001,0.0,17.02743218245668,0.34937187466359415,L10_continuous_numeric
0.001,0.0,17.090264035528477,0.3524623184950608,L10_continuous_numeric
0.001,0.0,17.153095888600273,0.3530957865729596,L10_continuous_numeric
0.001,0.0,17.21592774167207,0.35400396808150836,L10_continuous_numeric
0.001,0.0,17.278759594743864,0.3506543786670613,L10_continuous_numeric
0.001,0.0,17.34159144781566,0.35516973869105856,L10_continuous_numeric
0.001,0.0,17.404423300887455,0.35436543133384785,L10_continuous_numeric
0.001,0.0,17.46725515395925,0.3540186193817886,L10_continuous_numeric
0.001,0.0,17.530087007031046,0.35300517354163474,L10_continuous_numeric
0.001,0.0,17.59291886010284,0.3561320547897057,L10_continuous_numeric
0.001,0.0,17.655750713174637,0.35731793141139967,L10_continuous_numeric
0.001,0.0,17.718582566246432,0.3576564171545015,L10_continuous_numeric
0.001,0.0,17.78141441931823,0.35587916017860677,L10_continuous_numeric
0.001,0.0,17.844246272390027,0.360055384413274,L10_continuous_numeric
0.001,0.0,17.907078125461823,0.36088455169794464,L10_continuous_numeric
0.001,0.0,17.969909978533618,0.3611087674393669,L10_continuous_numeric
0.001,0.0,18.032741831605414,0.3606700236740855,L10_continuous_numeric
0.001,0.0,18.09557368467721,0.36170614377007726,L10_continuous_numeric
0.001,0.0,18.158405537749005,0.3611797895842011,L10_continuous_numeric
0.001,0.0,18.2212373908208,0.3587327354336906,L10_continuous_numeric
0.001,0.0,18.284069243892596,0.36448301544565453,L10_continuous_numeric
0.001,0.0,18.34690109696439,0.36082332053496324,L10_continuous_numeric
0.001,0.0,18.409732950036187,0.36174902927721536,L10_continuous_numeric
0.001,0.0,18.472564803107986,0.3641332782314875,L10_continuous_numeric
0.001,0.0,18.53539665617978,0.36544703710732945,L10_continuous_numeric
0.001,0.0,18.598228509251577,0.36510990181046665,L10_continuous_numeric
0.001,0.0,18.661060362323372,0.3637417270759447,L10_continuous_numeric
0.001,0.0,18.723892215395168,0.3642289166143865,L10_continuous_numeric
0.001,0.0,18.786724068466963,0.36843997192293243,L10_continuous_numeric
0.001,0.0,18.84955592153876,0.36937313445670045,L10_continuous_numeric
0.001,0.0,18.912387774610554,0.3661253777250099,L10_continuous_numeric
0.001,0.0,18.97521962768235,0.3657272328600175,L10_continuous_numeric
0.001,0.0,19.038051480754145,0.368402052210799,L10_continuous_numeric
0.001,0.0,19.10088333382594,0.36749870538087887,L10_continuous_numeric
0.001,0.0,19.16371518689774,0.37135737226683097,L10_continuous_numeric
0.001,0.0,19.226547039969535,0.36783275705929286,L10_continuous_numeric
0.001,0.0,19.28937889304133,0.3692019154014508,L10_continuous_numeric
0.001,0.0,19.352210746113126,0.37215702861163186,L10_continuous_numeric
0.001,0.0,19.415042599184922,0.37118046047777187,L10_continuous_numeric
0.001,0.0,19.477874452256717,0.3718002821250947,L10_continuous_numeric
0.001,0.0,19.540706305328513,0.3692549436336254,L10_continuous_numeric
0.001,0.0,19.60353815840031,0.37257568744776204,L10_continuous_numeric
0.001,0.0,19.666370011472104,0.37071626030103116,L10_continuous_numeric
0.001,0.0,19.7292018645439,0.3749198473932132,L10_continuous_numeric
0.001,0.0,19.7920337176157,0.37507605533839694,L10_continuous_numeric
0.001,0.0,19.854865570687494,0.3771604485016371,L10_continuous_numeric
0.001,0.0,19.91769742375929,0.380689656321163,L10_continuous_numeric
0.001,0.0,19.980529276831085,0.3786405479001774,L10_continuous_numeric
0.001,0.0,20.04336112990288,0.3804716812641987,L10_continuous_numeric
0.001,0.0,20.106192982974676,0.37998961476032933,L10_continuous_numeric
0.001,0.0,20.16902483604647,0.3787715020351005,L10_continuous_numeric
0.001,0.0,20.231856689118267,0.3805371033903417,L10_continuous_numeric
0.001,0.0,20.294688542190062,0.38065251708502706,L10_continuous_numeric
0.001,0.0,20.357520395261858,0.37530667664619055,L10_continuous_numeric
0.001,0.0,20.420352248333653,0.38155845062002525,L10_continuous_numeric
0.001,0.0,20.48318410140545,0.3842380933672578,L10_continuous_numeric
0.001,0.0,20.546015954477248,0.3816796888862456,L10_continuous_numeric
0.001,0.0,20.60884780754904,0.38474206788441284,L10_continuous_numeric
0.001,0.0,20.67167966062084,0.384886138034541,L10_continuous_numeric
0.001,0.0,20.73451151369263,0.38495155513879814,L10_continuous_numeric
0.001,0.0,20.79734336676443,0.3810113115023261,L10_continuous_numeric
0.001,0.0,20.86017521983623,0.3853577589299168,L10_continuous_numeric
0.001,0.0,20.92300707290802,0.38282138823062223,L10_continuous_numeric
0.001,0.0,20.98583892597982,0.38895471926326314,L10_continuous_numeric
0.001,0.0,21.048670779051612,0.3874838347382179,L10_continuous_numeric
0.001,0.0,21.11150263212341,0.38983787199658226,L10_continuous_numeric
0.001,0.0,21.174334485195203,0.3911553123645503,L10_continuous_numeric
0.001,0.0,21.237166338267002,0.39200810968383926,L10_continuous_numeric
0.001,0.0,21.299998191338794,0.3922322298490765,L10_continuous_numeric
0.001,0.0,21.362830044410593,0.3905452852155936,L10_continuous_numeric
0.001,0.0,21.425661897482385,0.3923380668522077,L10_continuous_numeric
0.001,0.0,21.488493750554184,0.393011226459555,L10_continuous_numeric
0.001,0.0,21.551325603625983,0.3904616752096657,L10_continuous_numeric
0.001,0.0,21.614157456697775,0.39188069880429965,L10_continuous_numeric
0.001,0.0,21.676989309769574,0.39215502958014303,L10_continuous_numeric
0.001,0.0,21.739821162841366,0.3964062467286749,L10_continuous_numeric
0.001,0.0,21.802653015913165,0.39592344485784015,L10_continuous_numeric
0.001,0.0,21.865484868984957,0.3963920979137065,L10_continuous_numeric
0.001,0.0,21.928316722056756,0.39604998240199224,L10_continuous_numeric
0.001,0.0,21.99114857512855,0.3942643929951142,L10_continuous_numeric
0.001,0.0,22.053980428200347,0.3966751121796102,L10_continuous_numeric
0.001,0.0,22.116812281272143,0.39722056827317825,L10_continuous_numeric
0.001,0.0,22.17964413434394,0.397130591891898,L10_continuous_numeric
0.001,0.0,22.242475987415737,0.3993764301729453,L10_continuous_numeric
0.001,0.0,22.30530784048753,0.3998953064554203,L10_continuous_numeric
0.001,0.0,22.36813969355933,0.4007693089277506,L10_continuous_numeric
0.001,0.0,22.43097154663112,0.40303858550893185,L10_continuous_numeric
0.001,0.0,22.49380339970292,0.4008493953211872,L10_continuous_numeric
0.001,0.0,22.55663525277471,0.40466056388838073,L10_continuous_numeric
0.001,0.0,22.61946710584651,0.404229629589818,L10_continuous_numeric
0.001,0.0,22.682298958918306,0.40479103612300504,L10_continuous_numeric
0.001,0.0,22.7451308119901,0.401726414238362,L10_continuous_numeric
0.001,0.0,22.8079626650619,0.40418398130907945,L10_continuous_numeric
0.001,0.0,22.870794518133692,0.40660601494790244,L10_continuous_numeric
0.001,0.0,22.93362637120549,0.4059267663170409,L10_continuous_numeric
0.001,0.0,22.996458224277283,0.4085681948359614,L10_continuous_numeric
0.001,0.0,23.059290077349083,0.407988721250534,L10_continuous_numeric
0.001,0.0,23.122121930420874,0.4072158110474408,L10_continuous_numeric
0.001,0.0,23.184953783492674,0.40773229570197866,L10_continuous_numeric
0.001,0.0,23.24778563656447,0.40914261452634015,L10_continuous_numeric
0.001,0.0,23.310617489636265,0.41236609485802844,L10_continuous_numeric
0.001,0.0,23.37344934270806,0.4087489694128036,L10_continuous_numeric
0.001,0.0,23.436281195779856,0.40924592612682054,L10_continuous_numeric
0.001,0.0,23.499113048851655,0.40953323036396294,L10_continuous_numeric
0.001,0.0,23.561944901923447,0.4131997095804446,L10_continuous_numeric
0.001,0.0,23.624776754995246,0.41435818094508836,L10_continuous_numeric
0.001,0.0,23.687608608067038,0.409179434453371,L10_continuous_numeric
0.001,0.0,23.750440461138837,0.41170602281799795,L10_continuous_numeric
0.001,0.0,23.813272314210632,0.4105909449380638,L10_continuous_numeric
0.001,0.0,23.876104167282428,0.4143607395811995,L10_continuous_numeric
0.001,0.0,23.938936020354223,0.41115937640436195,L10_continuous_numeric
0.001,0.0,24.00176787342602,0.4149857676677835,L10_continuous_numeric
0.001,0.0,24.064599726497814,0.4182558660968782,L10_continuous_numeric
0.001,0.0,24.12743157956961,0.41658087767143837,L10_continuous_numeric
0.001,0.0,24.19026343264141,0.4191802723107145,L10_continuous_numeric
0.001,0.0,24.2530952857132,0.4166866036678816,L10_continuous_numeric
0.001,0.0,24.315927138785,0.41874656530444965,L10_continuous_numeric
0.001,0.0,24.378758991856795,0.4155602877107021,L10_continuous_numeric
0.001,0.0,24.44159084492859,0.41660609872675697,L10_continuous_numeric
0.001,0.0,24.504422698000386,0.42196901401438885,L10_continuous_numeric
0.001,0.0,24.567254551072182,0.42076834753620523,L10_continuous_numeric
0.001,0.0,24.630086404143977,0.42056383296986477,L10_continuous_numeric
0.001,0.0,24.692918257215773,0.4211780197226136,L10_continuous_numeric
0.001,0.0,24.75575011028757,0.41992137993644313,L10_continuous_numeric
0.001,0.0,24.818581963359364,0.42130978667342844,L10_continuous_numeric
0.001,0.0,24.881413816431163,0.4242097076576281,L10_continuous_numeric
0.001,0.0,24.94424566950296,0.4262408759151074,L10_continuous_numeric
0.001,0.0,25.007077522574754,0.4213742026368973,L10_continuous_numeric
0.001,0.0,25.06990937564655,0.42202236900044715,L10_continuous_numeric
0.001,0.0,25.132741228718345,0.4242518810339678,L10_continuous_numeric
0.001,0.0,25.19557308179014,0.4251305367307702,L10_continuous_numeric
0.001,0.0,25.258404934861936,0.4283823721710153,L10_continuous_numeric
0.001,0.0,25.32123678793373,0.4269313991323056,L10_continuous_numeric
0.001,0.0,25.384068641005527,0.4281971152865219,L10_continuous_numeric
0.001,0.0,25.446900494077322,0.4273403108004601,L10_continuous_numeric
0.001,0.0,25.50973234714912,0.4255664444857855,L10_continuous_numeric
0.001,0.0,25.572564200220917,0.4287237015641775,L10_continuous_numeric
0.001,0.0,25.635396053292713,0.42974712871574944,L10_continuous_numeric
0.001,0.0,25.698227906364508,0.42825727445360023,L10_continuous_numeric
0.001,0.0,25.761059759436304,0.4309675266540285,L10_continuous_numeric
0.001,0.0,25.8238916125081,0.42941113953660726,L10_continuous_numeric
0.001,0.0,25.886723465579895,0.4335473691191543,L10_continuous_numeric
0.001,0.0,25.94955531865169,0.4339988387806573,L10_continuous_numeric
0.001,0.0,26.012387171723486,0.4334688373185634,L10_continuous_numeric
0.001,0.0,26.075219024795285,0.4335902937192279,L10_continuous_numeric
0.001,0.0,26.13805087786708,0.4325771267748499,L10_continuous_numeric
0.001,0.0,26.200882730938876,0.43661622196055383,L10_continuous_numeric
0.001,0.0,26.26371458401067,0.43648013699100807,L10_continuous_numeric
0.001,0.0,26.326546437082467,0.4353432154208112,L10_continuous_numeric
0.001,0.0,26.389378290154262,0.43677948107197534,L10_continuous_numeric
0.001,0.0,26.452210143226058,0.43728039706242916,L10_continuous_numeric
0.001,0.0,26.515041996297853,0.4373740361066361,L10_continuous_numeric
0.001,0.0,26.57787384936965,0.4347856430773286,L10_continuous_numeric
0.001,0.0,26.640705702441448,0.43876104905915936,L10_continuous_numeric
0.001,0.0,26.70353755551324,0.4369282043332538,L10_continuous_numeric
0.001,0.0,26.76636940858504,0.44077216860506985,L10_continuous_numeric
0.001,0.0,26.829201261656834,0.43793635579294715,L10_continuous_numeric
0.001,0.0,26.89203311472863,0.43915031231959273,L10_continuous_numeric
0.001,0.0,26.954864967800425,0.44507614546863566,L10_continuous_numeric
0.001,0.0,27.01769682087222,0.43739653473010054,L10_continuous_numeric
0.001,0.0,27.080528673944016,0.4417240526929428,L10_continuous_numeric
0.001,0.0,27.143360527015812,0.4400917173742121,L10_continuous_numeric
0.001,0.0,27.20619238008761,0.44624188874780285,L10_continuous_numeric
0.001,0.0,27.269024233159403,0.44303965609547413,L10_continuous_numeric
0.001,0.0,27.331856086231202,0.4434769223555881,L10_continuous_numeric
0.001,0.0,27.394687939302994,0.44529765074640304,L10_continuous_numeric
0.001,0.0,27.457519792374793,0.44471665019717127,L10_continuous_numeric
0.001,0.0,27.52035164544659,0.4448446187151154,L10_continuous_numeric
0.001,0.0,27.583183498518384,0.44431197184966553,L10_continuous_numeric
0.001,0.0,27.64601535159018,0.4434343307657691,L10_continuous_numeric
0.001,0.0,27.708847204661975,0.44624863800131226,L10_continuous_numeric
0.001,0.0,27.771679057733774,0.44415772533825165,L10_continuous_numeric
0.001,0.0,27.834510910805566,0.44878714734491093,L10_continuous_numeric
0.001,0.0,27.897342763877365,0.44692708227339045,L10_continuous_numeric
0.001,0.0,27.960174616949157,0.45018808395077115,L10_continuous_numeric
0.001,0.0,28.023006470020956,0.4493428703533783,L10_continuous_numeric
0.001,0.0,28.085838323092748,0.44761183993831744,L10_continuous_numeric
0.001,0.0,28.148670176164547,0.4506310388299627,L10_continuous_numeric
0.001,0.0,28.211502029236343,0.4500877185122033,L10_continuous_numeric
0.001,0.0,28.274333882308138,0.45030636080438907,L10_continuous_numeric
0.001,0.0,28.337165735379937,0.44918489653407767,L10_continuous_numeric
0.001,0.0,28.39999758845173,0.45345761053441297,L10_continuous_numeric
0.001,0.0,28.462829441523528,0.45007127088856397,L10_continuous_numeric
0.001,0.0,28.52566129459532,0.45432611066898193,L10_continuous_numeric
0.001,0.0,28.58849314766712,0.453257656641292,L10_continuous_numeric
0.001,0.0,28.65132500073891,0.45511830274784076,L10_continuous_numeric
0.001,0.0,28.71415685381071,0.454343009972536,L10_continuous_numeric
0.001,0.0,28.776988706882502,0.45445950221369286,L10_continuous_numeric
0.001,0.0,28.8398205599543,0.4526126876157812,L10_continuous_numeric
0.001,0.0,28.9026524130261,0.4556087427649194,L10_continuous_numeric
0.001,0.0,28.965484266097892,0.45510159168990505,L10_continuous_numeric
0.001,0.0,29.02831611916969,0.4547575701385629,L10_continuous_numeric
0.001,0.0,29.091147972241483,0.4602020989544707,L10_continuous_numeric
0.001,0.0,29.153979825313282,0.4566691416918039,L10_continuous_numeric
0.001,0.0,29.216811678385074,0.45426674895620367,L10_continuous_numeric
0.001,0.0,29.279643531456873,0.455789008379006,L10_continuous_numeric
0.001,0.0,29.342475384528665,0.4593761425323196,L10_continuous_numeric
0.001,0.0,29.405307237600464,0.45871881064789766,L10_continuous_numeric
0.001,0.0,29.468139090672256,0.4589410903417786,L10_continuous_numeric
0.001,0.0,29.530970943744055,0.4604599812143161,L10_continuous_numeric
0.001,0.0,29.593802796815854,0.4604356830706181,L10_continuous_numeric
0.001,0.0,29.656634649887646,0.46190844674424153,L10_continuous_numeric
0.001,0.0,29.719466502959445,0.460198826192016,L10_continuous_numeric
0.001,0.0,29.782298356031237,0.46028887424639314,L10_continuous_numeric
0.001,0.0,29.845130209103036,0.46303950134115246,L10_continuous_numeric
0.001,0.0,29.90796206217483,0.4619454799478797,L10_continuous_numeric
0.001,0.0,29.970793915246627,0.46277201720081873,L10_continuous_numeric
0.001,0.0,30.03362576831842,0.4619094692939527,L10_continuous_numeric
0.001,0.0,30.09645762139022,0.4611241158766912,L10_continuous_numeric
0.001,0.0,30.15928947446201,0.4657403326471284,L10_continuous_numeric
0.001,0.0,30.22212132753381,0.46603123081639924,L10_continuous_numeric
0.001,0.0,30.28495318060561,0.4665547217580647,L10_continuous_numeric
0.001,0.0,30.3477850336774,0.46180145056942856,L10_continuous_numeric
0.001,0.0,30.4106168867492,0.464061441838894,L10_continuous_numeric
0.001,0.0,30.47344873982099,0.46294913348698585,L10_continuous_numeric
0.001,0.0,30.53628059289279,0.46546377726192,L10_continuous_numeric
0.001,0.0,30.599112445964582,0.4663408620409029,L10_continuous_numeric
0.001,0.0,30.66194429903638,0.4633334607205648,L10_continuous_numeric
0.001,0.0,30.724776152108173,0.4656495935834844,L10_continuous_numeric
0.001,0.0,30.787608005179973,0.46459641977088956,L10_continuous_numeric
0.001,0.0,30.85043985825177,0.4674744665860125,L10_continuous_numeric
0.001,0.0,30.913271711323564,0.46795151169897137,L10_continuous_numeric
0.001,0.0,30.976103564395363,0.46274420243281544,L10_continuous_numeric
0.001,0.0,31.038935417467155,0.470421549375376,L10_continuous_numeric
0.001,0.0,31.101767270538954,0.46829161965286126,L10_continuous_numeric
0.001,0.0,31.164599123610746,0.46703745388576373,L10_continuous_numeric
0.001,0.0,31.227430976682545,0.46918850709426735,L10_continuous_numeric
0.001,0.0,31.290262829754337,0.47096820369989784,L10_continuous_numeric
0.001,0.0,31.353094682826136,0.4700282864357373,L10_continuous_numeric
0.001,0.0,31.415926535897928,0.4721972872370471,L10_continuous_numeric
0.001,0.0,31.478758388969727,0.4712996213067878,L10_continuous_numeric
0.001,0.0,31.541590242041526,0.4700900178132123,L10_continuous_numeric
0.001,0.0,31.604422095113318,0.47171432554154974,L10_continuous_numeric
0.001,0.0,31.667253948185117,0.4732225433895057,L10_continuous_numeric
0.001,0.0,31.73008580125691,0.4719946963920232,L10_continuous_numeric
0.001,0.0,31.792917654328708,0.4724693877085233,L10_continuous_numeric
0.001,0.0,31.8557495074005,0.47006503372314723,L10_continuous_numeric
0.001,0.0,31.9185813604723,0.4712240792886063,L10_continuous_numeric
0.001,0.0,31.98141321354409,0.474383162577839,L10_continuous_numeric
0.001,0.0,32.04424506661589,0.47347477335373594,L10_continuous_numeric
0.001,0.0,32.107076919687685,0.47727969094666056,L10_continuous_numeric
0.001,0.0,32.169908772759484,0.47470366881816517,L10_continuous_numeric
0.001,0.0,32.232740625831276,0.47949521088749514,L10_continuous_numeric
0.001,0.0,32.295572478903075,0.4793976882183628,L10_continuous_numeric
0.001,0.0,32.35840433197487,0.48274043322563104,L10_continuous_numeric
0.001,0.0,32.421236185046666,0.4857498308669716,L10_continuous_numeric
0.001,0.0,32.484068038118465,0.48554504894674094,L10_continuous_numeric
0.001,0.0,32.54689989119026,0.4844385391965812,L10_continuous_numeric
0.001,0.0,32.60973174426206,0.48664975915524367,L10_continuous_numeric
0.001,0.0,32.67256359733385,0.4880905494543489,L10_continuous_numeric
0.001,0.0,32.73539545040565,0.48658389958478443,L10_continuous_numeric
0.001,0.0,32.79822730347744,0.4948838006604119,L10_continuous_numeric
0.001,0.0,32.86105915654924,0.49533849330889135,L10_continuous_numeric
0.001,0.0,32.92389100962103,0.4946383666336607,L10_continuous_numeric
0.001,0.0,32.98672286269283,0.49784367875846514,L10_continuous_numeric
0.001,0.0,33.04955471576463,0.4981857822573749,L10_continuous_numeric
0.001,0.0,33.11238656883642,0.4959951638879859,L10_continuous_numeric
0.001,0.0,33.17521842190822,0.5030972880040513,L10_continuous_numeric
0.001,0.0,33.23805027498001,0.4984078058436356,L10_continuous_numeric
0.001,0.0,33.30088212805181,0.5007889018301099,L10_continuous_numeric
0.001,0.0,33.3637139811236,0.5018761866622612,L10_continuous_numeric
0.001,0.0,33.4265458341954,0.5015587524950729,L10_continuous_numeric
0.001,0.0,33.48937768726719,0.5045815856935301,L10_continuous_numeric
0.001,0.0,33.55220954033899,0.5033657407594334,L10_continuous_numeric
0.001,0.0,33.61504139341079,0.504940942507521,L10_continuous_numeric
0.001,0.0,33.677873246482584,0.5076221268234805,L10_continuous_numeric
0.001,0.0,33.74070509955438,0.5088544602941226,L10_continuous_numeric
0.001,0.0,33.803536952626175,0.5116045812671062,L10_continuous_numeric
0.001,0.0,33.866368805697974,0.5101406761049263,L10_continuous_numeric
0.001,0.0,33.929200658769766,0.5111053693931068,L10_continuous_numeric
0.001,0.0,33.992032511841565,0.5139080003229878,L10_continuous_numeric
0.001,0.0,34.05486436491336,0.5135402454694878,L10_continuous_numeric
0.001,0.0,34.117696217985156,0.5096316518655912,L10_continuous_numeric
0.001,0.0,34.180528071056955,0.511708090410734,L10_continuous_numeric
0.001,0.0,34.24335992412875,0.5166815868882525,L10_continuous_numeric
0.001,0.0,34.306191777200546,0.5171414571205187,L10_continuous_numeric
0.001,0.0,34.36902363027234,0.5172883358841686,L10_continuous_numeric
0.001,0.0,34.43185548334414,0.5133006568540782,L10_continuous_numeric
0.001,0.0,34.49468733641593,0.522273544084549,L10_continuous_numeric
0.001,0.0,34.55751918948773,0.5177257643478155,L10_continuous_numeric
0.001,0.0,34.62035104255952,0.5180544896301691,L10_continuous_numeric
0.001,0.0,34.68318289563132,0.514487942339233,L10_continuous_numeric
0.001,0.0,34.74601474870311,0.5260487024440791,L10_continuous_numeric
0.001,0.0,34.80884660177491,0.5239926631887787,L10_continuous_numeric
0.001,0.0,34.87167845484671,0.5206052434961405,L10_continuous_numeric
0.001,0.0,34.9345103079185,0.5260862825951478,L10_continuous_numeric
0.001,0.0,34.9973421609903,0.5274045274158914,L10_continuous_numeric
0.001,0.0,35.06017401406209,0.5253544263730741,L10_continuous_numeric
0.001,0.0,35.12300586713389,0.5267365495772507,L10_continuous_numeric
0.001,0.0,35.18583772020568,0.5303135539279789,L10_continuous_numeric
0.001,0.0,35.24866957327748,0.5226243737136592,L10_continuous_numeric
0.001,0.0,35.311501426349274,0.527190267762625,L10_continuous_numeric
0.001,0.0,35.37433327942107,0.528731350816393,L10_continuous_numeric
0.001,0.0,35.437165132492865,0.5305553608243493,L10_continuous_numeric
0.001,0.0,35.499996985564664,0.5327095212267311,L10_continuous_numeric
0.001,0.0,35.56282883863646,0.5358300065364103,L10_continuous_numeric
0.001,0.0,35.625660691708255,0.5331423931504294,L10_continuous_numeric
0.001,0.0,35.688492544780054,0.5345865729396646,L10_continuous_numeric
0.001,0.0,35.751324397851846,0.5355038067794051,L10_continuous_numeric
0.001,0.0,35.814156250923645,0.5380476431367899,L10_continuous_numeric
0.001,0.0,35.87698810399544,0.5335520447136402,L10_continuous_numeric
0.001,0.0,35.939819957067236,0.535208549768589,L10_continuous_numeric
0.001,0.0,36.00265181013903,0.5355819353480983,L10_continuous_numeric
0.001,0.0,36.06548366321083,0.5343137989742167,L10_continuous_numeric
0.001,0.0,36.12831551628262,0.5392791481921079,L10_continuous_numeric
0.001,0.0,36.19114736935442,0.538394424446415,L10_continuous_numeric
0.001,0.0,36.25397922242622,0.5358990112013347,L10_continuous_numeric
0.001,0.0,36.31681107549801,0.540345520867323,L10_continuous_numeric
0.001,0.0,36.37964292856981,0.5414207781481674,L10_continuous_numeric
0.001,0.0,36.4424747816416,0.5367132518456661,L10_continuous_numeric
0.001,0.0,36.5053066347134,0.5363515368144602,L10_continuous_numeric
0.001,0.0,36.56813848778519,0.5428739095812266,L10_continuous_numeric
0.001,0.0,36.63097034085699,0.5377736025668585,L10_continuous_numeric
0.001,0.0,36.69380219392878,0.5403449082994457,L10_continuous_numeric
0.001,0.0,36.75663404700058,0.5383430221064504,L10_continuous_numeric
0.001,0.0,36.81946590007237,0.5409997535111937,L10_continuous_numeric
0.001,0.0,36.88229775314417,0.5405613019107163,L10_continuous_numeric
0.001,0.0,36.94512960621597,0.5477788754406755,L10_continuous_numeric
0.001,0.0,37.00796145928776,0.5470596894588572,L10_continuous_numeric
0.001,0.0,37.07079331235956,0.5423751530283938,L10_continuous_numeric
0.001,0.0,37.133625165431354,0.5455884013747824,L10_continuous_numeric
0.001,0.0,37.19645701850315,0.5450618142151314,L10_continuous_numeric
0.001,0.0,37.259288871574945,0.544621988815768,L10_continuous_numeric
0.001,0.0,37.322120724646744,0.553988815930835,L10_continuous_numeric
0.001,0.0,37.384952577718536,0.5491320551989657,L10_continuous_numeric
0.001,0.0,37.447784430790335,0.5461564342185955,L10_continuous_numeric
0.001,0.0,37.51061628386213,0.5505393204361517,L10_continuous_numeric
0.001,0.0,37.573448136933926,0.5526437115021705,L10_continuous_numeric
0.001,0.0,37.636279990005725,0.5481240669998714,L10_continuous_numeric
0.001,0.0,37.69911184307752,0.5476878455747198,L10_continuous_numeric
0.001,0.0,37.76194369614932,0.5541239664676347,L10_continuous_numeric
0.001,0.0,37.82477554922111,0.5579732752669151,L10_continuous_numeric
0.001,0.0,37.88760740229291,0.5508811425241584,L10_continuous_numeric
0.001,0.0,37.9504392553647,0.5491343718055075,L10_continuous_numeric
0.001,0.0,38.0132711084365,0.5524458056937631,L10_continuous_numeric
0.001,0.0,38.07610296150829,0.5490431589258384,L10_continuous_numeric
0.001,0.0,38.13893481458009,0.5567567422011834,L10_continuous_numeric
0.001,0.0,38.20176666765188,0.5549650918028727,L10_continuous_numeric
0.001,0.0,38.26459852072368,0.5544688704172523,L10_continuous_numeric
0.001,0.0,38.32743037379548,0.5512900699173992,L10_continuous_numeric
0.001,0.0,38.39026222686727,0.5630677470773805,L10_continuous_numeric
0.001,0.0,38.45309407993907,0.5650022665761423,L10_continuous_numeric
0.001,0.0,38.51592593301086,0.5600170028014285,L10_continuous_numeric
0.001,0.0,38.57875778608266,0.5555882947341156,L10_continuous_numeric
0.001,0.0,38.64158963915445,0.562236966126687,L10_continuous_numeric
0.001,0.0,38.70442149222625,0.5614320500303984,L10_continuous_numeric
0.001,0.0,38.767253345298045,0.55600899027472,L10_continuous_numeric
0.001,0.0,38.830085198369844,0.5587048330765948,L10_continuous_numeric
0.001,0.0,38.89291705144164,0.5624509893324744,L10_continuous_numeric
0.001,0.0,38.955748904513435,0.5599482932717557,L10_continuous_numeric
0.001,0.0,39.018580757585234,0.5617175617225042,L10_continuous_numeric
0.001,0.0,39.081412610657026,0.5609772733425301,L10_continuous_numeric
0.001,0.0,39.144244463728825,0.5603004002284081,L10_continuous_numeric
0.001,0.0,39.20707631680062,0.5668861155780894,L10_continuous_numeric
0.001,0.0,39.269908169872416,0.5620918974046494,L10_continuous_numeric
0.001,0.0,39.33274002294421,0.5567803894078844,L10_continuous_numeric
0.001,0.0,39.39557187601601,0.5648609475752219,L10_continuous_numeric
0.001,0.0,39.4584037290878,0.5631689129847273,L10_continuous_numeric
0.001,0.0,39.5212355821596,0.570127933994301,L10_continuous_numeric
0.001,0.0,39.5840674352314,0.5594706547632037,L10_continuous_numeric
0.001,0.0,39.64689928830319,0.5556269233357588,L10_continuous_numeric
0.001,0.0,39.70973114137499,0.5639804491277417,L10_continuous_numeric
0.001,0.0,39.77256299444678,0.5670907909628514,L10_continuous_numeric
0.001,0.0,39.83539484751858,0.5660739155757076,L10_continuous_numeric
0.001,0.0,39.89822670059037,0.5681729459848943,L10_continuous_numeric
0.001,0.0,39.96105855366217,0.5632265599084105,L10_continuous_numeric
0.001,0.0,40.02389040673396,0.5680885121466258,L10_continuous_numeric
0.001,0.0,40.08672225980576,0.5668350838438613,L10_continuous_numeric
0.001,0.0,40.14955411287755,0.566218250082231,L10_continuous_numeric
0.001,0.0,40.21238596594935,0.5761385017972939,L10_continuous_numeric
0.001,0.0,40.27521781902115,0.5714705793531543,L10_continuous_numeric
0.001,0.0,40.33804967209294,0.560647512712828,L10_continuous_numeric
0.001,0.0,40.40088152516474,0.5663424030266931,L10_continuous_numeric
0.001,0.0,40.463713378236534,0.564358689593609,L10_continuous_numeric
0.001,0.0,40.52654523130833,0.5793598344526316,L10_continuous_numeric
0.001,0.0,40.589377084380125,0.5809353804638321,L10_continuous_numeric
0.001,0.0,40.652208937451924,0.5675689753460289,L10_continuous_numeric
0.001,0.0,40.715040790523716,0.5676901376674209,L10_continuous_numeric
0.001,0.0,40.777872643595515,0.5684870084556274,L10_continuous_numeric
0.001,0.0,40.84070449666731,0.5720184987782906,L10_continuous_numeric
0.001,0.0,40.903536349739106,0.5665927551069416,L10_continuous_numeric
0.001,0.0,40.9663682028109,0.569289994283559,L10_continuous_numeric
0.001,0.0,41.029200055882704,0.5738060562732834,L10_continuous_numeric
0.001,0.0,41.092031908954496,0.5733281556438443,L10_continuous_numeric
0.001,0.0,41.15486376202629,0.5648105697617433,L10_continuous_numeric
0.001,0.0,41.21769561509808,0.5653084755682725,L10_continuous_numeric
0.001,0.0,41.280527468169886,0.5734502246274018,L10_continuous_numeric
0.001,0.0,41.34335932124168,0.5685400156107813,L10_continuous_numeric
0.001,0.0,41.40619117431347,0.577988852971241,L10_continuous_numeric
0.001,0.0,41.46902302738526,0.5683468145186831,L10_continuous_numeric
0.001,0.0,41.53185488045707,0.5673098005081946,L10_continuous_numeric
0.001,0.0,41.59468673352886,0.5669306694343691,L10_continuous_numeric
0.001,0.0,41.65751858660065,0.5860622997668161,L10_continuous_numeric
0.001,0.0,41.72035043967246,0.5753967414784835,L10_continuous_numeric
0.001,0.0,41.78318229274425,0.5710748903534385,L10_continuous_numeric
0.001,0.0,41.84601414581604,0.5752244636576871,L10_continuous_numeric
0.001,0.0,41.908845998887834,0.5765655410602755,L10_continuous_numeric
0.001,0.0,41.97167785195964,0.5816199080005103,L10_continuous_numeric
0.001,0.0,42.03450970503143,0.5739356658737539,L10_continuous_numeric
0.001,0.0,42.097341558103224,0.5764768923364577,L10_continuous_numeric
0.001,0.0,42.160173411175016,0.569729040402078,L10_continuous_numeric
0.001,0.0,42.22300526424682,0.583701531135112,L10_continuous_numeric
0.001,0.0,42.285837117318614,0.5745774629988083,L10_continuous_numeric
0.001,0.0,42.348668970390406,0.5862470845421925,L10_continuous_numeric
0.001,0.0,42.41150082346221,0.5801818028290151,L10_continuous_numeric
0.001,0.0,42.474332676534004,0.5861454047827075,L10_continuous_numeric
0.001,0.0,42.537164529605796,0.5791077120266492,L10_continuous_numeric
0.001,0.0,42.59999638267759,0.5741570153882546,L10_continuous_numeric
0.001,0.0,42.662828235749394,0.5747947648911926,L10_continuous_numeric
0.001,0.0,42.725660088821186,0.5822687219185152,L10_continuous_numeric
0.001,0.0,42.78849194189298,0.5843332186095623,L10_continuous_numeric
0.001,0.0,42.85132379496477,0.5833037319124514,L10_continuous_numeric
0.001,0.0,42.91415564803658,0.5852237996991031,L10_continuous_numeric
0.001,0.0,42.97698750110837,0.5835687374204849,L10_continuous_numeric
0.001,0.0,43.03981935418016,0.5791267107535443,L10_continuous_numeric
0.001,0.0,43.10265120725197,0.5784224995392931,L10_continuous_numeric
0.001,0.0,43.16548306032376,0.5808014505890744,L10_continuous_numeric
0.001,0.0,43.22831491339555,0.5805021604854665,L10_continuous_numeric
0.001,0.0,43.29114676646734,0.5687308517392993,L10_continuous_numeric
0.001,0.0,43.35397861953915,0.5792167289252496,L10_continuous_numeric
0.001,0.0,43.41681047261094,0.5841202453852541,L10_continuous_numeric
0.001,0.0,43.47964232568273,0.5739817840915775,L10_continuous_numeric
0.001,0.0,43.54247417875453,0.5749389296893589,L10_continuous_numeric
0.001,0.0,43.60530603182633,0.5822956711871313,L10_continuous_numeric
0.001,0.0,43.66813788489812,0.5908639483525134,L10_continuous_numeric
0.001,0.0,43.730969737969914,0.5707147161972588,L10_continuous_numeric
0.001,0.0,43.79380159104172,0.583757796420974,L10_continuous_numeric
0.001,0.0,43.85663344411351,0.5892985982727247,L10_continuous_numeric
0.001,0.0,43.919465297185305,0.5759061473305493,L10_continuous_numeric
0.001,0.0,43.9822971502571,0.5680135082541298,L10_continuous_numeric
0.001,0.0,44.0451290033289,0.6043552111269257,L10_continuous_numeric
0.001,0.0,44.107960856400695,0.5887728309754605,L10_continuous_numeric
0.001,0.0,44.17079270947249,0.5949095698548899,L10_continuous_numeric
0.001,0.0,44.233624562544286,0.5984440440801162,L10_continuous_numeric
0.001,0.0,44.296456415616085,0.5984780945358428,L10_continuous_numeric
0.001,0.0,44.35928826868788,0.5638665748776521,L10_continuous_numeric
0.001,0.0,44.42212012175967,0.5953288447423509,L10_continuous_numeric
0.001,0.0,44.484951974831475,0.5602901432681818,L10_continuous_numeric
0.001,0.0,44.54778382790327,0.5726988918179485,L10_continuous_numeric
0.001,0.0,44.61061568097506,0.5790103682623662,L10_continuous_numeric
0.001,0.0,44.67344753404686,0.5876944973783905,L10_continuous_numeric
0.001,0.0,44.73627938711866,0.5581002718390932,L10_continuous_numeric
0.001,0.0,44.79911124019045,0.5973355197246799,L10_continuous_numeric
0.001,0.0,44.86194309326224,0.5969967200407733,L10_continuous_numeric
0.001,0.0,44.92477494633405,0.5587441669560526,L10_continuous_numeric
0.001,0.0,44.98760679940584,0.5713876859837883,L10_continuous_numeric
0.001,0.0,45.05043865247763,0.5464116819863822,L10_continuous_numeric
0.001,0.0,45.11327050554942,0.6195957121402239,L10_continuous_numeric
0.001,0.0,45.17610235862123,0.6032832874010604,L10_continuous_numeric
0.001,0.0,45.23893421169302,0.6198433100346896,L10_continuous_numeric
0.001,0.0,45.30176606476481,0.5704076813372501,L10_continuous_numeric
0.001,0.0,45.36459791783661,0.5910102059731555,L10_continuous_numeric
0.001,0.0,45.42742977090841,0.545933481522599,L10_continuous_numeric
0.001,0.0,45.4902616239802,0.5573781672202305,L10_continuous_numeric
0.001,0.0,0.06283185307179587,0.05511623608975853,initial_noise_numeric
0.001,0.0,0.12566370614359174,0.054163854692944796,initial_noise_numeric
0.001,0.0,0.18849555921538758,0.05595599245441897,initial_noise_numeric
0.001,0.0,0.25132741228718347,0.05744238734093627,initial_noise_numeric
0.001,0.0,0.3141592653589793,0.05772051725572442,initial_noise_numeric
0.001,0.0,0.37699111843077515,0.05609798435613928,initial_noise_numeric
0.001,0.0,0.43982297150257105,0.055248785735840696,initial_noise_numeric
0.001,0.0,0.5026548245743669,0.05671824997085918,initial_noise_numeric
0.001,0.0,0.5654866776461628,0.05672133797716307,initial_noise_numeric
0.001,0.0,0.6283185307179586,0.05381963131568728,initial_noise_numeric
0.001,0.0,0.6911503837897545,0.056217694712355215,initial_noise_numeric
0.001,0.0,0.7539822368615503,0.05591049322453508,initial_noise_numeric
0.001,0.0,0.8168140899333463,0.056005125133757605,initial_noise_numeric
0.001,0.0,0.8796459430051421,0.05668258379197101,initial_noise_numeric
0.001,0.0,0.9424777960769378,0.05658257290354307,initial_noise_numeric
0.001,0.0,1.0053096491487339,0.05573715836628921,initial_noise_numeric
0.001,0.0,1.0681415022205298,0.05620548203117475,initial_noise_numeric
0.001,0.0,1.1309733552923256,0.056587697299614506,initial_noise_numeric
0.001,0.0,1.1938052083641213,0.05553715744828724,initial_noise_numeric
0.001,0.0,1.2566370614359172,0.05718391830871401,initial_noise_numeric
0.001,0.0,1.3194689145077132,0.056814894629805913,initial_noise_numeric
0.001,0.0,1.382300767579509,0.056600221892526614,initial_noise_numeric
0.001,0.0,1.4451326206513047,0.056181268035344234,initial_noise_numeric
0.001,0.0,1.5079644737231006,0.05600678635006118,initial_noise_numeric
0.001,0.0,1.5707963267948966,0.055521565934996485,initial_noise_numeric
0.001,0.0,1.6336281798666925,0.05488967696043884,initial_noise_numeric
0.001,0.0,1.6964600329384882,0.056588476869008204,initial_noise_numeric
0.001,0.0,1.7592918860102842,0.055538580076299665,initial_noise_numeric
0.001,0.0,1.8221237390820801,0.05575959277234432,initial_noise_numeric
0.001,0.0,1.8849555921538756,0.05515807284236934,initial_noise_numeric
0.001,0.0,1.9477874452256716,0.05585715145339464,initial_noise_numeric
0.001,0.0,2.0106192982974678,0.0547820422131209,initial_noise_numeric
0.001,0.0,2.0734511513692637,0.055473596885635114,initial_noise_numeric
0.001,0.0,2.1362830044410597,0.05500108208891984,initial_noise_numeric
0.001,0.0,2.199114857512855,0.05501479256495626,initial_noise_numeric
0.001,0.0,2.261946710584651,0.054980362882799505,initial_noise_numeric
0.001,0.0,2.324778563656447,0.05445812322658106,initial_noise_numeric
0.001,0.0,2.3876104167282426,0.05446459328530181,initial_noise_numeric
0.001,0.0,2.4504422698000385,0.05376136465497772,initial_noise_numeric
0.001,0.0,2.5132741228718345,0.05454963117444125,initial_noise_numeric
0.001,0.0,2.57610597594363,0.05472755569556589,initial_noise_numeric
0.001,0.0,2.6389378290154264,0.05436918639030668,initial_noise_numeric
0.001,0.0,2.701769682087222,0.053802938046555136,initial_noise_numeric
0.001,0.0,2.764601535159018,0.05320616611979215,initial_noise_numeric
0.001,0.0,2.827433388230814,0.0532715475696384,initial_noise_numeric
0.001,0.0,2.8902652413026093,0.052578016283136186,initial_noise_numeric
0.001,0.0,2.9530970943744057,0.052596076165435476,initial_noise_numeric
0.001,0.0,3.015928947446201,0.052085757417036485,initial_noise_numeric
0.001,0.0,3.078760800517997,0.05174065780779384,initial_noise_numeric
0.001,0.0,3.141592653589793,0.051033985031482834,initial_noise_numeric
0.001,0.0,3.204424506661589,0.05041029830723824,initial_noise_numeric
0.001,0.0,3.267256359733385,0.0505490929190144,initial_noise_numeric
0.001,0.0,3.330088212805181,0.04961143104418789,initial_noise_numeric
0.001,0.0,3.3929200658769765,0.04967361373147353,initial_noise_numeric
0.001,0.0,3.4557519189487724,0.048638960183769404,initial_noise_numeric
0.001,0.0,3.5185837720205684,0.04816048293395699,initial_noise_numeric
0.001,0.0,3.581415625092364,0.04832154010971609,initial_noise_numeric
0.001,0.0,3.6442474781641603,0.047127849147718795,initial_noise_numeric
0.001,0.0,3.707079331235956,0.04702129485605725,initial_noise_numeric
0.001,0.0,3.7699111843077513,0.04581936064751316,initial_noise_numeric
0.001,0.0,3.8327430373795477,0.04551919569768758,initial_noise_numeric
0.001,0.0,3.895574890451343,0.04485537650176753,initial_noise_numeric
0.001,0.0,3.9584067435231396,0.044188116879509784,initial_noise_numeric
0.001,0.0,4.0212385965949355,0.043585609097011646,initial_noise_numeric
0.001,0.0,4.084070449666731,0.043299145886502494,initial_noise_numeric
0.001,0.0,4.1469023027385274,0.04215982886917093,initial_noise_numeric
0.001,0.0,4.209734155810323,0.04119163601125111,initial_noise_numeric
0.001,0.0,4.272566008882119,0.04025359214071075,initial_noise_numeric
0.001,0.0,4.335397861953915,0.03962640379697933,initial_noise_numeric
0.001,0.0,4.39822971502571,0.038688722151714615,initial_noise_numeric
0.001,0.0,4.461061568097507,0.038111546828799296,initial_noise_numeric
0.001,0.0,4.523893421169302,0.037287082869721315,initial_noise_numeric
0.001,0.0,4.586725274241098,0.036074702698695456,initial_noise_numeric
0.001,0.0,4.649557127312894,0.03563226954935311,initial_noise_numeric
0.001,0.0,4.71238898038469,0.0342321108640669,initial_noise_numeric
0.001,0.0,4.775220833456485,0.033938860779985314,initial_noise_numeric
0.001,0.0,4.838052686528282,0.03274238359231168,initial_noise_numeric
0.001,0.0,4.900884539600077,0.03164287451234506,initial_noise_numeric
0.001,0.0,4.9637163926718735,0.03131207323092561,initial_noise_numeric
0.001,0.0,5.026548245743669,0.029863684811536305,initial_noise_numeric
0.001,0.0,5.0893800988154645,0.029410313732571886,initial_noise_numeric
0.001,0.0,5.15221195188726,0.028191094561408045,initial_noise_numeric
0.001,0.0,5.215043804959057,0.02745892967515732,initial_noise_numeric
0.001,0.0,5.277875658030853,0.02635021795268698,initial_noise_numeric
0.001,0.0,5.340707511102648,0.025392584408653524,initial_noise_numeric
0.001,0.0,5.403539364174444,0.024335928201480377,initial_noise_numeric
0.001,0.0,5.466371217246239,0.023371868791514136,initial_noise_numeric
0.001,0.0,5.529203070318036,0.02255347060724763,initial_noise_numeric
0.001,0.0,5.592034923389832,0.02165990314303389,initial_noise_numeric
0.001,0.0,5.654866776461628,0.020983236984853982,initial_noise_numeric
0.001,0.0,5.717698629533423,0.01991256702200327,initial_noise_numeric
0.001,0.0,5.780530482605219,0.01912282230899717,initial_noise_numeric
0.001,0.0,5.843362335677015,0.0182134651226432,initial_noise_numeric
0.001,0.0,5.906194188748811,0.017310164876215842,initial_noise_numeric
0.001,0.0,5.969026041820607,0.01661287452808291,initial_noise_numeric
0.001,0.0,6.031857894892402,0.015686590878670876,initial_noise_numeric
0.001,0.0,6.094689747964199,0.01496962958330987,initial_noise_numeric
0.001,0.0,6.157521601035994,0.014232116301401275,initial_noise_numeric
0.001,0.0,6.220353454107791,0.013395018646983963,initial_noise_numeric
0.001,0.0,6.283185307179586,0.01273491406141114,initial_noise_numeric
0.001,0.0,6.346017160251382,0.01193270773523004,initial_noise_numeric
0.001,0.0,6.408849013323178,0.011249263968600985,initial_noise_numeric
0.001,0.0,6.471680866394974,0.01046459534892609,initial_noise_numeric
0.001,0.0,6.53451271946677,0.009953849425381828,initial_noise_numeric
0.001,0.0,6.5973445725385655,0.009241895121449368,initial_noise_numeric
0.001,0.0,6.660176425610362,0.008636818962167099,initial_noise_numeric
0.001,0.0,6.7230082786821574,0.008087713719629958,initial_noise_numeric
0.001,0.0,6.785840131753953,0.007548320771330422,initial_noise_numeric
0.001,0.0,6.8486719848257485,0.007062233337859921,initial_noise_numeric
0.001,0.0,6.911503837897545,0.006480617288778728,initial_noise_numeric
0.001,0.0,6.974335690969341,0.006067041580013002,initial_noise_numeric
0.001,0.0,7.037167544041137,0.005641176192852438,initial_noise_numeric
0.001,0.0,7.099999397112932,0.005208114639363351,initial_noise_numeric
0.001,0.0,7.162831250184728,0.004810555661655228,initial_noise_numeric
0.001,0.0,7.225663103256525,0.004430011184713392,initial_noise_numeric
0.001,0.0,7.288494956328321,0.004072009459761863,initial_noise_numeric
0.001,0.0,7.351326809400116,0.003740282326777529,initial_noise_numeric
0.001,0.0,7.414158662471912,0.0034130500549896772,initial_noise_numeric
0.001,0.0,7.476990515543707,0.0031222494228838765,initial_noise_numeric
0.001,0.0,7.539822368615503,0.0028440323842605763,initial_noise_numeric
0.001,0.0,7.6026542216873,0.002568228183721454,initial_noise_numeric
0.001,0.0,7.665486074759095,0.0023380684666401445,initial_noise_numeric
0.001,0.0,7.728317927830891,0.0021208688466400204,initial_noise_numeric
0.001,0.0,7.791149780902686,0.0019237838485632029,initial_noise_numeric
0.001,0.0,7.853981633974482,0.001730624641657719,initial_noise_numeric
0.001,0.0,7.916813487046279,0.0015682996184156052,initial_noise_numeric
0.001,0.0,7.979645340118075,0.001410433077865596,initial_noise_numeric
0.001,0.0,8.042477193189871,0.0012542871163660357,initial_noise_numeric
0.001,0.0,8.105309046261667,0.00112419862078915,initial_noise_numeric
0.001,0.0,8.168140899333462,0.0010073826197876193,initial_noise_numeric
0.001,0.0,8.230972752405258,0.0009043179579232476,initial_noise_numeric
0.001,0.0,8.293804605477055,0.00080103443566478,initial_noise_numeric
0.001,0.0,8.35663645854885,0.0007093220016420636,initial_noise_numeric
0.001,0.0,8.419468311620646,0.0006268211965510998,initial_noise_numeric
0.001,0.0,8.482300164692441,0.0005541152254788742,initial_noise_numeric
0.001,0.0,8.545132017764239,0.0004907374894191832,initial_noise_numeric
0.001,0.0,8.607963870836034,0.00042969909814814285,initial_noise_numeric
0.001,0.0,8.67079572390783,0.00037985829064345267,initial_noise_numeric
0.001,0.0,8.733627576979625,0.000329524698045729,initial_noise_numeric
0.001,0.0,8.79645943005142,0.00028905892661165847,initial_noise_numeric
0.001,0.0,8.859291283123216,0.0002501438000973778,initial_noise_numeric
0.001,0.0,8.922123136195014,0.00022148615087763568,initial_noise_numeric
0.001,0.0,8.984954989266809,0.00019096893931792487,initial_noise_numeric
0.001,0.0,9.047786842338605,0.0001640353993986835,initial_noise_numeric
0.001,0.0,9.1106186954104,0.0001427953160448461,initial_noise_numeric
0.001,0.0,9.173450548482196,0.00012266741582123419,initial_noise_numeric
0.001,0.0,9.236282401553993,0.00010600063981384205,initial_noise_numeric
0.001,0.0,9.299114254625788,9.171098830211282e-05,initial_noise_numeric
0.001,0.0,9.361946107697584,7.690512494326313e-05,initial_noise_numeric
0.001,0.0,9.42477796076938,6.638008453282457e-05,initial_noise_numeric
0.001,0.0,9.487609813841175,5.6568269148026855e-05,initial_noise_numeric
0.001,0.0,9.55044166691297,4.894115994018798e-05,initial_noise_numeric
0.001,0.0,9.613273519984768,4.114267768712972e-05,initial_noise_numeric
0.001,0.0,9.676105373056563,3.493135920494523e-05,initial_noise_numeric
0.001,0.0,9.738937226128359,2.9997511337149754e-05,initial_noise_numeric
0.001,0.0,9.801769079200154,2.4918545727925626e-05,initial_noise_numeric
0.001,0.0,9.86460093227195,2.1277005061224307e-05,initial_noise_numeric
0.001,0.0,9.927432785343747,1.7864794054510106e-05,initial_noise_numeric
0.001,0.0,9.990264638415542,1.51742815221371e-05,initial_noise_numeric
0.001,0.0,10.053096491487338,1.2839929457455256e-05,initial_noise_numeric
0.001,0.0,10.115928344559133,1.0689549913069666e-05,initial_noise_numeric
0.001,0.0,10.178760197630929,9.19095115311726e-06,initial_noise_numeric
0.001,0.0,10.241592050702724,7.750798717810078e-06,initial_noise_numeric
0.001,0.0,10.30442390377452,6.628155972008466e-06,initial_noise_numeric
0.001,0.0,10.367255756846316,5.6641678245174356e-06,initial_noise_numeric
0.001,0.0,10.430087609918115,4.842597114609797e-06,initial_noise_numeric
0.001,0.0,10.49291946298991,4.28829622354299e-06,initial_noise_numeric
0.001,0.0,10.555751316061706,3.761118028117254e-06,initial_noise_numeric
0.001,0.0,10.618583169133501,3.316416268642336e-06,initial_noise_numeric
0.001,0.0,10.681415022205297,2.9924418983190283e-06,initial_noise_numeric
0.001,0.0,10.744246875277092,2.705806341622647e-06,initial_noise_numeric
0.001,0.0,10.807078728348888,2.4741807490757674e-06,initial_noise_numeric
0.001,0.0,10.869910581420683,2.289071893027224e-06,initial_noise_numeric
0.001,0.0,10.932742434492479,2.1234158078962393e-06,initial_noise_numeric
0.001,0.0,10.995574287564274,1.988280730725801e-06,initial_noise_numeric
0.001,0.0,11.058406140636071,1.8804508093300367e-06,initial_noise_numeric
0.001,0.0,11.121237993707869,1.7554253724645405e-06,initial_noise_numeric
0.001,0.0,11.184069846779664,1.6658350872401604e-06,initial_noise_numeric
0.001,0.0,11.24690169985146,1.5896116699247885e-06,initial_noise_numeric
0.001,0.0,11.309733552923255,1.4874154933283378e-06,initial_noise_numeric
0.001,0.0,11.37256540599505,1.4231460049789852e-06,initial_noise_numeric
0.001,0.0,11.435397259066846,1.3455755297786303e-06,initial_noise_numeric
0.001,0.0,11.498229112138642,1.2727120217804955e-06,initial_noise_numeric
0.001,0.0,11.561060965210437,1.210880514723387e-06,initial_noise_numeric
0.001,0.0,11.623892818282235,1.1473415710947742e-06,initial_noise_numeric
0.001,0.0,11.68672467135403,1.0891131447699986e-06,initial_noise_numeric
0.001,0.0,11.749556524425827,1.0250083786374916e-06,initial_noise_numeric
0.001,0.0,11.812388377497623,9.684449880136697e-07,initial_noise_numeric
0.001,0.0,11.875220230569418,9.221582700500571e-07,initial_noise_numeric
0.001,0.0,11.938052083641214,8.778536470222842e-07,initial_noise_numeric
0.001,0.0,12.00088393671301,8.310044353597888e-07,initial_noise_numeric
0.001,0.0,12.063715789784805,7.812736880594686e-07,initial_noise_numeric
0.001,0.0,12.1265476428566,7.370843786670334e-07,initial_noise_numeric
0.001,0.0,12.189379495928398,6.897458925764631e-07,initial_noise_numeric
0.001,0.0,12.252211349000193,6.556186266179206e-07,initial_noise_numeric
0.001,0.0,12.315043202071989,6.148967090096091e-07,initial_noise_numeric
0.001,0.0,12.377875055143784,5.809553114210773e-07,initial_noise_numeric
0.001,0.0,12.440706908215581,5.463477503412125e-07,initial_noise_numeric
0.001,0.0,12.503538761287377,5.14234438142905e-07,initial_noise_numeric
0.001,0.0,12.566370614359172,4.8555533363491e-07,initial_noise_numeric
0.001,0.0,12.629202467430968,4.575476252941695e-07,initial_noise_numeric
0.001,0.0,12.692034320502763,4.259173432183276e-07,initial_noise_numeric
0.001,0.0,12.75486617357456,3.9831031393053324e-07,initial_noise_numeric
0.001,0.0,12.817698026646356,3.761087360501367e-07,initial_noise_numeric
0.001,0.0,12.880529879718152,3.5149026413347083e-07,initial_noise_numeric
0.001,0.0,12.943361732789947,3.3033627171865293e-07,initial_noise_numeric
0.001,0.0,13.006193585861743,3.0852721488776976e-07,initial_noise_numeric
0.001,0.0,13.06902543893354,2.874009861598104e-07,initial_noise_numeric
0.001,0.0,13.131857292005336,2.673476973607449e-07,initial_noise_numeric
0.001,0.0,13.194689145077131,2.4935716103029893e-07,initial_noise_numeric
0.001,0.0,13.257520998148927,2.3290554624648918e-07,initial_noise_numeric
0.001,0.0,13.320352851220724,2.1812724253152065e-07,initial_noise_numeric
0.001,0.0,13.38318470429252,2.0300155213921362e-07,initial_noise_numeric
0.001,0.0,13.446016557364315,1.8732446129106066e-07,initial_noise_numeric
0.001,0.0,13.50884841043611,1.7647222134078203e-07,initial_noise_numeric
0.001,0.0,13.571680263507906,1.6162601432954462e-07,initial_noise_numeric
0.001,0.0,13.634512116579701,1.503005875937813e-07,initial_noise_numeric
0.001,0.0,13.697343969651497,1.4037865524735205e-07,initial_noise_numeric
0.001,0.0,13.760175822723294,1.2953642499530276e-07,initial_noise_numeric
0.001,0.0,13.82300767579509,1.2044541439704827e-07,initial_noise_numeric
0.001,0.0,13.885839528866887,1.1037465323092872e-07,initial_noise_numeric
0.001,0.0,13.948671381938683,1.0262058397616499e-07,initial_noise_numeric
0.001,0.0,14.011503235010478,9.521302802446974e-08,initial_noise_numeric
0.001,0.0,14.074335088082274,8.771837764651344e-08,initial_noise_numeric
0.001,0.0,14.137166941154069,8.064571790758148e-08,initial_noise_numeric
0.001,0.0,14.199998794225865,7.431751306532532e-08,initial_noise_numeric
0.001,0.0,14.26283064729766,6.83887697916272e-08,initial_noise_numeric
0.001,0.0,14.325662500369456,6.311743581488632e-08,initial_noise_numeric
0.001,0.0,14.388494353441251,5.802293002515729e-08,initial_noise_numeric
0.001,0.0,14.45132620651305,5.27968060033119e-08,initial_noise_numeric
0.001,0.0,14.514158059584846,4.869572562905296e-08,initial_noise_numeric
0.001,0.0,14.576989912656641,4.456934573890763e-08,initial_noise_numeric
0.001,0.0,14.639821765728437,4.062283183922019e-08,initial_noise_numeric
0.001,0.0,14.702653618800232,3.72979607800992e-08,initial_noise_numeric
0.001,0.0,14.765485471872028,3.413739735764478e-08,initial_noise_numeric
0.001,0.0,14.828317324943823,3.115395027423934e-08,initial_noise_numeric
0.001,0.0,14.891149178015619,2.8466463269097418e-08,initial_noise_numeric
0.001,0.0,14.953981031087414,2.606695910691887e-08,initial_noise_numeric
0.001,0.0,15.01681288415921,2.365501556537324e-08,initial_noise_numeric
0.001,0.0,15.079644737231005,2.144878590918129e-08,initial_noise_numeric
0.001,0.0,15.142476590302804,1.9543308988020606e-08,initial_noise_numeric
0.001,0.0,15.2053084433746,1.777417836185568e-08,initial_noise_numeric
0.001,0.0,15.268140296446395,1.6024437692538994e-08,initial_noise_numeric
0.001,0.0,15.33097214951819,1.4646955172805899e-08,initial_noise_numeric
0.001,0.0,15.393804002589986,1.3270052829436623e-08,initial_noise_numeric
0.001,0.0,15.456635855661782,1.1916448415934736e-08,initial_noise_numeric
0.001,0.0,15.519467708733577,1.0839429343487067e-08,initial_noise_numeric
0.001,0.0,15.582299561805373,9.751837914709576e-09,initial_noise_numeric
0.001,0.0,15.645131414877168,8.823284658060746e-09,initial_noise_numeric
0.001,0.0,15.707963267948964,7.920402551023956e-09,initial_noise_numeric
0.001,0.0,15.770795121020763,7.2017809128816955e-09,initial_noise_numeric
0.001,0.0,15.833626974092558,6.441942962290979e-09,initial_noise_numeric
0.001,0.0,15.896458827164354,5.826971372812758e-09,initial_noise_numeric
0.001,0.0,15.95929068023615,5.22970817361798e-09,initial_noise_numeric
0.001,0.0,16.022122533307947,4.6790562718595065e-09,initial_noise_numeric
0.001,0.0,16.084954386379742,4.235308421497122e-09,initial_noise_numeric
0.001,0.0,16.147786239451538,3.758811433410891e-09,initial_noise_numeric
0.001,0.0,16.210618092523333,3.3747047033261745e-09,initial_noise_numeric
0.001,0.0,16.27344994559513,3.029826233662906e-09,initial_noise_numeric
0.001,0.0,16.336281798666924,2.6918081495880006e-09,initial_noise_numeric
0.001,0.0,16.39911365173872,2.4395346458813974e-09,initial_noise_numeric
0.001,0.0,16.461945504810515,2.1685276038794777e-09,initial_noise_numeric
0.001,0.0,16.524777357882314,1.9389791519796587e-09,initial_noise_numeric
0.001,0.0,16.58760921095411,1.7237825196319783e-09,initial_noise_numeric
0.001,0.0,16.650441064025905,1.5604626736916369e-09,initial_noise_numeric
0.001,0.0,16.7132729170977,1.3916436659425207e-09,initial_noise_numeric
0.001,0.0,16.776104770169496,1.2284317412311336e-09,initial_noise_numeric
0.001,0.0,16.838936623241292,1.1147998721028558e-09,initial_noise_numeric
0.001,0.0,16.901768476313087,1.0003960979579814e-09,initial_noise_numeric
0.001,0.0,16.964600329384883,8.977885459743205e-10,initial_noise_numeric
0.001,0.0,17.02743218245668,8.09925711094493e-10,initial_noise_numeric
0.001,0.0,17.090264035528477,7.245193495569528e-10,initial_noise_numeric
0.001,0.0,17.153095888600273,6.595157076748609e-10,initial_noise_numeric
0.001,0.0,17.21592774167207,6.025687101784004e-10,initial_noise_numeric
0.001,0.0,17.278759594743864,5.440238976258802e-10,initial_noise_numeric
0.001,0.0,17.34159144781566,5.020072863664552e-10,initial_noise_numeric
0.001,0.0,17.404423300887455,4.6105440502005825e-10,initial_noise_numeric
0.001,0.0,17.46725515395925,4.259152308231878e-10,initial_noise_numeric
0.001,0.0,17.530087007031046,3.987167801596266e-10,initial_noise_numeric
0.001,0.0,17.59291886010284,3.7810804358120707e-10,initial_noise_numeric
0.001,0.0,17.655750713174637,3.4784609387747183e-10,initial_noise_numeric
0.001,0.0,17.718582566246432,3.3185196544813095e-10,initial_noise_numeric
0.001,0.0,17.78141441931823,3.147241641431185e-10,initial_noise_numeric
0.001,0.0,17.844246272390027,2.9940661716378466e-10,initial_noise_numeric
0.001,0.0,17.907078125461823,2.869062100708661e-10,initial_noise_numeric
0.001,0.0,17.969909978533618,2.7665827827467546e-10,initial_noise_numeric
0.001,0.0,18.032741831605414,2.730327837786165e-10,initial_noise_numeric
0.001,0.0,18.09557368467721,2.613049766900175e-10,initial_noise_numeric
0.001,0.0,18.158405537749005,2.5233466305859397e-10,initial_noise_numeric
0.001,0.0,18.2212373908208,2.4701100308664443e-10,initial_noise_numeric
0.001,0.0,18.284069243892596,2.4037800181394524e-10,initial_noise_numeric
0.001,0.0,18.34690109696439,2.351537248365908e-10,initial_noise_numeric
0.001,0.0,18.409732950036187,2.318074958996721e-10,initial_noise_numeric
0.001,0.0,18.472564803107986,2.2773454550780411e-10,initial_noise_numeric
0.001,0.0,18.53539665617978,2.2309517593524537e-10,initial_noise_numeric
0.001,0.0,18.598228509251577,2.1665257098012863e-10,initial_noise_numeric
0.001,0.0,18.661060362323372,2.145441688740947e-10,initial_noise_numeric
0.001,0.0,18.723892215395168,2.101589092804111e-10,initial_noise_numeric
0.001,0.0,18.786724068466963,2.0989180939640626e-10,initial_noise_numeric
0.001,0.0,18.84955592153876,2.0858105925771364e-10,initial_noise_numeric
0.001,0.0,18.912387774610554,2.0213137944625203e-10,initial_noise_numeric
0.001,0.0,18.97521962768235,2.0468008897179108e-10,initial_noise_numeric
0.001,0.0,19.038051480754145,1.9671883532747682e-10,initial_noise_numeric
0.001,0.0,19.10088333382594,1.9568927804040558e-10,initial_noise_numeric
0.001,0.0,19.16371518689774,1.9656910422966486e-10,initial_noise_numeric
0.001,0.0,19.226547039969535,1.882982635274776e-10,initial_noise_numeric
0.001,0.0,19.28937889304133,1.873064395774542e-10,initial_noise_numeric
0.001,0.0,19.352210746113126,1.8391444903872412e-10,initial_noise_numeric
0.001,0.0,19.415042599184922,1.8398864078364547e-10,initial_noise_numeric
0.001,0.0,19.477874452256717,1.7773414088092502e-10,initial_noise_numeric
0.001,0.0,19.540706305328513,1.7668893782894678e-10,initial_noise_numeric
0.001,0.0,19.60353815840031,1.762477356222913e-10,initial_noise_numeric
0.001,0.0,19.666370011472104,1.7269583417487438e-10,initial_noise_numeric
0.001,0.0,19.7292018645439,1.7006918437949393e-10,initial_noise_numeric
0.001,0.0,19.7920337176157,1.6541000028004776e-10,initial_noise_numeric
0.001,0.0,19.854865570687494,1.6265524386796378e-10,initial_noise_numeric
0.001,0.0,19.91769742375929,1.6354161005283825e-10,initial_noise_numeric
0.001,0.0,19.980529276831085,1.6191859646509136e-10,initial_noise_numeric
0.001,0.0,20.04336112990288,1.5927335602008455e-10,initial_noise_numeric
0.001,0.0,20.106192982974676,1.5379086748384868e-10,initial_noise_numeric
0.001,0.0,20.16902483604647,1.5178980986609466e-10,initial_noise_numeric
0.001,0.0,20.231856689118267,1.5001196426972605e-10,initial_noise_numeric
0.001,0.0,20.294688542190062,1.4711253461406867e-10,initial_noise_numeric
0.001,0.0,20.357520395261858,1.4517554256589003e-10,initial_noise_numeric
0.001,0.0,20.420352248333653,1.4066577138157527e-10,initial_noise_numeric
0.001,0.0,20.48318410140545,1.3995770989739624e-10,initial_noise_numeric
0.001,0.0,20.546015954477248,1.3756673815875358e-10,initial_noise_numeric
0.001,0.0,20.60884780754904,1.3327521968901942e-10,initial_noise_numeric
0.001,0.0,20.67167966062084,1.291152227657756e-10,initial_noise_numeric
0.001,0.0,20.73451151369263,1.2802215738047445e-10,initial_noise_numeric
0.001,0.0,20.79734336676443,1.266509559085362e-10,initial_noise_numeric
0.001,0.0,20.86017521983623,1.2268837772732495e-10,initial_noise_numeric
0.001,0.0,20.92300707290802,1.203355802343119e-10,initial_noise_numeric
0.001,0.0,20.98583892597982,1.1574435730658191e-10,initial_noise_numeric
0.001,0.0,21.048670779051612,1.1412121379398929e-10,initial_noise_numeric
0.001,0.0,21.11150263212341,1.117466511340093e-10,initial_noise_numeric
0.001,0.0,21.174334485195203,1.0855396279539592e-10,initial_noise_numeric
0.001,0.0,21.237166338267002,1.0648126604409084e-10,initial_noise_numeric
0.001,0.0,21.299998191338794,1.0315765596758056e-10,initial_noise_numeric
0.001,0.0,21.362830044410593,1.0091231941433915e-10,initial_noise_numeric
0.001,0.0,21.425661897482385,9.80209087587691e-11,initial_noise_numeric
0.001,0.0,21.488493750554184,9.419862208491412e-11,initial_noise_numeric
0.001,0.0,21.551325603625983,9.172351490535181e-11,initial_noise_numeric
0.001,0.0,21.614157456697775,8.98213460750522e-11,initial_noise_numeric
0.001,0.0,21.676989309769574,8.728885436867963e-11,initial_noise_numeric
0.001,0.0,21.739821162841366,8.447559848288281e-11,initial_noise_numeric
0.001,0.0,21.802653015913165,8.305415959898621e-11,initial_noise_numeric
0.001,0.0,21.865484868984957,8.079064804810122e-11,initial_noise_numeric
0.001,0.0,21.928316722056756,7.753470173337109e-11,initial_noise_numeric
0.001,0.0,21.99114857512855,7.596092469470154e-11,initial_noise_numeric
0.001,0.0,22.053980428200347,7.454144231247503e-11,initial_noise_numeric
0.001,0.0,22.116812281272143,7.338259589583576e-11,initial_noise_numeric
0.001,0.0,22.17964413434394,7.089825084342395e-11,initial_noise_numeric
0.001,0.0,22.242475987415737,6.780569234091789e-11,initial_noise_numeric
0.001,0.0,22.30530784048753,6.679211878755638e-11,initial_noise_numeric
0.001,0.0,22.36813969355933,6.645537776465223e-11,initial_noise_numeric
0.001,0.0,22.43097154663112,6.473611938001762e-11,initial_noise_numeric
0.001,0.0,22.49380339970292,6.398566937344777e-11,initial_noise_numeric
0.001,0.0,22.55663525277471,6.272172429444234e-11,initial_noise_numeric
0.001,0.0,22.61946710584651,6.242866755166595e-11,initial_noise_numeric
0.001,0.0,22.682298958918306,6.029096300561071e-11,initial_noise_numeric
0.001,0.0,22.7451308119901,6.00806514834205e-11,initial_noise_numeric
0.001,0.0,22.8079626650619,5.945666916266318e-11,initial_noise_numeric
0.001,0.0,22.870794518133692,5.909794774826963e-11,initial_noise_numeric
0.001,0.0,22.93362637120549,5.93963884837976e-11,initial_noise_numeric
0.001,0.0,22.996458224277283,5.85891530812537e-11,initial_noise_numeric
0.001,0.0,23.059290077349083,5.7000173120779814e-11,initial_noise_numeric
0.001,0.0,23.122121930420874,5.756757308337448e-11,initial_noise_numeric
0.001,0.0,23.184953783492674,5.889532066570949e-11,initial_noise_numeric
0.001,0.0,23.24778563656447,5.851410526459472e-11,initial_noise_numeric
0.001,0.0,23.310617489636265,5.75954810800534e-11,initial_noise_numeric
0.001,0.0,23.37344934270806,5.785642759222188e-11,initial_noise_numeric
0.001,0.0,23.436281195779856,5.805171986925891e-11,initial_noise_numeric
0.001,0.0,23.499113048851655,5.919056954034193e-11,initial_noise_numeric
0.001,0.0,23.561944901923447,5.832166601742255e-11,initial_noise_numeric
0.001,0.0,23.624776754995246,5.990455150294183e-11,initial_noise_numeric
0.001,0.0,23.687608608067038,6.017540606135252e-11,initial_noise_numeric
0.001,0.0,23.750440461138837,6.049811100885671e-11,initial_noise_numeric
0.001,0.0,23.813272314210632,6.164716291588568e-11,initial_noise_numeric
0.001,0.0,23.876104167282428,6.211159869087354e-11,initial_noise_numeric
0.001,0.0,23.938936020354223,6.405256292019913e-11,initial_noise_numeric
0.001,0.0,24.00176787342602,6.426375991268793e-11,initial_noise_numeric
0.001,0.0,24.064599726497814,6.488480398971545e-11,initial_noise_numeric
0.001,0.0,24.12743157956961,6.694198528888747e-11,initial_noise_numeric
0.001,0.0,24.19026343264141,6.69667860601704e-11,initial_noise_numeric
0.001,0.0,24.2530952857132,6.846460362062122e-11,initial_noise_numeric
0.001,0.0,24.315927138785,6.977773216366775e-11,initial_noise_numeric
0.001,0.0,24.378758991856795,7.100727645404921e-11,initial_noise_numeric
0.001,0.0,24.44159084492859,7.33887405498612e-11,initial_noise_numeric
0.001,0.0,24.504422698000386,7.227656791428606e-11,initial_noise_numeric
0.001,0.0,24.567254551072182,7.335178483384078e-11,initial_noise_numeric
0.001,0.0,24.630086404143977,7.456944410743e-11,initial_noise_numeric
0.001,0.0,24.692918257215773,7.620533773434714e-11,initial_noise_numeric
0.001,0.0,24.75575011028757,7.666447734412244e-11,initial_noise_numeric
0.001,0.0,24.818581963359364,7.739406098979438e-11,initial_noise_numeric
0.001,0.0,24.881413816431163,7.816915326355812e-11,initial_noise_numeric
0.001,0.0,24.94424566950296,7.868077139828098e-11,initial_noise_numeric
0.001,0.0,25.007077522574754,7.962471470159098e-11,initial_noise_numeric
0.001,0.0,25.06990937564655,7.94127446413201e-11,initial_noise_numeric
0.001,0.0,25.132741228718345,7.955149386442287e-11,initial_noise_numeric
0.001,0.0,25.19557308179014,8.015500479668166e-11,initial_noise_numeric
0.001,0.0,25.258404934861936,7.994187282563195e-11,initial_noise_numeric
0.001,0.0,25.32123678793373,8.116029974562553e-11,initial_noise_numeric
0.001,0.0,25.384068641005527,8.022797021306629e-11,initial_noise_numeric
0.001,0.0,25.446900494077322,8.088615521615618e-11,initial_noise_numeric
0.001,0.0,25.50973234714912,8.208075448540362e-11,initial_noise_numeric
0.001,0.0,25.572564200220917,7.817335550868227e-11,initial_noise_numeric
0.001,0.0,25.635396053292713,7.988703321262581e-11,initial_noise_numeric
0.001,0.0,25.698227906364508,7.776380308746436e-11,initial_noise_numeric
0.001,0.0,25.761059759436304,7.85045516078508e-11,initial_noise_numeric
0.001,0.0,25.8238916125081,7.804587819465005e-11,initial_noise_numeric
0.001,0.0,25.886723465579895,7.568609362550272e-11,initial_noise_numeric
0.001,0.0,25.94955531865169,7.769055722559062e-11,initial_noise_numeric
0.001,0.0,26.012387171723486,7.580380868175479e-11,initial_noise_numeric
0.001,0.0,26.075219024795285,7.384788811217195e-11,initial_noise_numeric
0.001,0.0,26.13805087786708,7.506587307959902e-11,initial_noise_numeric
0.001,0.0,26.200882730938876,7.15700133486952e-11,initial_noise_numeric
0.001,0.0,26.26371458401067,7.234719618464372e-11,initial_noise_numeric
0.001,0.0,26.326546437082467,7.162731559588381e-11,initial_noise_numeric
0.001,0.0,26.389378290154262,6.996348670368935e-11,initial_noise_numeric
0.001,0.0,26.452210143226058,6.989895596352328e-11,initial_noise_numeric
0.001,0.0,26.515041996297853,6.78956403925455e-11,initial_noise_numeric
0.001,0.0,26.57787384936965,6.868655642737758e-11,initial_noise_numeric
0.001,0.0,26.640705702441448,6.637112540883865e-11,initial_noise_numeric
0.001,0.0,26.70353755551324,6.665340172369218e-11,initial_noise_numeric
0.001,0.0,26.76636940858504,6.571005435374329e-11,initial_noise_numeric
0.001,0.0,26.829201261656834,6.467228875185996e-11,initial_noise_numeric
0.001,0.0,26.89203311472863,6.40529883007393e-11,initial_noise_numeric
0.001,0.0,26.954864967800425,6.425599664212857e-11,initial_noise_numeric
0.001,0.0,27.01769682087222,6.288264498082204e-11,initial_noise_numeric
0.001,0.0,27.080528673944016,6.301809361687888e-11,initial_noise_numeric
0.001,0.0,27.143360527015812,6.080379446138227e-11,initial_noise_numeric
0.001,0.0,27.20619238008761,6.063379336339014e-11,initial_noise_numeric
0.001,0.0,27.269024233159403,6.051958242984172e-11,initial_noise_numeric
0.001,0.0,27.331856086231202,5.949197241026139e-11,initial_noise_numeric
0.001,0.0,27.394687939302994,5.926579457667201e-11,initial_noise_numeric
0.001,0.0,27.457519792374793,5.7732404088033216e-11,initial_noise_numeric
0.001,0.0,27.52035164544659,5.697933776316128e-11,initial_noise_numeric
0.001,0.0,27.583183498518384,5.805160896505333e-11,initial_noise_numeric
0.001,0.0,27.64601535159018,5.5671999996670434e-11,initial_noise_numeric
0.001,0.0,27.708847204661975,5.594099748192202e-11,initial_noise_numeric
0.001,0.0,27.771679057733774,5.5701507928255546e-11,initial_noise_numeric
0.001,0.0,27.834510910805566,5.426718343030853e-11,initial_noise_numeric
0.001,0.0,27.897342763877365,5.4630838792697684e-11,initial_noise_numeric
0.001,0.0,27.960174616949157,5.321885594186641e-11,initial_noise_numeric
0.001,0.0,28.023006470020956,5.259164126432136e-11,initial_noise_numeric
0.001,0.0,28.085838323092748,5.202983534146065e-11,initial_noise_numeric
0.001,0.0,28.148670176164547,5.190822748467885e-11,initial_noise_numeric
0.001,0.0,28.211502029236343,5.194863942113617e-11,initial_noise_numeric
0.001,0.0,28.274333882308138,5.106995403053886e-11,initial_noise_numeric
0.001,0.0,28.337165735379937,5.008932710324611e-11,initial_noise_numeric
0.001,0.0,28.39999758845173,5.084392103040194e-11,initial_noise_numeric
0.001,0.0,28.462829441523528,4.917537614211825e-11,initial_noise_numeric
0.001,0.0,28.52566129459532,4.8579246736506986e-11,initial_noise_numeric
0.001,0.0,28.58849314766712,4.8897375506090693e-11,initial_noise_numeric
0.001,0.0,28.65132500073891,4.793416087829681e-11,initial_noise_numeric
0.001,0.0,28.71415685381071,4.6904886231963064e-11,initial_noise_numeric
0.001,0.0,28.776988706882502,4.6860004525530664e-11,initial_noise_numeric
0.001,0.0,28.8398205599543,4.72116261767808e-11,initial_noise_numeric
0.001,0.0,28.9026524130261,4.679647980845479e-11,initial_noise_numeric
0.001,0.0,28.965484266097892,4.5940430703932686e-11,initial_noise_numeric
0.001,0.0,29.02831611916969,4.4654145320790824e-11,initial_noise_numeric
0.001,0.0,29.091147972241483,4.6155713746192133e-11,initial_noise_numeric
0.001,0.0,29.153979825313282,4.531079839863782e-11,initial_noise_numeric
0.001,0.0,29.216811678385074,4.41814886805222e-11,initial_noise_numeric
0.001,0.0,29.279643531456873,4.356707300531518e-11,initial_noise_numeric
0.001,0.0,29.342475384528665,4.287726879554752e-11,initial_noise_numeric
0.001,0.0,29.405307237600464,4.31936521937674e-11,initial_noise_numeric
0.001,0.0,29.468139090672256,4.226678442108057e-11,initial_noise_numeric
0.001,0.0,29.530970943744055,4.1435373815131085e-11,initial_noise_numeric
0.001,0.0,29.593802796815854,4.184212385118397e-11,initial_noise_numeric
0.001,0.0,29.656634649887646,4.1008286352473765e-11,initial_noise_numeric
0.001,0.0,29.719466502959445,4.080191960679286e-11,initial_noise_numeric
0.001,0.0,29.782298356031237,4.032684515025493e-11,initial_noise_numeric
0.001,0.0,29.845130209103036,3.898425440664023e-11,initial_noise_numeric
0.001,0.0,29.90796206217483,3.971044426590851e-11,initial_noise_numeric
0.001,0.0,29.970793915246627,3.869278284551333e-11,initial_noise_numeric
0.001,0.0,30.03362576831842,3.7527861676810866e-11,initial_noise_numeric
0.001,0.0,30.09645762139022,3.724907191829933e-11,initial_noise_numeric
0.001,0.0,30.15928947446201,3.736043460408267e-11,initial_noise_numeric
0.001,0.0,30.22212132753381,3.744795105701044e-11,initial_noise_numeric
0.001,0.0,30.28495318060561,3.606302436437602e-11,initial_noise_numeric
0.001,0.0,30.3477850336774,3.653640910108553e-11,initial_noise_numeric
0.001,0.0,30.4106168867492,3.5320953033930834e-11,initial_noise_numeric
0.001,0.0,30.47344873982099,3.57216353627127e-11,initial_noise_numeric
0.001,0.0,30.53628059289279,3.450872130124046e-11,initial_noise_numeric
0.001,0.0,30.599112445964582,3.4318078697476146e-11,initial_noise_numeric
0.001,0.0,30.66194429903638,3.4579024483151146e-11,initial_noise_numeric
0.001,0.0,30.724776152108173,3.409530471119792e-11,initial_noise_numeric
0.001,0.0,30.787608005179973,3.457925798147881e-11,initial_noise_numeric
0.001,0.0,30.85043985825177,3.2886139702335305e-11,initial_noise_numeric
0.001,0.0,30.913271711323564,3.1909308966916787e-11,initial_noise_numeric
0.001,0.0,30.976103564395363,3.2595401074478984e-11,initial_noise_numeric
0.001,0.0,31.038935417467155,3.2212504129605155e-11,initial_noise_numeric
0.001,0.0,31.101767270538954,3.2143043681787416e-11,initial_noise_numeric
0.001,0.0,31.164599123610746,3.166536608743525e-11,initial_noise_numeric
0.001,0.0,31.227430976682545,3.1574326138956213e-11,initial_noise_numeric
0.001,0.0,31.290262829754337,3.094452140678233e-11,initial_noise_numeric
0.001,0.0,31.353094682826136,3.069603186006845e-11,initial_noise_numeric
0.001,0.0,31.415926535897928,3.032976668557808e-11,initial_noise_numeric
0.001,0.0,31.478758388969727,3.040669700141084e-11,initial_noise_numeric
0.001,0.0,31.541590242041526,3.0030829560240814e-11,initial_noise_numeric
0.001,0.0,31.604422095113318,2.994055715850247e-11,initial_noise_numeric
0.001,0.0,31.667253948185117,2.966421368221134e-11,initial_noise_numeric
0.001,0.0,31.73008580125691,2.9200040215089995e-11,initial_noise_numeric
0.001,0.0,31.792917654328708,2.857164917317446e-11,initial_noise_numeric
0.001,0.0,31.8557495074005,2.8785225156283603e-11,initial_noise_numeric
0.001,0.0,31.9185813604723,2.8685591506709602e-11,initial_noise_numeric
0.001,0.0,31.98141321354409,2.808108880481722e-11,initial_noise_numeric
0.001,0.0,32.04424506661589,2.8523977156585436e-11,initial_noise_numeric
0.001,0.0,32.107076919687685,2.7563048864524058e-11,initial_noise_numeric
0.001,0.0,32.169908772759484,2.8775408869249767e-11,initial_noise_numeric
0.001,0.0,32.232740625831276,2.8344004435128325e-11,initial_noise_numeric
0.001,0.0,32.295572478903075,2.899032964463337e-11,initial_noise_numeric
0.001,0.0,32.35840433197487,2.862711446880592e-11,initial_noise_numeric
0.001,0.0,32.421236185046666,2.8618903126959788e-11,initial_noise_numeric
0.001,0.0,32.484068038118465,2.934480582545028e-11,initial_noise_numeric
0.001,0.0,32.54689989119026,2.861276028238124e-11,initial_noise_numeric
0.001,0.0,32.60973174426206,2.8994625848406267e-11,initial_noise_numeric
0.001,0.0,32.67256359733385,2.954530697931072e-11,initial_noise_numeric
0.001,0.0,32.73539545040565,2.7753197750583337e-11,initial_noise_numeric
0.001,0.0,32.79822730347744,2.7870940717820576e-11,initial_noise_numeric
0.001,0.0,32.86105915654924,2.542797125543183e-11,initial_noise_numeric
0.001,0.0,32.92389100962103,2.434756554020501e-11,initial_noise_numeric
0.001,0.0,32.98672286269283,2.1788968112213954e-11,initial_noise_numeric
0.001,0.0,33.04955471576463,1.953573514973402e-11,initial_noise_numeric
0.001,0.0,33.11238656883642,1.7767759399047892e-11,initial_noise_numeric
0.001,0.0,33.17521842190822,1.5674013109052906e-11,initial_noise_numeric
0.001,0.0,33.23805027498001,1.3879780153045051e-11,initial_noise_numeric
0.001,0.0,33.30088212805181,1.2269257510807205e-11,initial_noise_numeric
0.001,0.0,33.3637139811236,1.1105669929214949e-11,initial_noise_numeric
0.001,0.0,33.4265458341954,1.0052390383964786e-11,initial_noise_numeric
0.001,0.0,33.48937768726719,9.159999497976167e-12,initial_noise_numeric
0.001,0.0,33.55220954033899,8.432893639068173e-12,initial_noise_numeric
0.001,0.0,33.61504139341079,7.844890318160102e-12,initial_noise_numeric
0.001,0.0,33.677873246482584,7.537005698090296e-12,initial_noise_numeric
0.001,0.0,33.74070509955438,7.153624679403478e-12,initial_noise_numeric
0.001,0.0,33.803536952626175,6.901839086574721e-12,initial_noise_numeric
0.001,0.0,33.866368805697974,6.814382619928921e-12,initial_noise_numeric
0.001,0.0,33.929200658769766,6.633126334921411e-12,initial_noise_numeric
0.001,0.0,33.992032511841565,6.651622960530149e-12,initial_noise_numeric
0.001,0.0,34.05486436491336,6.505023527984383e-12,initial_noise_numeric
0.001,0.0,34.117696217985156,6.5225221270617816e-12,initial_noise_numeric
0.001,0.0,34.180528071056955,6.435279884307576e-12,initial_noise_numeric
0.001,0.0,34.24335992412875,6.47926041414082e-12,initial_noise_numeric
0.001,0.0,34.306191777200546,6.428644600426793e-12,initial_noise_numeric
0.001,0.0,34.36902363027234,6.3426535259455606e-12,initial_noise_numeric
0.001,0.0,34.43185548334414,6.389749894316227e-12,initial_noise_numeric
0.001,0.0,34.49468733641593,6.419176864863765e-12,initial_noise_numeric
0.001,0.0,34.55751918948773,6.3373394534020555e-12,initial_noise_numeric
0.001,0.0,34.62035104255952,6.2993807847462004e-12,initial_noise_numeric
0.001,0.0,34.68318289563132,6.316387990258525e-12,initial_noise_numeric
0.001,0.0,34.74601474870311,6.294416413664101e-12,initial_noise_numeric
0.001,0.0,34.80884660177491,6.35653935148878e-12,initial_noise_numeric
0.001,0.0,34.87167845484671,6.255320507638297e-12,initial_noise_numeric
0.001,0.0,34.9345103079185,6.28949161401746e-12,initial_noise_numeric
0.001,0.0,34.9973421609903,6.32399596678557e-12,initial_noise_numeric
0.001,0.0,35.06017401406209,6.264074496013111e-12,initial_noise_numeric
0.001,0.0,35.12300586713389,6.317520935492627e-12,initial_noise_numeric
0.001,0.0,35.18583772020568,6.267857383504233e-12,initial_noise_numeric
0.001,0.0,35.24866957327748,6.303493628395723e-12,initial_noise_numeric
0.001,0.0,35.311501426349274,6.3030053355448645e-12,initial_noise_numeric
0.001,0.0,35.37433327942107,6.267036382335569e-12,initial_noise_numeric
0.001,0.0,35.437165132492865,6.373364940249709e-12,initial_noise_numeric
0.001,0.0,35.499996985564664,6.2100471654232286e-12,initial_noise_numeric
0.001,0.0,35.56282883863646,6.389935694596013e-12,initial_noise_numeric
0.001,0.0,35.625660691708255,6.331023187560425e-12,initial_noise_numeric
0.001,0.0,35.688492544780054,6.278825850466042e-12,initial_noise_numeric
0.001,0.0,35.751324397851846,6.465710758714521e-12,initial_noise_numeric
0.001,0.0,35.814156250923645,6.368607237023746e-12,initial_noise_numeric
0.001,0.0,35.87698810399544,6.466377312567741e-12,initial_noise_numeric
0.001,0.0,35.939819957067236,6.393756226080868e-12,initial_noise_numeric
0.001,0.0,36.00265181013903,6.5838611416826966e-12,initial_noise_numeric
0.001,0.0,36.06548366321083,6.555042953739992e-12,initial_noise_numeric
0.001,0.0,36.12831551628262,6.497852575424953e-12,initial_noise_numeric
0.001,0.0,36.19114736935442,6.710221648008103e-12,initial_noise_numeric
0.001,0.0,36.25397922242622,6.743164857198189e-12,initial_noise_numeric
0.001,0.0,36.31681107549801,6.907708893235574e-12,initial_noise_numeric
0.001,0.0,36.37964292856981,6.86859849006302e-12,initial_noise_numeric
0.001,0.0,36.4424747816416,6.945582749913489e-12,initial_noise_numeric
0.001,0.0,36.5053066347134,7.279750970052708e-12,initial_noise_numeric
0.001,0.0,36.56813848778519,7.1840781783715025e-12,initial_noise_numeric
0.001,0.0,36.63097034085699,7.808466266137197e-12,initial_noise_numeric
0.001,0.0,36.69380219392878,7.77927750516341e-12,initial_noise_numeric
0.001,0.0,36.75663404700058,8.106091574578175e-12,initial_noise_numeric
0.001,0.0,36.81946590007237,8.449734219548464e-12,initial_noise_numeric
0.001,0.0,36.88229775314417,8.416945835457048e-12,initial_noise_numeric
0.001,0.0,36.94512960621597,9.275139074776645e-12,initial_noise_numeric
0.001,0.0,37.00796145928776,9.304056268659327e-12,initial_noise_numeric
0.001,0.0,37.07079331235956,9.863737257206423e-12,initial_noise_numeric
0.001,0.0,37.133625165431354,1.037089512849904e-11,initial_noise_numeric
0.001,0.0,37.19645701850315,1.0445610949660928e-11,initial_noise_numeric
0.001,0.0,37.259288871574945,1.1876531380666617e-11,initial_noise_numeric
0.001,0.0,37.322120724646744,1.1539836882548404e-11,initial_noise_numeric
0.001,0.0,37.384952577718536,1.2869241810810829e-11,initial_noise_numeric
0.001,0.0,37.447784430790335,1.3072676625680372e-11,initial_noise_numeric
0.001,0.0,37.51061628386213,1.3202183318272806e-11,initial_noise_numeric
0.001,0.0,37.573448136933926,1.511385378113888e-11,initial_noise_numeric
0.001,0.0,37.636279990005725,1.4444538777246336e-11,initial_noise_numeric
0.001,0.0,37.69911184307752,1.6256488412323708e-11,initial_noise_numeric
0.001,0.0,37.76194369614932,1.6181425747777892e-11,initial_noise_numeric
0.001,0.0,37.82477554922111,1.7270054628117198e-11,initial_noise_numeric
0.001,0.0,37.88760740229291,1.802291737939425e-11,initial_noise_numeric
0.001,0.0,37.9504392553647,1.7782046822372978e-11,initial_noise_numeric
0.001,0.0,38.0132711084365,1.998427822966551e-11,initial_noise_numeric
0.001,0.0,38.07610296150829,1.948534992206307e-11,initial_noise_numeric
0.001,0.0,38.13893481458009,2.1031823078064178e-11,initial_noise_numeric
0.001,0.0,38.20176666765188,2.1396600019266917e-11,initial_noise_numeric
0.001,0.0,38.26459852072368,2.1469716820525278e-11,initial_noise_numeric
0.001,0.0,38.32743037379548,2.3484181715196965e-11,initial_noise_numeric
0.001,0.0,38.39026222686727,2.3018646868270795e-11,initial_noise_numeric
0.001,0.0,38.45309407993907,2.4456406179650186e-11,initial_noise_numeric
0.001,0.0,38.51592593301086,2.4474249522919538e-11,initial_noise_numeric
0.001,0.0,38.57875778608266,2.5089201937346008e-11,initial_noise_numeric
0.001,0.0,38.64158963915445,2.57493457187761e-11,initial_noise_numeric
0.001,0.0,38.70442149222625,2.5279774445845142e-11,initial_noise_numeric
0.001,0.0,38.767253345298045,2.7357422904075908e-11,initial_noise_numeric
0.001,0.0,38.830085198369844,2.6749360337814317e-11,initial_noise_numeric
0.001,0.0,38.89291705144164,2.7307850493898335e-11,initial_noise_numeric
0.001,0.0,38.955748904513435,2.8081065127826255e-11,initial_noise_numeric
0.001,0.0,39.018580757585234,2.75300594756081e-11,initial_noise_numeric
0.001,0.0,39.081412610657026,2.8863362160806777e-11,initial_noise_numeric
0.001,0.0,39.144244463728825,2.8118019439660576e-11,initial_noise_numeric
0.001,0.0,39.20707631680062,2.9119349304681953e-11,initial_noise_numeric
0.001,0.0,39.269908169872416,2.947513848116453e-11,initial_noise_numeric
0.001,0.0,39.33274002294421,2.8937026538661955e-11,initial_noise_numeric
0.001,0.0,39.39557187601601,2.984695780363899e-11,initial_noise_numeric
0.001,0.0,39.4584037290878,2.948330870014341e-11,initial_noise_numeric
0.001,0.0,39.5212355821596,2.963853757228954e-11,initial_noise_numeric
0.001,0.0,39.5840674352314,3.0185818611844106e-11,initial_noise_numeric
0.001,0.0,39.64689928830319,2.9678404725745216e-11,initial_noise_numeric
0.001,0.0,39.70973114137499,2.991174034648366e-11,initial_noise_numeric
0.001,0.0,39.77256299444678,2.995262986748469e-11,initial_noise_numeric
0.001,0.0,39.83539484751858,2.9760741187621414e-11,initial_noise_numeric
0.001,0.0,39.89822670059037,3.040195455503643e-11,initial_noise_numeric
0.001,0.0,39.96105855366217,2.978635974342896e-11,initial_noise_numeric
0.001,0.0,40.02389040673396,3.016247348023628e-11,initial_noise_numeric
0.001,0.0,40.08672225980576,3.050841124091662e-11,initial_noise_numeric
0.001,0.0,40.14955411287755,2.928433227378406e-11,initial_noise_numeric
0.001,0.0,40.21238596594935,3.028942728415344e-11,initial_noise_numeric
0.001,0.0,40.27521781902115,2.94197803683343e-11,initial_noise_numeric
0.001,0.0,40.33804967209294,2.9681571238052955e-11,initial_noise_numeric
0.001,0.0,40.40088152516474,2.9084124496462027e-11,initial_noise_numeric
0.001,0.0,40.463713378236534,2.8335179481832017e-11,initial_noise_numeric
0.001,0.0,40.52654523130833,2.923382476709818e-11,initial_noise_numeric
0.001,0.0,40.589377084380125,2.718470671710542e-11,initial_noise_numeric
0.001,0.0,40.652208937451924,2.7281898080845533e-11,initial_noise_numeric
0.001,0.0,40.715040790523716,2.6565165414859663e-11,initial_noise_numeric
0.001,0.0,40.777872643595515,2.5914287245241216e-11,initial_noise_numeric
0.001,0.0,40.84070449666731,2.6641082905772893e-11,initial_noise_numeric
0.001,0.0,40.903536349739106,2.389414451785871e-11,initial_noise_numeric
0.001,0.0,40.9663682028109,2.4169230772568957e-11,initial_noise_numeric
0.001,0.0,41.029200055882704,2.2661079824706236e-11,initial_noise_numeric
0.001,0.0,41.092031908954496,2.181315186056696e-11,initial_noise_numeric
0.001,0.0,41.15486376202629,2.1599811667959453e-11,initial_noise_numeric
0.001,0.0,41.21769561509808,1.9245305606669715e-11,initial_noise_numeric
0.001,0.0,41.280527468169886,1.9271479924036385e-11,initial_noise_numeric
0.001,0.0,41.34335932124168,1.7345417627963433e-11,initial_noise_numeric
0.001,0.0,41.40619117431347,1.7192182267721277e-11,initial_noise_numeric
0.001,0.0,41.46902302738526,1.602922777237749e-11,initial_noise_numeric
0.001,0.0,41.53185488045707,1.5136335238383503e-11,initial_noise_numeric
0.001,0.0,41.59468673352886,1.4113478146205653e-11,initial_noise_numeric
0.001,0.0,41.65751858660065,1.2862586515265408e-11,initial_noise_numeric
0.001,0.0,41.72035043967246,1.2029332796314612e-11,initial_noise_numeric
0.001,0.0,41.78318229274425,1.1240168111968717e-11,initial_noise_numeric
0.001,0.0,41.84601414581604,1.0253646569285269e-11,initial_noise_numeric
0.001,0.0,41.908845998887834,9.995201026642195e-12,initial_noise_numeric
0.001,0.0,41.97167785195964,8.593599851941974e-12,initial_noise_numeric
0.001,0.0,42.03450970503143,8.28020970071815e-12,initial_noise_numeric
0.001,0.0,42.097341558103224,7.599504991148859e-12,initial_noise_numeric
0.001,0.0,42.160173411175016,7.205752908628523e-12,initial_noise_numeric
0.001,0.0,42.22300526424682,6.93230016901458e-12,initial_noise_numeric
0.001,0.0,42.285837117318614,6.050895503566158e-12,initial_noise_numeric
0.001,0.0,42.348668970390406,6.06775689525673e-12,initial_noise_numeric
0.001,0.0,42.41150082346221,5.362314702574589e-12,initial_noise_numeric
0.001,0.0,42.474332676534004,5.30119301872283e-12,initial_noise_numeric
0.001,0.0,42.537164529605796,4.867789796057599e-12,initial_noise_numeric
0.001,0.0,42.59999638267759,4.6956847080457644e-12,initial_noise_numeric
0.001,0.0,42.662828235749394,4.465940134328923e-12,initial_noise_numeric
0.001,0.0,42.725660088821186,4.205446844583134e-12,initial_noise_numeric
0.001,0.0,42.78849194189298,4.062460858837379e-12,initial_noise_numeric
0.001,0.0,42.85132379496477,4.0199827828185095e-12,initial_noise_numeric
0.001,0.0,42.91415564803658,3.808570604003549e-12,initial_noise_numeric
0.001,0.0,42.97698750110837,3.7971331369764486e-12,initial_noise_numeric
0.001,0.0,43.03981935418016,3.716609748208607e-12,initial_noise_numeric
0.001,0.0,43.10265120725197,3.6194058334924002e-12,initial_noise_numeric
0.001,0.0,43.16548306032376,3.690402387334768e-12,initial_noise_numeric
0.001,0.0,43.22831491339555,3.5203847214149906e-12,initial_noise_numeric
0.001,0.0,43.29114676646734,3.6367519821194278e-12,initial_noise_numeric
0.001,0.0,43.35397861953915,3.5027054279174934e-12,initial_noise_numeric
0.001,0.0,43.41681047261094,3.4609440917907748e-12,initial_noise_numeric
0.001,0.0,43.47964232568273,3.587989370600847e-12,initial_noise_numeric
0.001,0.0,43.54247417875453,3.479855679086439e-12,initial_noise_numeric
0.001,0.0,43.60530603182633,3.5983257780745407e-12,initial_noise_numeric
0.001,0.0,43.66813788489812,3.477643827531766e-12,initial_noise_numeric
0.001,0.0,43.730969737969914,3.4794892427943224e-12,initial_noise_numeric
0.001,0.0,43.79380159104172,3.5720074853378577e-12,initial_noise_numeric
0.001,0.0,43.85663344411351,3.4461606020153245e-12,initial_noise_numeric
0.001,0.0,43.919465297185305,3.6244827265821952e-12,initial_noise_numeric
0.001,0.0,43.9822971502571,3.4764301211184974e-12,initial_noise_numeric
0.001,0.0,44.0451290033289,3.546571648504859e-12,initial_noise_numeric
0.001,0.0,44.107960856400695,3.4585429321320365e-12,initial_noise_numeric
0.001,0.0,44.17079270947249,3.4946452219251515e-12,initial_noise_numeric
0.001,0.0,44.233624562544286,3.4886571100318467e-12,initial_noise_numeric
0.001,0.0,44.296456415616085,3.446742678965251e-12,initial_noise_numeric
0.001,0.0,44.35928826868788,3.43402154640371e-12,initial_noise_numeric
0.001,0.0,44.42212012175967,3.3623549287813456e-12,initial_noise_numeric
0.001,0.0,44.484951974831475,3.4086610338902625e-12,initial_noise_numeric
0.001,0.0,44.54778382790327,3.4468366455522967e-12,initial_noise_numeric
0.001,0.0,44.61061568097506,3.4531952317636967e-12,initial_noise_numeric
0.001,0.0,44.67344753404686,3.3907472998105117e-12,initial_noise_numeric
0.001,0.0,44.73627938711866,3.3823252894248754e-12,initial_noise_numeric
0.001,0.0,44.79911124019045,3.3147976617277888e-12,initial_noise_numeric
0.001,0.0,44.86194309326224,3.261262219951235e-12,initial_noise_numeric
0.001,0.0,44.92477494633405,3.395051032902266e-12,initial_noise_numeric
0.001,0.0,44.98760679940584,3.280699406936814e-12,initial_noise_numeric
0.001,0.0,45.05043865247763,3.2221697481631235e-12,initial_noise_numeric
0.001,0.0,45.11327050554942,3.245765868923736e-12,initial_noise_numeric
0.001,0.0,45.17610235862123,3.1860128794429164e-12,initial_noise_numeric
0.001,0.0,45.23893421169302,3.266093444977359e-12,initial_noise_numeric
0.001,0.0,45.30176606476481,3.001787224586655e-12,initial_noise_numeric
0.001,0.0,45.36459791783661,2.921833111758407e-12,initial_noise_numeric
0.001,0.0,45.42742977090841,3.0065060800835992e-12,initial_noise_numeric
0.001,0.0,45.4902616239802,4.544963868586583e-12,initial_noise_numeric
0.001,0.0,0.06283185307179587,0.012605501705105125,continuous_theory_from_H0
0.001,0.0,0.12566370614359174,0.017120272878806138,continuous_theory_from_H0
0.001,0.0,0.18849555921538758,0.02366042673010292,continuous_theory_from_H0
0.001,0.0,0.25132741228718347,0.03205816539388681,continuous_theory_from_H0
0.001,0.0,0.3141592653589793,0.040903262074287294,continuous_theory_from_H0
0.001,0.0,0.37699111843077515,0.0499012308859306,continuous_theory_from_H0
0.001,0.0,0.43982297150257105,0.05881078148874939,continuous_theory_from_H0
0.001,0.0,0.5026548245743669,0.06701231941318297,continuous_theory_from_H0
0.001,0.0,0.5654866776461628,0.0751423642556334,continuous_theory_from_H0
0.001,0.0,0.6283185307179586,0.08403866361208435,continuous_theory_from_H0
0.001,0.0,0.6911503837897545,0.09311750141040061,continuous_theory_from_H0
0.001,0.0,0.7539822368615503,0.10379636831085004,continuous_theory_from_H0
0.001,0.0,0.8168140899333463,0.11321546322645595,continuous_theory_from_H0
0.001,0.0,0.8796459430051421,0.12286384106675137,continuous_theory_from_H0
0.001,0.0,0.9424777960769378,0.1314826868617916,continuous_theory_from_H0
0.001,0.0,1.0053096491487339,0.14085484964191453,continuous_theory_from_H0
0.001,0.0,1.0681415022205298,0.15113617406025878,continuous_theory_from_H0
0.001,0.0,1.1309733552923256,0.1589818752075489,continuous_theory_from_H0
0.001,0.0,1.1938052083641213,0.167643059277801,continuous_theory_from_H0
0.001,0.0,1.2566370614359172,0.17505957143378914,continuous_theory_from_H0
0.001,0.0,1.3194689145077132,0.18283022319355516,continuous_theory_from_H0
0.001,0.0,1.382300767579509,0.19292559031861528,continuous_theory_from_H0
0.001,0.0,1.4451326206513047,0.20130429785275297,continuous_theory_from_H0
0.001,0.0,1.5079644737231006,0.2108770936940484,continuous_theory_from_H0
0.001,0.0,1.5707963267948966,0.21826701312974434,continuous_theory_from_H0
0.001,0.0,1.6336281798666925,0.22678841900827876,continuous_theory_from_H0
0.001,0.0,1.6964600329384882,0.2366584616504831,continuous_theory_from_H0
0.001,0.0,1.7592918860102842,0.245189677470486,continuous_theory_from_H0
0.001,0.0,1.8221237390820801,0.25606835696298286,continuous_theory_from_H0
0.001,0.0,1.8849555921538756,0.2646819168833598,continuous_theory_from_H0
0.001,0.0,1.9477874452256716,0.27222641480711696,continuous_theory_from_H0
0.001,0.0,2.0106192982974678,0.2796531440102592,continuous_theory_from_H0
0.001,0.0,2.0734511513692637,0.28838758115695434,continuous_theory_from_H0
0.001,0.0,2.1362830044410597,0.29521620110334945,continuous_theory_from_H0
0.001,0.0,2.199114857512855,0.3045855292242181,continuous_theory_from_H0
0.001,0.0,2.261946710584651,0.3151136486424793,continuous_theory_from_H0
0.001,0.0,2.324778563656447,0.32357692193127924,continuous_theory_from_H0
0.001,0.0,2.3876104167282426,0.3326132768614113,continuous_theory_from_H0
0.001,0.0,2.4504422698000385,0.34085616603185676,continuous_theory_from_H0
0.001,0.0,2.5132741228718345,0.35012637780218636,continuous_theory_from_H0
0.001,0.0,2.57610597594363,0.357405894740989,continuous_theory_from_H0
0.001,0.0,2.6389378290154264,0.3645913664919832,continuous_theory_from_H0
0.001,0.0,2.701769682087222,0.37150011506101205,continuous_theory_from_H0
0.001,0.0,2.764601535159018,0.37896493698029515,continuous_theory_from_H0
0.001,0.0,2.827433388230814,0.3870615817472216,continuous_theory_from_H0
0.001,0.0,2.8902652413026093,0.39551269767238195,continuous_theory_from_H0
0.001,0.0,2.9530970943744057,0.404746551932997,continuous_theory_from_H0
0.001,0.0,3.015928947446201,0.41191550697437496,continuous_theory_from_H0
0.001,0.0,3.078760800517997,0.4174735477764919,continuous_theory_from_H0
0.001,0.0,3.141592653589793,0.42534204287797306,continuous_theory_from_H0
0.001,0.0,3.204424506661589,0.43228797592098295,continuous_theory_from_H0
0.001,0.0,3.267256359733385,0.4369075714355992,continuous_theory_from_H0
0.001,0.0,3.330088212805181,0.44621359202637645,continuous_theory_from_H0
0.001,0.0,3.3929200658769765,0.45190226262439553,continuous_theory_from_H0
0.001,0.0,3.4557519189487724,0.456200901826199,continuous_theory_from_H0
0.001,0.0,3.5185837720205684,0.46386521378966644,continuous_theory_from_H0
0.001,0.0,3.581415625092364,0.46750665638346495,continuous_theory_from_H0
0.001,0.0,3.6442474781641603,0.47233282247062486,continuous_theory_from_H0
0.001,0.0,3.707079331235956,0.4806058852722616,continuous_theory_from_H0
0.001,0.0,3.7699111843077513,0.48909458292926933,continuous_theory_from_H0
0.001,0.0,3.8327430373795477,0.496015075355132,continuous_theory_from_H0
0.001,0.0,3.895574890451343,0.5015145627446874,continuous_theory_from_H0
0.001,0.0,3.9584067435231396,0.5037896398149836,continuous_theory_from_H0
0.001,0.0,4.0212385965949355,0.5056370246506721,continuous_theory_from_H0
0.001,0.0,4.084070449666731,0.5104301418040309,continuous_theory_from_H0
0.001,0.0,4.1469023027385274,0.5143870510511035,continuous_theory_from_H0
0.001,0.0,4.209734155810323,0.5193322670724948,continuous_theory_from_H0
0.001,0.0,4.272566008882119,0.5236494687269143,continuous_theory_from_H0
0.001,0.0,4.335397861953915,0.5242417117289107,continuous_theory_from_H0
0.001,0.0,4.39822971502571,0.5298626014397481,continuous_theory_from_H0
0.001,0.0,4.461061568097507,0.5320767982099512,continuous_theory_from_H0
0.001,0.0,4.523893421169302,0.5302625995376571,continuous_theory_from_H0
0.001,0.0,4.586725274241098,0.5333130548398248,continuous_theory_from_H0
0.001,0.0,4.649557127312894,0.534182241308552,continuous_theory_from_H0
0.001,0.0,4.71238898038469,0.5367720791474524,continuous_theory_from_H0
0.001,0.0,4.775220833456485,0.5436886099892693,continuous_theory_from_H0
0.001,0.0,4.838052686528282,0.5434114522570954,continuous_theory_from_H0
0.001,0.0,4.900884539600077,0.5440452602796293,continuous_theory_from_H0
0.001,0.0,4.9637163926718735,0.5435340135751558,continuous_theory_from_H0
0.001,0.0,5.026548245743669,0.5411950642563749,continuous_theory_from_H0
0.001,0.0,5.0893800988154645,0.5451813625225325,continuous_theory_from_H0
0.001,0.0,5.15221195188726,0.5448836625934568,continuous_theory_from_H0
0.001,0.0,5.215043804959057,0.5454288668935217,continuous_theory_from_H0
0.001,0.0,5.277875658030853,0.544960350345449,continuous_theory_from_H0
0.001,0.0,5.340707511102648,0.5424261599915849,continuous_theory_from_H0
0.001,0.0,5.403539364174444,0.5400557271962474,continuous_theory_from_H0
0.001,0.0,5.466371217246239,0.5378671448115078,continuous_theory_from_H0
0.001,0.0,5.529203070318036,0.5348995864939785,continuous_theory_from_H0
0.001,0.0,5.592034923389832,0.5335368168338449,continuous_theory_from_H0
0.001,0.0,5.654866776461628,0.5314971420318084,continuous_theory_from_H0
0.001,0.0,5.717698629533423,0.5299997936915665,continuous_theory_from_H0
0.001,0.0,5.780530482605219,0.5285868633338204,continuous_theory_from_H0
0.001,0.0,5.843362335677015,0.5248958173171515,continuous_theory_from_H0
0.001,0.0,5.906194188748811,0.5236748790194871,continuous_theory_from_H0
0.001,0.0,5.969026041820607,0.5222580222835582,continuous_theory_from_H0
0.001,0.0,6.031857894892402,0.5205929856211832,continuous_theory_from_H0
0.001,0.0,6.094689747964199,0.5173427098242679,continuous_theory_from_H0
0.001,0.0,6.157521601035994,0.5153202108650681,continuous_theory_from_H0
0.001,0.0,6.220353454107791,0.5134697774248662,continuous_theory_from_H0
0.001,0.0,6.283185307179586,0.5118617446765574,continuous_theory_from_H0
0.001,0.0,6.346017160251382,0.5100603006991822,continuous_theory_from_H0
0.001,0.0,6.408849013323178,0.5061939557680668,continuous_theory_from_H0
0.001,0.0,6.471680866394974,0.5013390800259281,continuous_theory_from_H0
0.001,0.0,6.53451271946677,0.49778027006929354,continuous_theory_from_H0
0.001,0.0,6.5973445725385655,0.49535361612034823,continuous_theory_from_H0
0.001,0.0,6.660176425610362,0.49221484262925286,continuous_theory_from_H0
0.001,0.0,6.7230082786821574,0.4885926666397864,continuous_theory_from_H0
0.001,0.0,6.785840131753953,0.48437315127564756,continuous_theory_from_H0
0.001,0.0,6.8486719848257485,0.482896700971733,continuous_theory_from_H0
0.001,0.0,6.911503837897545,0.48070532082294315,continuous_theory_from_H0
0.001,0.0,6.974335690969341,0.47767853893719314,continuous_theory_from_H0
0.001,0.0,7.037167544041137,0.4752876138769809,continuous_theory_from_H0
0.001,0.0,7.099999397112932,0.47086339044270686,continuous_theory_from_H0
0.001,0.0,7.162831250184728,0.46830943038490114,continuous_theory_from_H0
0.001,0.0,7.225663103256525,0.46563090377533656,continuous_theory_from_H0
0.001,0.0,7.288494956328321,0.45995566533184595,continuous_theory_from_H0
0.001,0.0,7.351326809400116,0.45765834515267273,continuous_theory_from_H0
0.001,0.0,7.414158662471912,0.45217521171505076,continuous_theory_from_H0
0.001,0.0,7.476990515543707,0.4497247593688238,continuous_theory_from_H0
0.001,0.0,7.539822368615503,0.44593748776951947,continuous_theory_from_H0
0.001,0.0,7.6026542216873,0.44311239311510964,continuous_theory_from_H0
0.001,0.0,7.665486074759095,0.44094784147911037,continuous_theory_from_H0
0.001,0.0,7.728317927830891,0.4375812575927984,continuous_theory_from_H0
0.001,0.0,7.791149780902686,0.43665603849836254,continuous_theory_from_H0
0.001,0.0,7.853981633974482,0.4325199146453401,continuous_theory_from_H0
0.001,0.0,7.916813487046279,0.4315406662157113,continuous_theory_from_H0
0.001,0.0,7.979645340118075,0.4301718967173719,continuous_theory_from_H0
0.001,0.0,8.042477193189871,0.4276144370080772,continuous_theory_from_H0
0.001,0.0,8.105309046261667,0.42586281768646506,continuous_theory_from_H0
0.001,0.0,8.168140899333462,0.42169812245788085,continuous_theory_from_H0
0.001,0.0,8.230972752405258,0.41774995516947083,continuous_theory_from_H0
0.001,0.0,8.293804605477055,0.4154950573467747,continuous_theory_from_H0
0.001,0.0,8.35663645854885,0.41337850553281286,continuous_theory_from_H0
0.001,0.0,8.419468311620646,0.41137513004746645,continuous_theory_from_H0
0.001,0.0,8.482300164692441,0.4114149540059124,continuous_theory_from_H0
0.001,0.0,8.545132017764239,0.40910023056311984,continuous_theory_from_H0
0.001,0.0,8.607963870836034,0.40611675542429765,continuous_theory_from_H0
0.001,0.0,8.67079572390783,0.40373931750926484,continuous_theory_from_H0
0.001,0.0,8.733627576979625,0.4001885765276551,continuous_theory_from_H0
0.001,0.0,8.79645943005142,0.3987218466634423,continuous_theory_from_H0
0.001,0.0,8.859291283123216,0.39469896868578863,continuous_theory_from_H0
0.001,0.0,8.922123136195014,0.3931868875301421,continuous_theory_from_H0
0.001,0.0,8.984954989266809,0.39120247935111063,continuous_theory_from_H0
0.001,0.0,9.047786842338605,0.39005115067870477,continuous_theory_from_H0
0.001,0.0,9.1106186954104,0.3904104899677772,continuous_theory_from_H0
0.001,0.0,9.173450548482196,0.3886445111153425,continuous_theory_from_H0
0.001,0.0,9.236282401553993,0.3869735777181592,continuous_theory_from_H0
0.001,0.0,9.299114254625788,0.38505427696035743,continuous_theory_from_H0
0.001,0.0,9.361946107697584,0.38357581917458305,continuous_theory_from_H0
0.001,0.0,9.42477796076938,0.3826608652578514,continuous_theory_from_H0
0.001,0.0,9.487609813841175,0.37998102722077276,continuous_theory_from_H0
0.001,0.0,9.55044166691297,0.37881846996236707,continuous_theory_from_H0
0.001,0.0,9.613273519984768,0.37656238145092247,continuous_theory_from_H0
0.001,0.0,9.676105373056563,0.3749500309249899,continuous_theory_from_H0
0.001,0.0,9.738937226128359,0.37553912773396203,continuous_theory_from_H0
0.001,0.0,9.801769079200154,0.3721248663521832,continuous_theory_from_H0
0.001,0.0,9.86460093227195,0.3707052874760223,continuous_theory_from_H0
0.001,0.0,9.927432785343747,0.3710120213978479,continuous_theory_from_H0
0.001,0.0,9.990264638415542,0.3690598061525045,continuous_theory_from_H0
0.001,0.0,10.053096491487338,0.36923468502072004,continuous_theory_from_H0
0.001,0.0,10.115928344559133,0.36920317880631925,continuous_theory_from_H0
0.001,0.0,10.178760197630929,0.3666112485840601,continuous_theory_from_H0
0.001,0.0,10.241592050702724,0.36665241009310845,continuous_theory_from_H0
0.001,0.0,10.30442390377452,0.36596686239046905,continuous_theory_from_H0
0.001,0.0,10.367255756846316,0.36464947434135814,continuous_theory_from_H0
0.001,0.0,10.430087609918115,0.3630376517891647,continuous_theory_from_H0
0.001,0.0,10.49291946298991,0.3603457488953982,continuous_theory_from_H0
0.001,0.0,10.555751316061706,0.358637235046743,continuous_theory_from_H0
0.001,0.0,10.618583169133501,0.3582849023753949,continuous_theory_from_H0
0.001,0.0,10.681415022205297,0.35753462583106693,continuous_theory_from_H0
0.001,0.0,10.744246875277092,0.3578705579584622,continuous_theory_from_H0
0.001,0.0,10.807078728348888,0.3577955081591818,continuous_theory_from_H0
0.001,0.0,10.869910581420683,0.3555068566980426,continuous_theory_from_H0
0.001,0.0,10.932742434492479,0.3550623416279768,continuous_theory_from_H0
0.001,0.0,10.995574287564274,0.3528425835083867,continuous_theory_from_H0
0.001,0.0,11.058406140636071,0.3520422050781673,continuous_theory_from_H0
0.001,0.0,11.121237993707869,0.3515596666389176,continuous_theory_from_H0
0.001,0.0,11.184069846779664,0.3513625516260594,continuous_theory_from_H0
0.001,0.0,11.24690169985146,0.3513322749162101,continuous_theory_from_H0
0.001,0.0,11.309733552923255,0.35081521403091825,continuous_theory_from_H0
0.001,0.0,11.37256540599505,0.349974266485285,continuous_theory_from_H0
0.001,0.0,11.435397259066846,0.3482562979503032,continuous_theory_from_H0
0.001,0.0,11.498229112138642,0.34764496159334424,continuous_theory_from_H0
0.001,0.0,11.561060965210437,0.3468136689951329,continuous_theory_from_H0
0.001,0.0,11.623892818282235,0.3467570164527058,continuous_theory_from_H0
0.001,0.0,11.68672467135403,0.3466585489541025,continuous_theory_from_H0
0.001,0.0,11.749556524425827,0.346509176848077,continuous_theory_from_H0
0.001,0.0,11.812388377497623,0.34565493100600403,continuous_theory_from_H0
0.001,0.0,11.875220230569418,0.34562336473783506,continuous_theory_from_H0
0.001,0.0,11.938052083641214,0.3450868752364929,continuous_theory_from_H0
0.001,0.0,12.00088393671301,0.344491848226587,continuous_theory_from_H0
0.001,0.0,12.063715789784805,0.3437554908159131,continuous_theory_from_H0
0.001,0.0,12.1265476428566,0.34308707824615886,continuous_theory_from_H0
0.001,0.0,12.189379495928398,0.3427521854042948,continuous_theory_from_H0
0.001,0.0,12.252211349000193,0.3428030847115893,continuous_theory_from_H0
0.001,0.0,12.315043202071989,0.34319228162191684,continuous_theory_from_H0
0.001,0.0,12.377875055143784,0.3428377825561391,continuous_theory_from_H0
0.001,0.0,12.440706908215581,0.3420707895092192,continuous_theory_from_H0
0.001,0.0,12.503538761287377,0.3406197120832866,continuous_theory_from_H0
0.001,0.0,12.566370614359172,0.33964500952885,continuous_theory_from_H0
0.001,0.0,12.629202467430968,0.3390879383059131,continuous_theory_from_H0
0.001,0.0,12.692034320502763,0.33915550897643176,continuous_theory_from_H0
0.001,0.0,12.75486617357456,0.3382270606637461,continuous_theory_from_H0
0.001,0.0,12.817698026646356,0.3381245651761722,continuous_theory_from_H0
0.001,0.0,12.880529879718152,0.33914555479281566,continuous_theory_from_H0
0.001,0.0,12.943361732789947,0.33907294744142014,continuous_theory_from_H0
0.001,0.0,13.006193585861743,0.34105229554469624,continuous_theory_from_H0
0.001,0.0,13.06902543893354,0.3400688957634905,continuous_theory_from_H0
0.001,0.0,13.131857292005336,0.3395650111453845,continuous_theory_from_H0
0.001,0.0,13.194689145077131,0.3391512468453546,continuous_theory_from_H0
0.001,0.0,13.257520998148927,0.33752999626805985,continuous_theory_from_H0
0.001,0.0,13.320352851220724,0.3384501049477987,continuous_theory_from_H0
0.001,0.0,13.38318470429252,0.33891291316049554,continuous_theory_from_H0
0.001,0.0,13.446016557364315,0.33786015739582564,continuous_theory_from_H0
0.001,0.0,13.50884841043611,0.3378663153183362,continuous_theory_from_H0
0.001,0.0,13.571680263507906,0.3377004743753053,continuous_theory_from_H0
0.001,0.0,13.634512116579701,0.33665795198295123,continuous_theory_from_H0
0.001,0.0,13.697343969651497,0.3380206184365696,continuous_theory_from_H0
0.001,0.0,13.760175822723294,0.3375667364006867,continuous_theory_from_H0
0.001,0.0,13.82300767579509,0.3369534807801088,continuous_theory_from_H0
0.001,0.0,13.885839528866887,0.33580445001539294,continuous_theory_from_H0
0.001,0.0,13.948671381938683,0.3360303521667215,continuous_theory_from_H0
0.001,0.0,14.011503235010478,0.3370058104285472,continuous_theory_from_H0
0.001,0.0,14.074335088082274,0.3372474754578325,continuous_theory_from_H0
0.001,0.0,14.137166941154069,0.3373535862279837,continuous_theory_from_H0
0.001,0.0,14.199998794225865,0.33654724978192907,continuous_theory_from_H0
0.001,0.0,14.26283064729766,0.3361348127941276,continuous_theory_from_H0
0.001,0.0,14.325662500369456,0.3366440854114314,continuous_theory_from_H0
0.001,0.0,14.388494353441251,0.33668492099167385,continuous_theory_from_H0
0.001,0.0,14.45132620651305,0.3362398868249913,continuous_theory_from_H0
0.001,0.0,14.514158059584846,0.3369329411881467,continuous_theory_from_H0
0.001,0.0,14.576989912656641,0.3372982230000384,continuous_theory_from_H0
0.001,0.0,14.639821765728437,0.33888874289897647,continuous_theory_from_H0
0.001,0.0,14.702653618800232,0.33997342651913753,continuous_theory_from_H0
0.001,0.0,14.765485471872028,0.3400592900468434,continuous_theory_from_H0
0.001,0.0,14.828317324943823,0.33983441944953746,continuous_theory_from_H0
0.001,0.0,14.891149178015619,0.33911625828042846,continuous_theory_from_H0
0.001,0.0,14.953981031087414,0.33909982818654943,continuous_theory_from_H0
0.001,0.0,15.01681288415921,0.33973609091075624,continuous_theory_from_H0
0.001,0.0,15.079644737231005,0.3401014969116199,continuous_theory_from_H0
0.001,0.0,15.142476590302804,0.3397992050684292,continuous_theory_from_H0
0.001,0.0,15.2053084433746,0.3399441769733282,continuous_theory_from_H0
0.001,0.0,15.268140296446395,0.3398153528181251,continuous_theory_from_H0
0.001,0.0,15.33097214951819,0.34050931420494196,continuous_theory_from_H0
0.001,0.0,15.393804002589986,0.34158076842446206,continuous_theory_from_H0
0.001,0.0,15.456635855661782,0.34218298573196576,continuous_theory_from_H0
0.001,0.0,15.519467708733577,0.3419098771909176,continuous_theory_from_H0
0.001,0.0,15.582299561805373,0.34111091905246227,continuous_theory_from_H0
0.001,0.0,15.645131414877168,0.3422472801208118,continuous_theory_from_H0
0.001,0.0,15.707963267948964,0.34290842340729566,continuous_theory_from_H0
0.001,0.0,15.770795121020763,0.34423992755239363,continuous_theory_from_H0
0.001,0.0,15.833626974092558,0.3454914463393677,continuous_theory_from_H0
0.001,0.0,15.896458827164354,0.34508760476522804,continuous_theory_from_H0
0.001,0.0,15.95929068023615,0.3450351434294808,continuous_theory_from_H0
0.001,0.0,16.022122533307947,0.34440657094808863,continuous_theory_from_H0
0.001,0.0,16.084954386379742,0.3442024269805331,continuous_theory_from_H0
0.001,0.0,16.147786239451538,0.3449193499549536,continuous_theory_from_H0
0.001,0.0,16.210618092523333,0.34492053731639716,continuous_theory_from_H0
0.001,0.0,16.27344994559513,0.3459386875990046,continuous_theory_from_H0
0.001,0.0,16.336281798666924,0.34662368430770674,continuous_theory_from_H0
0.001,0.0,16.39911365173872,0.34634787112672916,continuous_theory_from_H0
0.001,0.0,16.461945504810515,0.3477671820034589,continuous_theory_from_H0
0.001,0.0,16.524777357882314,0.3488785931447437,continuous_theory_from_H0
0.001,0.0,16.58760921095411,0.34900208209306927,continuous_theory_from_H0
0.001,0.0,16.650441064025905,0.3489159137186473,continuous_theory_from_H0
0.001,0.0,16.7132729170977,0.34881983356996676,continuous_theory_from_H0
0.001,0.0,16.776104770169496,0.3482246778474934,continuous_theory_from_H0
0.001,0.0,16.838936623241292,0.34975929181305315,continuous_theory_from_H0
0.001,0.0,16.901768476313087,0.3503793033993754,continuous_theory_from_H0
0.001,0.0,16.964600329384883,0.3503449164843725,continuous_theory_from_H0
0.001,0.0,17.02743218245668,0.3509441386444708,continuous_theory_from_H0
0.001,0.0,17.090264035528477,0.35084208830551417,continuous_theory_from_H0
0.001,0.0,17.153095888600273,0.3522334869532809,continuous_theory_from_H0
0.001,0.0,17.21592774167207,0.3525541129541477,continuous_theory_from_H0
0.001,0.0,17.278759594743864,0.3532309680031471,continuous_theory_from_H0
0.001,0.0,17.34159144781566,0.3535483791933692,continuous_theory_from_H0
0.001,0.0,17.404423300887455,0.35355204201843926,continuous_theory_from_H0
0.001,0.0,17.46725515395925,0.35413974073708265,continuous_theory_from_H0
0.001,0.0,17.530087007031046,0.35438031976174444,continuous_theory_from_H0
0.001,0.0,17.59291886010284,0.3551184447811324,continuous_theory_from_H0
0.001,0.0,17.655750713174637,0.35602789422431064,continuous_theory_from_H0
0.001,0.0,17.718582566246432,0.35674639088355364,continuous_theory_from_H0
0.001,0.0,17.78141441931823,0.35772722328944573,continuous_theory_from_H0
0.001,0.0,17.844246272390027,0.35861887836108197,continuous_theory_from_H0
0.001,0.0,17.907078125461823,0.3594819659322983,continuous_theory_from_H0
0.001,0.0,17.969909978533618,0.360679681806168,continuous_theory_from_H0
0.001,0.0,18.032741831605414,0.3610923716453688,continuous_theory_from_H0
0.001,0.0,18.09557368467721,0.3611661811169329,continuous_theory_from_H0
0.001,0.0,18.158405537749005,0.3605721731155138,continuous_theory_from_H0
0.001,0.0,18.2212373908208,0.36152542105840607,continuous_theory_from_H0
0.001,0.0,18.284069243892596,0.3613047152496276,continuous_theory_from_H0
0.001,0.0,18.34690109696439,0.3614470251728812,continuous_theory_from_H0
0.001,0.0,18.409732950036187,0.3627971608723304,continuous_theory_from_H0
0.001,0.0,18.472564803107986,0.3630381662877491,continuous_theory_from_H0
0.001,0.0,18.53539665617978,0.3641098116066249,continuous_theory_from_H0
0.001,0.0,18.598228509251577,0.3646079860563073,continuous_theory_from_H0
0.001,0.0,18.661060362323372,0.364631895652032,continuous_theory_from_H0
0.001,0.0,18.723892215395168,0.3653801293559328,continuous_theory_from_H0
0.001,0.0,18.786724068466963,0.3664459375174912,continuous_theory_from_H0
0.001,0.0,18.84955592153876,0.36704185017975755,continuous_theory_from_H0
0.001,0.0,18.912387774610554,0.3674164292411653,continuous_theory_from_H0
0.001,0.0,18.97521962768235,0.36740694931313195,continuous_theory_from_H0
0.001,0.0,19.038051480754145,0.3669383420441765,continuous_theory_from_H0
0.001,0.0,19.10088333382594,0.3682463406796318,continuous_theory_from_H0
0.001,0.0,19.16371518689774,0.36877272172945064,continuous_theory_from_H0
0.001,0.0,19.226547039969535,0.3689726875271136,continuous_theory_from_H0
0.001,0.0,19.28937889304133,0.37013726833480187,continuous_theory_from_H0
0.001,0.0,19.352210746113126,0.3700930403875371,continuous_theory_from_H0
0.001,0.0,19.415042599184922,0.37108492165398754,continuous_theory_from_H0
0.001,0.0,19.477874452256717,0.3710981787120312,continuous_theory_from_H0
0.001,0.0,19.540706305328513,0.37120284342106374,continuous_theory_from_H0
0.001,0.0,19.60353815840031,0.37108679337687855,continuous_theory_from_H0
0.001,0.0,19.666370011472104,0.37186668469390816,continuous_theory_from_H0
0.001,0.0,19.7292018645439,0.37332196262010103,continuous_theory_from_H0
0.001,0.0,19.7920337176157,0.3744681528835698,continuous_theory_from_H0
0.001,0.0,19.854865570687494,0.3769615018886028,continuous_theory_from_H0
0.001,0.0,19.91769742375929,0.3778916770153438,continuous_theory_from_H0
0.001,0.0,19.980529276831085,0.37924058349679424,continuous_theory_from_H0
0.001,0.0,20.04336112990288,0.3799478750614673,continuous_theory_from_H0
0.001,0.0,20.106192982974676,0.3794683364899517,continuous_theory_from_H0
0.001,0.0,20.16902483604647,0.37994247536249276,continuous_theory_from_H0
0.001,0.0,20.231856689118267,0.37998768431769986,continuous_theory_from_H0
0.001,0.0,20.294688542190062,0.37881694978916514,continuous_theory_from_H0
0.001,0.0,20.357520395261858,0.37951368693539633,continuous_theory_from_H0
0.001,0.0,20.420352248333653,0.38043893442962534,continuous_theory_from_H0
0.001,0.0,20.48318410140545,0.38069572737992996,continuous_theory_from_H0
0.001,0.0,20.546015954477248,0.38305457518948555,continuous_theory_from_H0
0.001,0.0,20.60884780754904,0.3838864970431145,continuous_theory_from_H0
0.001,0.0,20.67167966062084,0.3840648624859996,continuous_theory_from_H0
0.001,0.0,20.73451151369263,0.3838977681400197,continuous_theory_from_H0
0.001,0.0,20.79734336676443,0.3840516909013957,continuous_theory_from_H0
0.001,0.0,20.86017521983623,0.383535503450416,continuous_theory_from_H0
0.001,0.0,20.92300707290802,0.38453629448153226,continuous_theory_from_H0
0.001,0.0,20.98583892597982,0.3861544252905052,continuous_theory_from_H0
0.001,0.0,21.048670779051612,0.38727445355717155,continuous_theory_from_H0
0.001,0.0,21.11150263212341,0.3893579345906536,continuous_theory_from_H0
0.001,0.0,21.174334485195203,0.3901212821957976,continuous_theory_from_H0
0.001,0.0,21.237166338267002,0.3913083809735123,continuous_theory_from_H0
0.001,0.0,21.299998191338794,0.3914852342782651,continuous_theory_from_H0
0.001,0.0,21.362830044410593,0.3917809229001794,continuous_theory_from_H0
0.001,0.0,21.425661897482385,0.3920317020941083,continuous_theory_from_H0
0.001,0.0,21.488493750554184,0.3915890634342556,continuous_theory_from_H0
0.001,0.0,21.551325603625983,0.3919229168314321,continuous_theory_from_H0
0.001,0.0,21.614157456697775,0.39187715751341595,continuous_theory_from_H0
0.001,0.0,21.676989309769574,0.39272591258069595,continuous_theory_from_H0
0.001,0.0,21.739821162841366,0.39409135499273956,continuous_theory_from_H0
0.001,0.0,21.802653015913165,0.39521920477009126,continuous_theory_from_H0
0.001,0.0,21.865484868984957,0.3961929429755536,continuous_theory_from_H0
0.001,0.0,21.928316722056756,0.3956574795421634,continuous_theory_from_H0
0.001,0.0,21.99114857512855,0.3958453963726059,continuous_theory_from_H0
0.001,0.0,22.053980428200347,0.3960525139624739,continuous_theory_from_H0
0.001,0.0,22.116812281272143,0.3963226663349503,continuous_theory_from_H0
0.001,0.0,22.17964413434394,0.39760067562940804,continuous_theory_from_H0
0.001,0.0,22.242475987415737,0.39840572419836057,continuous_theory_from_H0
0.001,0.0,22.30530784048753,0.3992929093620037,continuous_theory_from_H0
0.001,0.0,22.36813969355933,0.40076990776626215,continuous_theory_from_H0
0.001,0.0,22.43097154663112,0.4011381490533226,continuous_theory_from_H0
0.001,0.0,22.49380339970292,0.4023294634115627,continuous_theory_from_H0
0.001,0.0,22.55663525277471,0.40319454357707957,continuous_theory_from_H0
0.001,0.0,22.61946710584651,0.40363265623059785,continuous_theory_from_H0
0.001,0.0,22.682298958918306,0.40385191095989154,continuous_theory_from_H0
0.001,0.0,22.7451308119901,0.4037327653150662,continuous_theory_from_H0
0.001,0.0,22.8079626650619,0.4043268616545873,continuous_theory_from_H0
0.001,0.0,22.870794518133692,0.40461079420309626,continuous_theory_from_H0
0.001,0.0,22.93362637120549,0.4063212393524961,continuous_theory_from_H0
0.001,0.0,22.996458224277283,0.4072724243378597,continuous_theory_from_H0
0.001,0.0,23.059290077349083,0.4074248733627443,continuous_theory_from_H0
0.001,0.0,23.122121930420874,0.40787625570897873,continuous_theory_from_H0
0.001,0.0,23.184953783492674,0.4080198606315734,continuous_theory_from_H0
0.001,0.0,23.24778563656447,0.409114204033447,continuous_theory_from_H0
0.001,0.0,23.310617489636265,0.4094974936247877,continuous_theory_from_H0
0.001,0.0,23.37344934270806,0.40987590123099815,continuous_theory_from_H0
0.001,0.0,23.436281195779856,0.40997355519040385,continuous_theory_from_H0
0.001,0.0,23.499113048851655,0.4101819588710079,continuous_theory_from_H0
0.001,0.0,23.561944901923447,0.4115842617540791,continuous_theory_from_H0
0.001,0.0,23.624776754995246,0.4115676388357167,continuous_theory_from_H0
0.001,0.0,23.687608608067038,0.41211083694922546,continuous_theory_from_H0
0.001,0.0,23.750440461138837,0.41145864578863023,continuous_theory_from_H0
0.001,0.0,23.813272314210632,0.41145928544765803,continuous_theory_from_H0
0.001,0.0,23.876104167282428,0.41195427093540576,continuous_theory_from_H0
0.001,0.0,23.938936020354223,0.4127742071478522,continuous_theory_from_H0
0.001,0.0,24.00176787342602,0.4146904374375558,continuous_theory_from_H0
0.001,0.0,24.064599726497814,0.4152454719601155,continuous_theory_from_H0
0.001,0.0,24.12743157956961,0.41725069593670366,continuous_theory_from_H0
0.001,0.0,24.19026343264141,0.4176759049367282,continuous_theory_from_H0
0.001,0.0,24.2530952857132,0.41779857973862106,continuous_theory_from_H0
0.001,0.0,24.315927138785,0.417543432248437,continuous_theory_from_H0
0.001,0.0,24.378758991856795,0.4168998888524476,continuous_theory_from_H0
0.001,0.0,24.44159084492859,0.4182204914390744,continuous_theory_from_H0
0.001,0.0,24.504422698000386,0.4187259369970133,continuous_theory_from_H0
0.001,0.0,24.567254551072182,0.41997682331180397,continuous_theory_from_H0
0.001,0.0,24.630086404143977,0.4211198035607681,continuous_theory_from_H0
0.001,0.0,24.692918257215773,0.4206078950412817,continuous_theory_from_H0
0.001,0.0,24.75575011028757,0.4207432548255875,continuous_theory_from_H0
0.001,0.0,24.818581963359364,0.4216547234975283,continuous_theory_from_H0
0.001,0.0,24.881413816431163,0.4229204375456518,continuous_theory_from_H0
0.001,0.0,24.94424566950296,0.42328364322076534,continuous_theory_from_H0
0.001,0.0,25.007077522574754,0.42346178880252,continuous_theory_from_H0
0.001,0.0,25.06990937564655,0.42347233214660496,continuous_theory_from_H0
0.001,0.0,25.132741228718345,0.42319474735052065,continuous_theory_from_H0
0.001,0.0,25.19557308179014,0.42494678973405015,continuous_theory_from_H0
0.001,0.0,25.258404934861936,0.42617404726701474,continuous_theory_from_H0
0.001,0.0,25.32123678793373,0.42716035583015327,continuous_theory_from_H0
0.001,0.0,25.384068641005527,0.4277127993475757,continuous_theory_from_H0
0.001,0.0,25.446900494077322,0.4270088174262683,continuous_theory_from_H0
0.001,0.0,25.50973234714912,0.4274568930342363,continuous_theory_from_H0
0.001,0.0,25.572564200220917,0.42784439639154315,continuous_theory_from_H0
0.001,0.0,25.635396053292713,0.42807363730482817,continuous_theory_from_H0
0.001,0.0,25.698227906364508,0.4294239078468889,continuous_theory_from_H0
0.001,0.0,25.761059759436304,0.4295957673399963,continuous_theory_from_H0
0.001,0.0,25.8238916125081,0.4305458274408476,continuous_theory_from_H0
0.001,0.0,25.886723465579895,0.43198121852261184,continuous_theory_from_H0
0.001,0.0,25.94955531865169,0.43260654618874556,continuous_theory_from_H0
0.001,0.0,26.012387171723486,0.4336513347344007,continuous_theory_from_H0
0.001,0.0,26.075219024795285,0.43340877414832457,continuous_theory_from_H0
0.001,0.0,26.13805087786708,0.4340631199432987,continuous_theory_from_H0
0.001,0.0,26.200882730938876,0.4348159448614099,continuous_theory_from_H0
0.001,0.0,26.26371458401067,0.4352541752868057,continuous_theory_from_H0
0.001,0.0,26.326546437082467,0.4363047638610871,continuous_theory_from_H0
0.001,0.0,26.389378290154262,0.4364708076365559,continuous_theory_from_H0
0.001,0.0,26.452210143226058,0.4366942824154629,continuous_theory_from_H0
0.001,0.0,26.515041996297853,0.4365548893295922,continuous_theory_from_H0
0.001,0.0,26.57787384936965,0.4370502813263882,continuous_theory_from_H0
0.001,0.0,26.640705702441448,0.4369622331440943,continuous_theory_from_H0
0.001,0.0,26.70353755551324,0.4378117662687028,continuous_theory_from_H0
0.001,0.0,26.76636940858504,0.4385994444476074,continuous_theory_from_H0
0.001,0.0,26.829201261656834,0.43869676026271576,continuous_theory_from_H0
0.001,0.0,26.89203311472863,0.4407337455465612,continuous_theory_from_H0
0.001,0.0,26.954864967800425,0.43988983707781887,continuous_theory_from_H0
0.001,0.0,27.01769682087222,0.4408367613028178,continuous_theory_from_H0
0.001,0.0,27.080528673944016,0.4410721125664726,continuous_theory_from_H0
0.001,0.0,27.143360527015812,0.4413635483862644,continuous_theory_from_H0
0.001,0.0,27.20619238008761,0.4427743287276078,continuous_theory_from_H0
0.001,0.0,27.269024233159403,0.4432125461432691,continuous_theory_from_H0
0.001,0.0,27.331856086231202,0.44451402948631685,continuous_theory_from_H0
0.001,0.0,27.394687939302994,0.444132719848659,continuous_theory_from_H0
0.001,0.0,27.457519792374793,0.4445839605035693,continuous_theory_from_H0
0.001,0.0,27.52035164544659,0.44479272287708865,continuous_theory_from_H0
0.001,0.0,27.583183498518384,0.44432689288193017,continuous_theory_from_H0
0.001,0.0,27.64601535159018,0.44470988983296544,continuous_theory_from_H0
0.001,0.0,27.708847204661975,0.4445381664887495,continuous_theory_from_H0
0.001,0.0,27.771679057733774,0.44565696036256086,continuous_theory_from_H0
0.001,0.0,27.834510910805566,0.4465301482394662,continuous_theory_from_H0
0.001,0.0,27.897342763877365,0.4475150097268309,continuous_theory_from_H0
0.001,0.0,27.960174616949157,0.44881129598061253,continuous_theory_from_H0
0.001,0.0,28.023006470020956,0.4485174691289642,continuous_theory_from_H0
0.001,0.0,28.085838323092748,0.4494434582681072,continuous_theory_from_H0
0.001,0.0,28.148670176164547,0.44941836690846526,continuous_theory_from_H0
0.001,0.0,28.211502029236343,0.44965923952121795,continuous_theory_from_H0
0.001,0.0,28.274333882308138,0.45005250367015803,continuous_theory_from_H0
0.001,0.0,28.337165735379937,0.4507591465962706,continuous_theory_from_H0
0.001,0.0,28.39999758845173,0.45075503469036077,continuous_theory_from_H0
0.001,0.0,28.462829441523528,0.451759972156509,continuous_theory_from_H0
0.001,0.0,28.52566129459532,0.45277816218331257,continuous_theory_from_H0
0.001,0.0,28.58849314766712,0.4531933352366695,continuous_theory_from_H0
0.001,0.0,28.65132500073891,0.4542612700076625,continuous_theory_from_H0
0.001,0.0,28.71415685381071,0.4542946178938402,continuous_theory_from_H0
0.001,0.0,28.776988706882502,0.4541333756374625,continuous_theory_from_H0
0.001,0.0,28.8398205599543,0.45425598564173214,continuous_theory_from_H0
0.001,0.0,28.9026524130261,0.4544456310710744,continuous_theory_from_H0
0.001,0.0,28.965484266097892,0.4545201480522919,continuous_theory_from_H0
0.001,0.0,29.02831611916969,0.45641750088696426,continuous_theory_from_H0
0.001,0.0,29.091147972241483,0.4566826006186854,continuous_theory_from_H0
0.001,0.0,29.153979825313282,0.45647388993526006,continuous_theory_from_H0
0.001,0.0,29.216811678385074,0.4567317494953708,continuous_theory_from_H0
0.001,0.0,29.279643531456873,0.45652526038983304,continuous_theory_from_H0
0.001,0.0,29.342475384528665,0.4570376776288565,continuous_theory_from_H0
0.001,0.0,29.405307237600464,0.45820626297525024,continuous_theory_from_H0
0.001,0.0,29.468139090672256,0.45937400618407775,continuous_theory_from_H0
0.001,0.0,29.530970943744055,0.4596388913186524,continuous_theory_from_H0
0.001,0.0,29.593802796815854,0.46043630034273836,continuous_theory_from_H0
0.001,0.0,29.656634649887646,0.4607507343052977,continuous_theory_from_H0
0.001,0.0,29.719466502959445,0.460707957563317,continuous_theory_from_H0
0.001,0.0,29.782298356031237,0.4613589121309506,continuous_theory_from_H0
0.001,0.0,29.845130209103036,0.4613681704318601,continuous_theory_from_H0
0.001,0.0,29.90796206217483,0.4620114681840608,continuous_theory_from_H0
0.001,0.0,29.970793915246627,0.4624166169459507,continuous_theory_from_H0
0.001,0.0,30.03362576831842,0.4619377705798354,continuous_theory_from_H0
0.001,0.0,30.09645762139022,0.4628864837546476,continuous_theory_from_H0
0.001,0.0,30.15928947446201,0.4637012871585427,continuous_theory_from_H0
0.001,0.0,30.22212132753381,0.4648626002745707,continuous_theory_from_H0
0.001,0.0,30.28495318060561,0.46503193394775505,continuous_theory_from_H0
0.001,0.0,30.3477850336774,0.46461221124569646,continuous_theory_from_H0
0.001,0.0,30.4106168867492,0.4638416869133431,continuous_theory_from_H0
0.001,0.0,30.47344873982099,0.46356895078930693,continuous_theory_from_H0
0.001,0.0,30.53628059289279,0.4647038036571755,continuous_theory_from_H0
0.001,0.0,30.599112445964582,0.4645218083775932,continuous_theory_from_H0
0.001,0.0,30.66194429903638,0.46519692340171787,continuous_theory_from_H0
0.001,0.0,30.724776152108173,0.46498008402896024,continuous_theory_from_H0
0.001,0.0,30.787608005179973,0.46526348516523763,continuous_theory_from_H0
0.001,0.0,30.85043985825177,0.4664179979098393,continuous_theory_from_H0
0.001,0.0,30.913271711323564,0.46569165012217206,continuous_theory_from_H0
0.001,0.0,30.976103564395363,0.4671479325232937,continuous_theory_from_H0
0.001,0.0,31.038935417467155,0.4673522207900059,continuous_theory_from_H0
0.001,0.0,31.101767270538954,0.46712370633670397,continuous_theory_from_H0
0.001,0.0,31.164599123610746,0.46873478250206696,continuous_theory_from_H0
0.001,0.0,31.227430976682545,0.4688714460831974,continuous_theory_from_H0
0.001,0.0,31.290262829754337,0.4693056127789164,continuous_theory_from_H0
0.001,0.0,31.353094682826136,0.4705955711167373,continuous_theory_from_H0
0.001,0.0,31.415926535897928,0.4711233496698674,continuous_theory_from_H0
0.001,0.0,31.478758388969727,0.470903803198196,continuous_theory_from_H0
0.001,0.0,31.541590242041526,0.47132531297464914,continuous_theory_from_H0
0.001,0.0,31.604422095113318,0.4715816270127638,continuous_theory_from_H0
0.001,0.0,31.667253948185117,0.47175539578407266,continuous_theory_from_H0
0.001,0.0,31.73008580125691,0.4723502382579004,continuous_theory_from_H0
0.001,0.0,31.792917654328708,0.47193791530329976,continuous_theory_from_H0
0.001,0.0,31.8557495074005,0.4714382992780749,continuous_theory_from_H0
0.001,0.0,31.9185813604723,0.47203541582452885,continuous_theory_from_H0
0.001,0.0,31.98141321354409,0.472286762235832,continuous_theory_from_H0
0.001,0.0,32.04424506661589,0.4740904265417103,continuous_theory_from_H0
0.001,0.0,32.107076919687685,0.47496032392410004,continuous_theory_from_H0
0.001,0.0,32.169908772759484,0.47623833600151405,continuous_theory_from_H0
0.001,0.0,32.232740625831276,0.4777190647176708,continuous_theory_from_H0
0.001,0.0,32.295572478903075,0.4790842502874134,continuous_theory_from_H0
0.001,0.0,32.35840433197487,0.48184579079961504,continuous_theory_from_H0
0.001,0.0,32.421236185046666,0.4833582503144265,continuous_theory_from_H0
0.001,0.0,32.484068038118465,0.48461846305898104,continuous_theory_from_H0
0.001,0.0,32.54689989119026,0.4855957945413842,continuous_theory_from_H0
0.001,0.0,32.60973174426206,0.4861809741882285,continuous_theory_from_H0
0.001,0.0,32.67256359733385,0.48644068684773933,continuous_theory_from_H0
0.001,0.0,32.73539545040565,0.489052002213697,continuous_theory_from_H0
0.001,0.0,32.79822730347744,0.4912241857521089,continuous_theory_from_H0
0.001,0.0,32.86105915654924,0.4928611400469369,continuous_theory_from_H0
0.001,0.0,32.92389100962103,0.4956760848403571,continuous_theory_from_H0
0.001,0.0,32.98672286269283,0.49650158023959784,continuous_theory_from_H0
0.001,0.0,33.04955471576463,0.49666574788437146,continuous_theory_from_H0
0.001,0.0,33.11238656883642,0.49878047822696914,continuous_theory_from_H0
0.001,0.0,33.17521842190822,0.49892150999826174,continuous_theory_from_H0
0.001,0.0,33.23805027498001,0.4995722898914455,continuous_theory_from_H0
0.001,0.0,33.30088212805181,0.5010425455850143,continuous_theory_from_H0
0.001,0.0,33.3637139811236,0.5006579117077696,continuous_theory_from_H0
0.001,0.0,33.4265458341954,0.5022013566702432,continuous_theory_from_H0
0.001,0.0,33.48937768726719,0.5028455664025742,continuous_theory_from_H0
0.001,0.0,33.55220954033899,0.5036117553638891,continuous_theory_from_H0
0.001,0.0,33.61504139341079,0.505127598945991,continuous_theory_from_H0
0.001,0.0,33.677873246482584,0.5061958175961392,continuous_theory_from_H0
0.001,0.0,33.74070509955438,0.5082555277230574,continuous_theory_from_H0
0.001,0.0,33.803536952626175,0.5095554611224087,continuous_theory_from_H0
0.001,0.0,33.866368805697974,0.5104262717648153,continuous_theory_from_H0
0.001,0.0,33.929200658769766,0.5116896567720315,continuous_theory_from_H0
0.001,0.0,33.992032511841565,0.5121735728226269,continuous_theory_from_H0
0.001,0.0,34.05486436491336,0.5120463167627931,continuous_theory_from_H0
0.001,0.0,34.117696217985156,0.5121969970171999,continuous_theory_from_H0
0.001,0.0,34.180528071056955,0.5128903936585161,continuous_theory_from_H0
0.001,0.0,34.24335992412875,0.5137906965712737,continuous_theory_from_H0
0.001,0.0,34.306191777200546,0.515704867575918,continuous_theory_from_H0
0.001,0.0,34.36902363027234,0.5161030091867541,continuous_theory_from_H0
0.001,0.0,34.43185548334414,0.5175009984858282,continuous_theory_from_H0
0.001,0.0,34.49468733641593,0.5176470752926524,continuous_theory_from_H0
0.001,0.0,34.55751918948773,0.5178386137291525,continuous_theory_from_H0
0.001,0.0,34.62035104255952,0.5181354351004412,continuous_theory_from_H0
0.001,0.0,34.68318289563132,0.5190792246903237,continuous_theory_from_H0
0.001,0.0,34.74601474870311,0.5206459494005645,continuous_theory_from_H0
0.001,0.0,34.80884660177491,0.5212836378670573,continuous_theory_from_H0
0.001,0.0,34.87167845484671,0.524183222931036,continuous_theory_from_H0
0.001,0.0,34.9345103079185,0.5245221791739891,continuous_theory_from_H0
0.001,0.0,34.9973421609903,0.524862619970063,continuous_theory_from_H0
0.001,0.0,35.06017401406209,0.5263954464903405,continuous_theory_from_H0
0.001,0.0,35.12300586713389,0.5274522643235483,continuous_theory_from_H0
0.001,0.0,35.18583772020568,0.5262572258979903,continuous_theory_from_H0
0.001,0.0,35.24866957327748,0.526716186245378,continuous_theory_from_H0
0.001,0.0,35.311501426349274,0.5272148865551636,continuous_theory_from_H0
0.001,0.0,35.37433327942107,0.5272753382792562,continuous_theory_from_H0
0.001,0.0,35.437165132492865,0.5297966251575241,continuous_theory_from_H0
0.001,0.0,35.499996985564664,0.5319565598509705,continuous_theory_from_H0
0.001,0.0,35.56282883863646,0.5330593204344796,continuous_theory_from_H0
0.001,0.0,35.625660691708255,0.5340671234633084,continuous_theory_from_H0
0.001,0.0,35.688492544780054,0.534765694851477,continuous_theory_from_H0
0.001,0.0,35.751324397851846,0.5353201040015718,continuous_theory_from_H0
0.001,0.0,35.814156250923645,0.5354225168923745,continuous_theory_from_H0
0.001,0.0,35.87698810399544,0.5355780110996056,continuous_theory_from_H0
0.001,0.0,35.939819957067236,0.5355975432417789,continuous_theory_from_H0
0.001,0.0,36.00265181013903,0.5346640822011356,continuous_theory_from_H0
0.001,0.0,36.06548366321083,0.5360958580707526,continuous_theory_from_H0
0.001,0.0,36.12831551628262,0.536892326740209,continuous_theory_from_H0
0.001,0.0,36.19114736935442,0.5369715957035182,continuous_theory_from_H0
0.001,0.0,36.25397922242622,0.5384795261767947,continuous_theory_from_H0
0.001,0.0,36.31681107549801,0.5390149336658097,continuous_theory_from_H0
0.001,0.0,36.37964292856981,0.5385946405156224,continuous_theory_from_H0
0.001,0.0,36.4424747816416,0.5387077719189038,continuous_theory_from_H0
0.001,0.0,36.5053066347134,0.5393398690973797,continuous_theory_from_H0
0.001,0.0,36.56813848778519,0.5384280752020525,continuous_theory_from_H0
0.001,0.0,36.63097034085699,0.5393359893154974,continuous_theory_from_H0
0.001,0.0,36.69380219392878,0.5398338606384949,continuous_theory_from_H0
0.001,0.0,36.75663404700058,0.5393653216209867,continuous_theory_from_H0
0.001,0.0,36.81946590007237,0.5400622464569511,continuous_theory_from_H0
0.001,0.0,36.88229775314417,0.5419207382422586,continuous_theory_from_H0
0.001,0.0,36.94512960621597,0.5440999050803603,continuous_theory_from_H0
0.001,0.0,37.00796145928776,0.5444437549596604,continuous_theory_from_H0
0.001,0.0,37.07079331235956,0.5457005298256768,continuous_theory_from_H0
0.001,0.0,37.133625165431354,0.5450212645192909,continuous_theory_from_H0
0.001,0.0,37.19645701850315,0.5444118393585186,continuous_theory_from_H0
0.001,0.0,37.259288871574945,0.5473152550841289,continuous_theory_from_H0
0.001,0.0,37.322120724646744,0.5482011685401748,continuous_theory_from_H0
0.001,0.0,37.384952577718536,0.5484748235410408,continuous_theory_from_H0
0.001,0.0,37.447784430790335,0.5499541564461368,continuous_theory_from_H0
0.001,0.0,37.51061628386213,0.5496178803389706,continuous_theory_from_H0
0.001,0.0,37.573448136933926,0.549365883289197,continuous_theory_from_H0
0.001,0.0,37.636279990005725,0.549748736128228,continuous_theory_from_H0
0.001,0.0,37.69911184307752,0.5506448976360988,continuous_theory_from_H0
0.001,0.0,37.76194369614932,0.5519772885772849,continuous_theory_from_H0
0.001,0.0,37.82477554922111,0.5526665574583567,continuous_theory_from_H0
0.001,0.0,37.88760740229291,0.5530281890160536,continuous_theory_from_H0
0.001,0.0,37.9504392553647,0.5526086488225856,continuous_theory_from_H0
0.001,0.0,38.0132711084365,0.5503761197373165,continuous_theory_from_H0
0.001,0.0,38.07610296150829,0.5518450196565727,continuous_theory_from_H0
0.001,0.0,38.13893481458009,0.553302699655914,continuous_theory_from_H0
0.001,0.0,38.20176666765188,0.5538084658367863,continuous_theory_from_H0
0.001,0.0,38.26459852072368,0.5543701935846765,continuous_theory_from_H0
0.001,0.0,38.32743037379548,0.5559479448037258,continuous_theory_from_H0
0.001,0.0,38.39026222686727,0.5584572384970432,continuous_theory_from_H0
0.001,0.0,38.45309407993907,0.5598442715930873,continuous_theory_from_H0
0.001,0.0,38.51592593301086,0.5609188277972663,continuous_theory_from_H0
0.001,0.0,38.57875778608266,0.5607111325595929,continuous_theory_from_H0
0.001,0.0,38.64158963915445,0.559818578423157,continuous_theory_from_H0
0.001,0.0,38.70442149222625,0.5588165752914798,continuous_theory_from_H0
0.001,0.0,38.767253345298045,0.5595957098770996,continuous_theory_from_H0
0.001,0.0,38.830085198369844,0.5596492156785464,continuous_theory_from_H0
0.001,0.0,38.89291705144164,0.5592782764888857,continuous_theory_from_H0
0.001,0.0,38.955748904513435,0.5607054193508318,continuous_theory_from_H0
0.001,0.0,39.018580757585234,0.5612735294173157,continuous_theory_from_H0
0.001,0.0,39.081412610657026,0.5607358821412991,continuous_theory_from_H0
0.001,0.0,39.144244463728825,0.5624703377178826,continuous_theory_from_H0
0.001,0.0,39.20707631680062,0.5625639216384188,continuous_theory_from_H0
0.001,0.0,39.269908169872416,0.5615147006547574,continuous_theory_from_H0
0.001,0.0,39.33274002294421,0.5626548374914608,continuous_theory_from_H0
0.001,0.0,39.39557187601601,0.5617255368431203,continuous_theory_from_H0
0.001,0.0,39.4584037290878,0.5637345459905332,continuous_theory_from_H0
0.001,0.0,39.5212355821596,0.564407112329363,continuous_theory_from_H0
0.001,0.0,39.5840674352314,0.5620986062694973,continuous_theory_from_H0
0.001,0.0,39.64689928830319,0.5623014903052509,continuous_theory_from_H0
0.001,0.0,39.70973114137499,0.5615422045473886,continuous_theory_from_H0
0.001,0.0,39.77256299444678,0.5631930197505146,continuous_theory_from_H0
0.001,0.0,39.83539484751858,0.5663295254127985,continuous_theory_from_H0
0.001,0.0,39.89822670059037,0.5661410531079657,continuous_theory_from_H0
0.001,0.0,39.96105855366217,0.5663904834039093,continuous_theory_from_H0
0.001,0.0,40.02389040673396,0.5665807754709478,continuous_theory_from_H0
0.001,0.0,40.08672225980576,0.566092101495282,continuous_theory_from_H0
0.001,0.0,40.14955411287755,0.5693200869675028,continuous_theory_from_H0
0.001,0.0,40.21238596594935,0.5701656037691349,continuous_theory_from_H0
0.001,0.0,40.27521781902115,0.5686187109863766,continuous_theory_from_H0
0.001,0.0,40.33804967209294,0.5686497492224921,continuous_theory_from_H0
0.001,0.0,40.40088152516474,0.5657047961715709,continuous_theory_from_H0
0.001,0.0,40.463713378236534,0.5676771099464402,continuous_theory_from_H0
0.001,0.0,40.52654523130833,0.5727490768841912,continuous_theory_from_H0
0.001,0.0,40.589377084380125,0.5730557199640252,continuous_theory_from_H0
0.001,0.0,40.652208937451924,0.5738885819824782,continuous_theory_from_H0
0.001,0.0,40.715040790523716,0.5711703754832271,continuous_theory_from_H0
0.001,0.0,40.777872643595515,0.5689411550618417,continuous_theory_from_H0
0.001,0.0,40.84070449666731,0.56869710000207,continuous_theory_from_H0
0.001,0.0,40.903536349739106,0.5690970641561045,continuous_theory_from_H0
0.001,0.0,40.9663682028109,0.5704268261105185,continuous_theory_from_H0
0.001,0.0,41.029200055882704,0.570754240326907,continuous_theory_from_H0
0.001,0.0,41.092031908954496,0.5703086939906075,continuous_theory_from_H0
0.001,0.0,41.15486376202629,0.5693133143117859,continuous_theory_from_H0
0.001,0.0,41.21769561509808,0.5692243564003154,continuous_theory_from_H0
0.001,0.0,41.280527468169886,0.5680273213920497,continuous_theory_from_H0
0.001,0.0,41.34335932124168,0.5713218921944241,continuous_theory_from_H0
0.001,0.0,41.40619117431347,0.5720814769320267,continuous_theory_from_H0
0.001,0.0,41.46902302738526,0.5705463709022249,continuous_theory_from_H0
0.001,0.0,41.53185488045707,0.5701440343581219,continuous_theory_from_H0
0.001,0.0,41.59468673352886,0.5721623960570157,continuous_theory_from_H0
0.001,0.0,41.65751858660065,0.5739248777969658,continuous_theory_from_H0
0.001,0.0,41.72035043967246,0.5748661502582768,continuous_theory_from_H0
0.001,0.0,41.78318229274425,0.5769395988141063,continuous_theory_from_H0
0.001,0.0,41.84601414581604,0.5745654091374711,continuous_theory_from_H0
0.001,0.0,41.908845998887834,0.5761212007679778,continuous_theory_from_H0
0.001,0.0,41.97167785195964,0.5768363946480566,continuous_theory_from_H0
0.001,0.0,42.03450970503143,0.5771495018177493,continuous_theory_from_H0
0.001,0.0,42.097341558103224,0.5754403766531999,continuous_theory_from_H0
0.001,0.0,42.160173411175016,0.5759607824368503,continuous_theory_from_H0
0.001,0.0,42.22300526424682,0.5761212317181139,continuous_theory_from_H0
0.001,0.0,42.285837117318614,0.5785637797695476,continuous_theory_from_H0
0.001,0.0,42.348668970390406,0.5811769703762819,continuous_theory_from_H0
0.001,0.0,42.41150082346221,0.5817879387881808,continuous_theory_from_H0
0.001,0.0,42.474332676534004,0.582920501045141,continuous_theory_from_H0
0.001,0.0,42.537164529605796,0.5798979837566566,continuous_theory_from_H0
0.001,0.0,42.59999638267759,0.578551224272201,continuous_theory_from_H0
0.001,0.0,42.662828235749394,0.5775820535561529,continuous_theory_from_H0
0.001,0.0,42.725660088821186,0.5788884302018812,continuous_theory_from_H0
0.001,0.0,42.78849194189298,0.5811751093329304,continuous_theory_from_H0
0.001,0.0,42.85132379496477,0.583782368034908,continuous_theory_from_H0
0.001,0.0,42.91415564803658,0.5841073719104004,continuous_theory_from_H0
0.001,0.0,42.97698750110837,0.5828057449463959,continuous_theory_from_H0
0.001,0.0,43.03981935418016,0.5815854368531064,continuous_theory_from_H0
0.001,0.0,43.10265120725197,0.5804798495755992,continuous_theory_from_H0
0.001,0.0,43.16548306032376,0.5797132053418446,continuous_theory_from_H0
0.001,0.0,43.22831491339555,0.5771142405882833,continuous_theory_from_H0
0.001,0.0,43.29114676646734,0.5773127979347724,continuous_theory_from_H0
0.001,0.0,43.35397861953915,0.5781424966338173,continuous_theory_from_H0
0.001,0.0,43.41681047261094,0.5765124025353451,continuous_theory_from_H0
0.001,0.0,43.47964232568273,0.57806442202286,continuous_theory_from_H0
0.001,0.0,43.54247417875453,0.5788341575883305,continuous_theory_from_H0
0.001,0.0,43.60530603182633,0.5805200833301453,continuous_theory_from_H0
0.001,0.0,43.66813788489812,0.5797033163565656,continuous_theory_from_H0
0.001,0.0,43.730969737969914,0.5819080330394694,continuous_theory_from_H0
0.001,0.0,43.79380159104172,0.5836587648108678,continuous_theory_from_H0
0.001,0.0,43.85663344411351,0.5799193145553767,continuous_theory_from_H0
0.001,0.0,43.919465297185305,0.5792440125695945,continuous_theory_from_H0
0.001,0.0,43.9822971502571,0.5843933662460824,continuous_theory_from_H0
0.001,0.0,44.0451290033289,0.5842619244217664,continuous_theory_from_H0
0.001,0.0,44.107960856400695,0.5890127800528515,continuous_theory_from_H0
0.001,0.0,44.17079270947249,0.5966204140093481,continuous_theory_from_H0
0.001,0.0,44.233624562544286,0.5951511348615773,continuous_theory_from_H0
0.001,0.0,44.296456415616085,0.5889245708371252,continuous_theory_from_H0
0.001,0.0,44.35928826868788,0.5890293895589905,continuous_theory_from_H0
0.001,0.0,44.42212012175967,0.579490914356007,continuous_theory_from_H0
0.001,0.0,44.484951974831475,0.5730461136765335,continuous_theory_from_H0
0.001,0.0,44.54778382790327,0.576832062022712,continuous_theory_from_H0
0.001,0.0,44.61061568097506,0.5749234751817218,continuous_theory_from_H0
0.001,0.0,44.67344753404686,0.5743760073244497,continuous_theory_from_H0
0.001,0.0,44.73627938711866,0.5805351643011325,continuous_theory_from_H0
0.001,0.0,44.79911124019045,0.5850317522457342,continuous_theory_from_H0
0.001,0.0,44.86194309326224,0.5777941696401497,continuous_theory_from_H0
0.001,0.0,44.92477494633405,0.5811160231763235,continuous_theory_from_H0
0.001,0.0,44.98760679940584,0.5683850637417491,continuous_theory_from_H0
0.001,0.0,45.05043865247763,0.5740348117666118,continuous_theory_from_H0
0.001,0.0,45.11327050554942,0.5851695918778637,continuous_theory_from_H0
0.001,0.0,45.17610235862123,0.597283497890589,continuous_theory_from_H0
0.001,0.0,45.23893421169302,0.603282497728306,continuous_theory_from_H0
0.001,0.0,45.30176606476481,0.5961361211865389,continuous_theory_from_H0
0.001,0.0,45.36459791783661,0.5817986697169235,continuous_theory_from_H0
0.001,0.0,45.42742977090841,0.5661823840133087,continuous_theory_from_H0
0.001,0.0,45.4902616239802,0.5629250054840538,continuous_theory_from_H0
0.001,0.0,0.06283185307179587,0.0548781407405551,initial_noise_theory_from_H0
0.001,0.0,0.12566370614359174,0.05508807983172021,initial_noise_theory_from_H0
0.001,0.0,0.18849555921538758,0.05566961764451465,initial_noise_theory_from_H0
0.001,0.0,0.25132741228718347,0.05632068793600612,initial_noise_theory_from_H0
0.001,0.0,0.3141592653589793,0.05680422035180474,initial_noise_theory_from_H0
0.001,0.0,0.37699111843077515,0.056627418672160174,initial_noise_theory_from_H0
0.001,0.0,0.43982297150257105,0.0564463843296409,initial_noise_theory_from_H0
0.001,0.0,0.5026548245743669,0.05619658951000056,initial_noise_theory_from_H0
0.001,0.0,0.5654866776461628,0.055627001249887564,initial_noise_theory_from_H0
0.001,0.0,0.6283185307179586,0.055869228494016196,initial_noise_theory_from_H0
0.001,0.0,0.6911503837897545,0.05566728930743517,initial_noise_theory_from_H0
0.001,0.0,0.7539822368615503,0.05548823609658381,initial_noise_theory_from_H0
0.001,0.0,0.8168140899333463,0.05620397421565474,initial_noise_theory_from_H0
0.001,0.0,0.8796459430051421,0.056295193763451705,initial_noise_theory_from_H0
0.001,0.0,0.9424777960769378,0.05625186004889024,initial_noise_theory_from_H0
0.001,0.0,1.0053096491487339,0.05630194927324453,initial_noise_theory_from_H0
0.001,0.0,1.0681415022205298,0.0562782276501554,initial_noise_theory_from_H0
0.001,0.0,1.1309733552923256,0.056016873786341445,initial_noise_theory_from_H0
0.001,0.0,1.1938052083641213,0.056378563771947644,initial_noise_theory_from_H0
0.001,0.0,1.2566370614359172,0.05653091692160543,initial_noise_theory_from_H0
0.001,0.0,1.3194689145077132,0.05653404806983346,initial_noise_theory_from_H0
0.001,0.0,1.382300767579509,0.05669507571659771,initial_noise_theory_from_H0
0.001,0.0,1.4451326206513047,0.056400792726934504,initial_noise_theory_from_H0
0.001,0.0,1.5079644737231006,0.05607746055323215,initial_noise_theory_from_H0
0.001,0.0,1.5707963267948966,0.055649824320210206,initial_noise_theory_from_H0
0.001,0.0,1.6336281798666925,0.0557516265286262,initial_noise_theory_from_H0
0.001,0.0,1.6964600329384882,0.05563457496018582,initial_noise_theory_from_H0
0.001,0.0,1.7592918860102842,0.05569408166952278,initial_noise_theory_from_H0
0.001,0.0,1.8221237390820801,0.0557611806400054,initial_noise_theory_from_H0
0.001,0.0,1.8849555921538756,0.055578349286102016,initial_noise_theory_from_H0
0.001,0.0,1.9477874452256716,0.05538921482030733,initial_noise_theory_from_H0
0.001,0.0,2.0106192982974678,0.05531771584863003,initial_noise_theory_from_H0
0.001,0.0,2.0734511513692637,0.05527846816026766,initial_noise_theory_from_H0
0.001,0.0,2.1362830044410597,0.055067878438158066,initial_noise_theory_from_H0
0.001,0.0,2.199114857512855,0.05511745860557772,initial_noise_theory_from_H0
0.001,0.0,2.261946710584651,0.05486359019081421,initial_noise_theory_from_H0
0.001,0.0,2.324778563656447,0.0547294679899097,initial_noise_theory_from_H0
0.001,0.0,2.3876104167282426,0.054416111012415065,initial_noise_theory_from_H0
0.001,0.0,2.4504422698000385,0.0543084280853255,initial_noise_theory_from_H0
0.001,0.0,2.5132741228718345,0.05437578620257171,initial_noise_theory_from_H0
0.001,0.0,2.57610597594363,0.05435193447882293,initial_noise_theory_from_H0
0.001,0.0,2.6389378290154264,0.05436232782671729,initial_noise_theory_from_H0
0.001,0.0,2.701769682087222,0.05402646156305501,initial_noise_theory_from_H0
0.001,0.0,2.764601535159018,0.05366245953157314,initial_noise_theory_from_H0
0.001,0.0,2.827433388230814,0.053214667004780516,initial_noise_theory_from_H0
0.001,0.0,2.8902652413026093,0.0529129515345006,initial_noise_theory_from_H0
0.001,0.0,2.9530970943744057,0.052632849358811684,initial_noise_theory_from_H0
0.001,0.0,3.015928947446201,0.05225012691835054,initial_noise_theory_from_H0
0.001,0.0,3.078760800517997,0.0518641191054372,initial_noise_theory_from_H0
0.001,0.0,3.141592653589793,0.05131767464088789,initial_noise_theory_from_H0
0.001,0.0,3.204424506661589,0.05093350851638237,initial_noise_theory_from_H0
0.001,0.0,3.267256359733385,0.050401201825480885,initial_noise_theory_from_H0
0.001,0.0,3.330088212805181,0.05006110900047856,initial_noise_theory_from_H0
0.001,0.0,3.3929200658769765,0.049618274469611354,initial_noise_theory_from_H0
0.001,0.0,3.4557519189487724,0.049021121973347,initial_noise_theory_from_H0
0.001,0.0,3.5185837720205684,0.04869864923972905,initial_noise_theory_from_H0
0.001,0.0,3.581415625092364,0.048062208093790366,initial_noise_theory_from_H0
0.001,0.0,3.6442474781641603,0.04765779176186233,initial_noise_theory_from_H0
0.001,0.0,3.707079331235956,0.04707251119025137,initial_noise_theory_from_H0
0.001,0.0,3.7699111843077513,0.04637192508724424,initial_noise_theory_from_H0
0.001,0.0,3.8327430373795477,0.045803806925756425,initial_noise_theory_from_H0
0.001,0.0,3.895574890451343,0.04509551243161956,initial_noise_theory_from_H0
0.001,0.0,3.9584067435231396,0.04453707454399418,initial_noise_theory_from_H0
0.001,0.0,4.0212385965949355,0.043982062091197906,initial_noise_theory_from_H0
0.001,0.0,4.084070449666731,0.043308175183048754,initial_noise_theory_from_H0
0.001,0.0,4.1469023027385274,0.04255905496598408,initial_noise_theory_from_H0
0.001,0.0,4.209734155810323,0.04172605072690886,initial_noise_theory_from_H0
0.001,0.0,4.272566008882119,0.04080786520452807,initial_noise_theory_from_H0
0.001,0.0,4.335397861953915,0.03994008852516399,initial_noise_theory_from_H0
0.001,0.0,4.39822971502571,0.039170066229551034,initial_noise_theory_from_H0
0.001,0.0,4.461061568097507,0.038428438911803676,initial_noise_theory_from_H0
0.001,0.0,4.523893421169302,0.03754051363723271,initial_noise_theory_from_H0
0.001,0.0,4.586725274241098,0.03677640048664233,initial_noise_theory_from_H0
0.001,0.0,4.649557127312894,0.03580654149545923,initial_noise_theory_from_H0
0.001,0.0,4.71238898038469,0.03496948597302523,initial_noise_theory_from_H0
0.001,0.0,4.775220833456485,0.034136406196429284,initial_noise_theory_from_H0
0.001,0.0,4.838052686528282,0.033139057437177266,initial_noise_theory_from_H0
0.001,0.0,4.900884539600077,0.03240904802889194,initial_noise_theory_from_H0
0.001,0.0,4.9637163926718735,0.03139025403677969,initial_noise_theory_from_H0
0.001,0.0,5.026548245743669,0.03055723657184474,initial_noise_theory_from_H0
0.001,0.0,5.0893800988154645,0.029694291584110487,initial_noise_theory_from_H0
0.001,0.0,5.15221195188726,0.028731005695168413,initial_noise_theory_from_H0
0.001,0.0,5.215043804959057,0.027852638980456083,initial_noise_theory_from_H0
0.001,0.0,5.277875658030853,0.026848206649476493,initial_noise_theory_from_H0
0.001,0.0,5.340707511102648,0.025884415059494577,initial_noise_theory_from_H0
0.001,0.0,5.403539364174444,0.02486264983858378,initial_noise_theory_from_H0
0.001,0.0,5.466371217246239,0.023913463002223943,initial_noise_theory_from_H0
0.001,0.0,5.529203070318036,0.022980292685819033,initial_noise_theory_from_H0
0.001,0.0,5.592034923389832,0.022142119881662432,initial_noise_theory_from_H0
0.001,0.0,5.654866776461628,0.021277294439284715,initial_noise_theory_from_H0
0.001,0.0,5.717698629533423,0.0204196323647221,initial_noise_theory_from_H0
0.001,0.0,5.780530482605219,0.01955802285962443,initial_noise_theory_from_H0
0.001,0.0,5.843362335677015,0.018639754832464894,initial_noise_theory_from_H0
0.001,0.0,5.906194188748811,0.017814831708984805,initial_noise_theory_from_H0
0.001,0.0,5.969026041820607,0.016955773851403233,initial_noise_theory_from_H0
0.001,0.0,6.031857894892402,0.0161448149665699,initial_noise_theory_from_H0
0.001,0.0,6.094689747964199,0.015375302822866258,initial_noise_theory_from_H0
0.001,0.0,6.157521601035994,0.01457083885259152,initial_noise_theory_from_H0
0.001,0.0,6.220353454107791,0.013832919648276588,initial_noise_theory_from_H0
0.001,0.0,6.283185307179586,0.013073689186256631,initial_noise_theory_from_H0
0.001,0.0,6.346017160251382,0.012327976103056559,initial_noise_theory_from_H0
0.001,0.0,6.408849013323178,0.011595370278542091,initial_noise_theory_from_H0
0.001,0.0,6.471680866394974,0.010900104119534763,initial_noise_theory_from_H0
0.001,0.0,6.53451271946677,0.010227400966089595,initial_noise_theory_from_H0
0.001,0.0,6.5973445725385655,0.009574289714481123,initial_noise_theory_from_H0
0.001,0.0,6.660176425610362,0.00898006930715709,initial_noise_theory_from_H0
0.001,0.0,6.7230082786821574,0.008378687143644238,initial_noise_theory_from_H0
0.001,0.0,6.785840131753953,0.007833771697746876,initial_noise_theory_from_H0
0.001,0.0,6.8486719848257485,0.007294721279399783,initial_noise_theory_from_H0
0.001,0.0,6.911503837897545,0.006789553244495544,initial_noise_theory_from_H0
0.001,0.0,6.974335690969341,0.006312767099876048,initial_noise_theory_from_H0
0.001,0.0,7.037167544041137,0.005849237425251905,initial_noise_theory_from_H0
0.001,0.0,7.099999397112932,0.00543172201847103,initial_noise_theory_from_H0
0.001,0.0,7.162831250184728,0.005022464419646128,initial_noise_theory_from_H0
0.001,0.0,7.225663103256525,0.004630172736373484,initial_noise_theory_from_H0
0.001,0.0,7.288494956328321,0.004263214658227028,initial_noise_theory_from_H0
0.001,0.0,7.351326809400116,0.00391383825656064,initial_noise_theory_from_H0
0.001,0.0,7.414158662471912,0.0035868978161032613,initial_noise_theory_from_H0
0.001,0.0,7.476990515543707,0.00327990354722794,initial_noise_theory_from_H0
0.001,0.0,7.539822368615503,0.0029868900114639212,initial_noise_theory_from_H0
0.001,0.0,7.6026542216873,0.002718144614376538,initial_noise_theory_from_H0
0.001,0.0,7.665486074759095,0.002467799470315574,initial_noise_theory_from_H0
0.001,0.0,7.728317927830891,0.0022377373363912305,initial_noise_theory_from_H0
0.001,0.0,7.791149780902686,0.0020283364508752967,initial_noise_theory_from_H0
0.001,0.0,7.853981633974482,0.0018358942388191617,initial_noise_theory_from_H0
0.001,0.0,7.916813487046279,0.0016582852966255555,initial_noise_theory_from_H0
0.001,0.0,7.979645340118075,0.0014909111135762638,initial_noise_theory_from_H0
0.001,0.0,8.042477193189871,0.0013393046083591215,initial_noise_theory_from_H0
0.001,0.0,8.105309046261667,0.001199075358702125,initial_noise_theory_from_H0
0.001,0.0,8.168140899333462,0.001072546578716538,initial_noise_theory_from_H0
0.001,0.0,8.230972752405258,0.000959233408541224,initial_noise_theory_from_H0
0.001,0.0,8.293804605477055,0.0008555142537544525,initial_noise_theory_from_H0
0.001,0.0,8.35663645854885,0.0007603738979453226,initial_noise_theory_from_H0
0.001,0.0,8.419468311620646,0.0006728232148342293,initial_noise_theory_from_H0
0.001,0.0,8.482300164692441,0.0005952489782728301,initial_noise_theory_from_H0
0.001,0.0,8.545132017764239,0.0005253432523993498,initial_noise_theory_from_H0
0.001,0.0,8.607963870836034,0.00046360252592243806,initial_noise_theory_from_H0
0.001,0.0,8.67079572390783,0.0004074548940641518,initial_noise_theory_from_H0
0.001,0.0,8.733627576979625,0.0003570352533622706,initial_noise_theory_from_H0
0.001,0.0,8.79645943005142,0.00031214642884957935,initial_noise_theory_from_H0
0.001,0.0,8.859291283123216,0.0002725533939081251,initial_noise_theory_from_H0
0.001,0.0,8.922123136195014,0.00023791445422617407,initial_noise_theory_from_H0
0.001,0.0,8.984954989266809,0.00020665857242293032,initial_noise_theory_from_H0
0.001,0.0,9.047786842338605,0.00017982145140979738,initial_noise_theory_from_H0
0.001,0.0,9.1106186954104,0.00015511676764569702,initial_noise_theory_from_H0
0.001,0.0,9.173450548482196,0.00013387469276967631,initial_noise_theory_from_H0
0.001,0.0,9.236282401553993,0.00011579358999553365,initial_noise_theory_from_H0
0.001,0.0,9.299114254625788,9.932104222013791e-05,initial_noise_theory_from_H0
0.001,0.0,9.361946107697584,8.524920939803552e-05,initial_noise_theory_from_H0
0.001,0.0,9.42477796076938,7.289111673158172e-05,initial_noise_theory_from_H0
0.001,0.0,9.487609813841175,6.219865964110051e-05,initial_noise_theory_from_H0
0.001,0.0,9.55044166691297,5.3258047827067153e-05,initial_noise_theory_from_H0
0.001,0.0,9.613273519984768,4.539586649509732e-05,initial_noise_theory_from_H0
0.001,0.0,9.676105373056563,3.8753177042378045e-05,initial_noise_theory_from_H0
0.001,0.0,9.738937226128359,3.2747523489312455e-05,initial_noise_theory_from_H0
0.001,0.0,9.801769079200154,2.7781105332836102e-05,initial_noise_theory_from_H0
0.001,0.0,9.86460093227195,2.3514464045227322e-05,initial_noise_theory_from_H0
0.001,0.0,9.927432785343747,1.9808656591474158e-05,initial_noise_theory_from_H0
0.001,0.0,9.990264638415542,1.6789002523856566e-05,initial_noise_theory_from_H0
0.001,0.0,10.053096491487338,1.4142138736817906e-05,initial_noise_theory_from_H0
0.001,0.0,10.115928344559133,1.1973678011469695e-05,initial_noise_theory_from_H0
0.001,0.0,10.178760197630929,1.011780731038794e-05,initial_noise_theory_from_H0
0.001,0.0,10.241592050702724,8.564863939026243e-06,initial_noise_theory_from_H0
0.001,0.0,10.30442390377452,7.3085184168881855e-06,initial_noise_theory_from_H0
0.001,0.0,10.367255756846316,6.22142990726132e-06,initial_noise_theory_from_H0
0.001,0.0,10.430087609918115,5.355804283694548e-06,initial_noise_theory_from_H0
0.001,0.0,10.49291946298991,4.6390447977217455e-06,initial_noise_theory_from_H0
0.001,0.0,10.555751316061706,4.0521069087529706e-06,initial_noise_theory_from_H0
0.001,0.0,10.618583169133501,3.5895681046802782e-06,initial_noise_theory_from_H0
0.001,0.0,10.681415022205297,3.1939456342001926e-06,initial_noise_theory_from_H0
0.001,0.0,10.744246875277092,2.872211314439821e-06,initial_noise_theory_from_H0
0.001,0.0,10.807078728348888,2.615375220536043e-06,initial_noise_theory_from_H0
0.001,0.0,10.869910581420683,2.3981186979303458e-06,initial_noise_theory_from_H0
0.001,0.0,10.932742434492479,2.2187372952061343e-06,initial_noise_theory_from_H0
0.001,0.0,10.995574287564274,2.0703048102697014e-06,initial_noise_theory_from_H0
0.001,0.0,11.058406140636071,1.9368931801290305e-06,initial_noise_theory_from_H0
0.001,0.0,11.121237993707869,1.8224979999650108e-06,initial_noise_theory_from_H0
0.001,0.0,11.184069846779664,1.7228307347647578e-06,initial_noise_theory_from_H0
0.001,0.0,11.24690169985146,1.624571905764333e-06,initial_noise_theory_from_H0
0.001,0.0,11.309733552923255,1.5415020638929442e-06,initial_noise_theory_from_H0
0.001,0.0,11.37256540599505,1.4614371745275616e-06,initial_noise_theory_from_H0
0.001,0.0,11.435397259066846,1.3822122624914884e-06,initial_noise_theory_from_H0
0.001,0.0,11.498229112138642,1.3130785178402508e-06,initial_noise_theory_from_H0
0.001,0.0,11.561060965210437,1.244127409369198e-06,initial_noise_theory_from_H0
0.001,0.0,11.623892818282235,1.1800118131170402e-06,initial_noise_theory_from_H0
0.001,0.0,11.68672467135403,1.1180859023312892e-06,initial_noise_theory_from_H0
0.001,0.0,11.749556524425827,1.05747702065386e-06,initial_noise_theory_from_H0
0.001,0.0,11.812388377497623,1.0011811953926808e-06,initial_noise_theory_from_H0
0.001,0.0,11.875220230569418,9.483663209557522e-07,initial_noise_theory_from_H0
0.001,0.0,11.938052083641214,8.998653351363264e-07,initial_noise_theory_from_H0
0.001,0.0,12.00088393671301,8.530725101477762e-07,initial_noise_theory_from_H0
0.001,0.0,12.063715789784805,8.068040373020203e-07,initial_noise_theory_from_H0
0.001,0.0,12.1265476428566,7.59777098690565e-07,initial_noise_theory_from_H0
0.001,0.0,12.189379495928398,7.15930646505098e-07,initial_noise_theory_from_H0
0.001,0.0,12.252211349000193,6.743364017426331e-07,initial_noise_theory_from_H0
0.001,0.0,12.315043202071989,6.353041349311441e-07,initial_noise_theory_from_H0
0.001,0.0,12.377875055143784,5.994545993723314e-07,initial_noise_theory_from_H0
0.001,0.0,12.440706908215581,5.641085522535776e-07,initial_noise_theory_from_H0
0.001,0.0,12.503538761287377,5.317732084099028e-07,initial_noise_theory_from_H0
0.001,0.0,12.566370614359172,5.009212868781759e-07,initial_noise_theory_from_H0
0.001,0.0,12.629202467430968,4.708136850974547e-07,initial_noise_theory_from_H0
0.001,0.0,12.692034320502763,4.4183265404436173e-07,initial_noise_theory_from_H0
0.001,0.0,12.75486617357456,4.144710046481684e-07,initial_noise_theory_from_H0
0.001,0.0,12.817698026646356,3.8795666435799377e-07,initial_noise_theory_from_H0
0.001,0.0,12.880529879718152,3.640613964830751e-07,initial_noise_theory_from_H0
0.001,0.0,12.943361732789947,3.416156217223842e-07,initial_noise_theory_from_H0
0.001,0.0,13.006193585861743,3.1943868424980267e-07,initial_noise_theory_from_H0
0.001,0.0,13.06902543893354,2.984030425566212e-07,initial_noise_theory_from_H0
0.001,0.0,13.131857292005336,2.781582648845327e-07,initial_noise_theory_from_H0
0.001,0.0,13.194689145077131,2.5925284772421253e-07,initial_noise_theory_from_H0
0.001,0.0,13.257520998148927,2.419344118171401e-07,initial_noise_theory_from_H0
0.001,0.0,13.320352851220724,2.258478755117573e-07,initial_noise_theory_from_H0
0.001,0.0,13.38318470429252,2.1033970057694772e-07,initial_noise_theory_from_H0
0.001,0.0,13.446016557364315,1.9623136935052092e-07,initial_noise_theory_from_H0
0.001,0.0,13.50884841043611,1.821060623000269e-07,initial_noise_theory_from_H0
0.001,0.0,13.571680263507906,1.6893082116366882e-07,initial_noise_theory_from_H0
0.001,0.0,13.634512116579701,1.5719436965274165e-07,initial_noise_theory_from_H0
0.001,0.0,13.697343969651497,1.4546042056637183e-07,initial_noise_theory_from_H0
0.001,0.0,13.760175822723294,1.3516527058324773e-07,initial_noise_theory_from_H0
0.001,0.0,13.82300767579509,1.2518378699253458e-07,initial_noise_theory_from_H0
0.001,0.0,13.885839528866887,1.1574426917473782e-07,initial_noise_theory_from_H0
0.001,0.0,13.948671381938683,1.0716341993202956e-07,initial_noise_theory_from_H0
0.001,0.0,14.011503235010478,9.898166074439585e-08,initial_noise_theory_from_H0
0.001,0.0,14.074335088082274,9.154942691355904e-08,initial_noise_theory_from_H0
0.001,0.0,14.137166941154069,8.447365918584913e-08,initial_noise_theory_from_H0
0.001,0.0,14.199998794225865,7.776759462763849e-08,initial_noise_theory_from_H0
0.001,0.0,14.26283064729766,7.161735916973171e-08,initial_noise_theory_from_H0
0.001,0.0,14.325662500369456,6.596166219912566e-08,initial_noise_theory_from_H0
0.001,0.0,14.388494353441251,6.058148543362231e-08,initial_noise_theory_from_H0
0.001,0.0,14.45132620651305,5.565822439297875e-08,initial_noise_theory_from_H0
0.001,0.0,14.514158059584846,5.102120187398408e-08,initial_noise_theory_from_H0
0.001,0.0,14.576989912656641,4.6671177327499805e-08,initial_noise_theory_from_H0
0.001,0.0,14.639821765728437,4.279646602169663e-08,initial_noise_theory_from_H0
0.001,0.0,14.702653618800232,3.915688395384458e-08,initial_noise_theory_from_H0
0.001,0.0,14.765485471872028,3.5803035087677506e-08,initial_noise_theory_from_H0
0.001,0.0,14.828317324943823,3.2763942945146814e-08,initial_noise_theory_from_H0
0.001,0.0,14.891149178015619,2.995619252685173e-08,initial_noise_theory_from_H0
0.001,0.0,14.953981031087414,2.7335597078783846e-08,initial_noise_theory_from_H0
0.001,0.0,15.01681288415921,2.4909305987519333e-08,initial_noise_theory_from_H0
0.001,0.0,15.079644737231005,2.267851741725013e-08,initial_noise_theory_from_H0
0.001,0.0,15.142476590302804,2.060532223098433e-08,initial_noise_theory_from_H0
0.001,0.0,15.2053084433746,1.869767776277577e-08,initial_noise_theory_from_H0
0.001,0.0,15.268140296446395,1.6997220078681923e-08,initial_noise_theory_from_H0
0.001,0.0,15.33097214951819,1.542890603903593e-08,initial_noise_theory_from_H0
0.001,0.0,15.393804002589986,1.3964473552555693e-08,initial_noise_theory_from_H0
0.001,0.0,15.456635855661782,1.2668221465292712e-08,initial_noise_theory_from_H0
0.001,0.0,15.519467708733577,1.144444215076863e-08,initial_noise_theory_from_H0
0.001,0.0,15.582299561805373,1.033275010792466e-08,initial_noise_theory_from_H0
0.001,0.0,15.645131414877168,9.333738641696966e-09,initial_noise_theory_from_H0
0.001,0.0,15.707963267948964,8.424326534045622e-09,initial_noise_theory_from_H0
0.001,0.0,15.770795121020763,7.596852795940973e-09,initial_noise_theory_from_H0
0.001,0.0,15.833626974092558,6.847774474628976e-09,initial_noise_theory_from_H0
0.001,0.0,15.896458827164354,6.175100880277483e-09,initial_noise_theory_from_H0
0.001,0.0,15.95929068023615,5.544419720021935e-09,initial_noise_theory_from_H0
0.001,0.0,16.022122533307947,4.992761084823471e-09,initial_noise_theory_from_H0
0.001,0.0,16.084954386379742,4.475721099973004e-09,initial_noise_theory_from_H0
0.001,0.0,16.147786239451538,4.011970232400053e-09,initial_noise_theory_from_H0
0.001,0.0,16.210618092523333,3.5996627228509025e-09,initial_noise_theory_from_H0
0.001,0.0,16.27344994559513,3.213787654873622e-09,initial_noise_theory_from_H0
0.001,0.0,16.336281798666924,2.8839684579912486e-09,initial_noise_theory_from_H0
0.001,0.0,16.39911365173872,2.5824241831295744e-09,initial_noise_theory_from_H0
0.001,0.0,16.461945504810515,2.3097124127087626e-09,initial_noise_theory_from_H0
0.001,0.0,16.524777357882314,2.067706005219757e-09,initial_noise_theory_from_H0
0.001,0.0,16.58760921095411,1.8479380121723169e-09,initial_noise_theory_from_H0
0.001,0.0,16.650441064025905,1.6537170276880775e-09,initial_noise_theory_from_H0
0.001,0.0,16.7132729170977,1.4760801750009463e-09,initial_noise_theory_from_H0
0.001,0.0,16.776104770169496,1.3238345131186657e-09,initial_noise_theory_from_H0
0.001,0.0,16.838936623241292,1.1838178691852519e-09,initial_noise_theory_from_H0
0.001,0.0,16.901768476313087,1.060354089193202e-09,initial_noise_theory_from_H0
0.001,0.0,16.964600329384883,9.557275816590418e-10,initial_noise_theory_from_H0
0.001,0.0,17.02743218245668,8.58157451022566e-10,initial_noise_theory_from_H0
0.001,0.0,17.090264035528477,7.729373534517859e-10,initial_noise_theory_from_H0
0.001,0.0,17.153095888600273,6.991323945028059e-10,initial_noise_theory_from_H0
0.001,0.0,17.21592774167207,6.326569411356527e-10,initial_noise_theory_from_H0
0.001,0.0,17.278759594743864,5.770289253380283e-10,initial_noise_theory_from_H0
0.001,0.0,17.34159144781566,5.274135996743277e-10,initial_noise_theory_from_H0
0.001,0.0,17.404423300887455,4.832502298355245e-10,initial_noise_theory_from_H0
0.001,0.0,17.46725515395925,4.4692345046896106e-10,initial_noise_theory_from_H0
0.001,0.0,17.530087007031046,4.1594863977264903e-10,initial_noise_theory_from_H0
0.001,0.0,17.59291886010284,3.8764656198700243e-10,initial_noise_theory_from_H0
0.001,0.0,17.655750713174637,3.641307456432382e-10,initial_noise_theory_from_H0
0.001,0.0,17.718582566246432,3.431325916391112e-10,initial_noise_theory_from_H0
0.001,0.0,17.78141441931823,3.234572350347556e-10,initial_noise_theory_from_H0
0.001,0.0,17.844246272390027,3.0822226408310416e-10,initial_noise_theory_from_H0
0.001,0.0,17.907078125461823,2.944238422897403e-10,initial_noise_theory_from_H0
0.001,0.0,17.969909978533618,2.8400099719861483e-10,initial_noise_theory_from_H0
0.001,0.0,18.032741831605414,2.7447558708017307e-10,initial_noise_theory_from_H0
0.001,0.0,18.09557368467721,2.6583270032710504e-10,initial_noise_theory_from_H0
0.001,0.0,18.158405537749005,2.584208815300973e-10,initial_noise_theory_from_H0
0.001,0.0,18.2212373908208,2.502571860389295e-10,initial_noise_theory_from_H0
0.001,0.0,18.284069243892596,2.437193730755728e-10,initial_noise_theory_from_H0
0.001,0.0,18.34690109696439,2.385875812858423e-10,initial_noise_theory_from_H0
0.001,0.0,18.409732950036187,2.337684668911322e-10,initial_noise_theory_from_H0
0.001,0.0,18.472564803107986,2.2944776042145725e-10,initial_noise_theory_from_H0
0.001,0.0,18.53539665617978,2.248224719573417e-10,initial_noise_theory_from_H0
0.001,0.0,18.598228509251577,2.2050664020094737e-10,initial_noise_theory_from_H0
0.001,0.0,18.661060362323372,2.1611273114409912e-10,initial_noise_theory_from_H0
0.001,0.0,18.723892215395168,2.1281188950938936e-10,initial_noise_theory_from_H0
0.001,0.0,18.786724068466963,2.1079401157878561e-10,initial_noise_theory_from_H0
0.001,0.0,18.84955592153876,2.0769081422182495e-10,initial_noise_theory_from_H0
0.001,0.0,18.912387774610554,2.0632110914466994e-10,initial_noise_theory_from_H0
0.001,0.0,18.97521962768235,2.0302786562743759e-10,initial_noise_theory_from_H0
0.001,0.0,19.038051480754145,1.9980492032311057e-10,initial_noise_theory_from_H0
0.001,0.0,19.10088333382594,1.9841435151896379e-10,initial_noise_theory_from_H0
0.001,0.0,19.16371518689774,1.943188951578854e-10,initial_noise_theory_from_H0
0.001,0.0,19.226547039969535,1.9196579622037975e-10,initial_noise_theory_from_H0
0.001,0.0,19.28937889304133,1.8902208896995938e-10,initial_noise_theory_from_H0
0.001,0.0,19.352210746113126,1.8587697310845453e-10,initial_noise_theory_from_H0
0.001,0.0,19.415042599184922,1.832359424468164e-10,initial_noise_theory_from_H0
0.001,0.0,19.477874452256717,1.8058156700968953e-10,initial_noise_theory_from_H0
0.001,0.0,19.540706305328513,1.7866488865558133e-10,initial_noise_theory_from_H0
0.001,0.0,19.60353815840031,1.7584168700338855e-10,initial_noise_theory_from_H0
0.001,0.0,19.666370011472104,1.7392544787803077e-10,initial_noise_theory_from_H0
0.001,0.0,19.7292018645439,1.71105713490806e-10,initial_noise_theory_from_H0
0.001,0.0,19.7920337176157,1.6770759055222412e-10,initial_noise_theory_from_H0
0.001,0.0,19.854865570687494,1.654190345217151e-10,initial_noise_theory_from_H0
0.001,0.0,19.91769742375929,1.6338138754311445e-10,initial_noise_theory_from_H0
0.001,0.0,19.980529276831085,1.6184722647812363e-10,initial_noise_theory_from_H0
0.001,0.0,20.04336112990288,1.5963113238209486e-10,initial_noise_theory_from_H0
0.001,0.0,20.106192982974676,1.5669318233540896e-10,initial_noise_theory_from_H0
0.001,0.0,20.16902483604647,1.5371652428656762e-10,initial_noise_theory_from_H0
0.001,0.0,20.231856689118267,1.5067631893506365e-10,initial_noise_theory_from_H0
0.001,0.0,20.294688542190062,1.48522487705574e-10,initial_noise_theory_from_H0
0.001,0.0,20.357520395261858,1.4574147808444415e-10,initial_noise_theory_from_H0
0.001,0.0,20.420352248333653,1.432279144913617e-10,initial_noise_theory_from_H0
0.001,0.0,20.48318410140545,1.4084146537753292e-10,initial_noise_theory_from_H0
0.001,0.0,20.546015954477248,1.3786638465831528e-10,initial_noise_theory_from_H0
0.001,0.0,20.60884780754904,1.3497874750436535e-10,initial_noise_theory_from_H0
0.001,0.0,20.67167966062084,1.319948593751349e-10,initial_noise_theory_from_H0
0.001,0.0,20.73451151369263,1.2926591381258056e-10,initial_noise_theory_from_H0
0.001,0.0,20.79734336676443,1.2661920332215695e-10,initial_noise_theory_from_H0
0.001,0.0,20.86017521983623,1.2442429268929102e-10,initial_noise_theory_from_H0
0.001,0.0,20.92300707290802,1.2135484267081788e-10,initial_noise_theory_from_H0
0.001,0.0,20.98583892597982,1.1822240714218116e-10,initial_noise_theory_from_H0
0.001,0.0,21.048670779051612,1.1548697549385225e-10,initial_noise_theory_from_H0
0.001,0.0,21.11150263212341,1.1254157113412325e-10,initial_noise_theory_from_H0
0.001,0.0,21.174334485195203,1.1022579831850049e-10,initial_noise_theory_from_H0
0.001,0.0,21.237166338267002,1.074849088618983e-10,initial_noise_theory_from_H0
0.001,0.0,21.299998191338794,1.0477632593198077e-10,initial_noise_theory_from_H0
0.001,0.0,21.362830044410593,1.0214306242282406e-10,initial_noise_theory_from_H0
0.001,0.0,21.425661897482385,9.907240143302989e-11,initial_noise_theory_from_H0
0.001,0.0,21.488493750554184,9.62138661674727e-11,initial_noise_theory_from_H0
0.001,0.0,21.551325603625983,9.344112283265096e-11,initial_noise_theory_from_H0
0.001,0.0,21.614157456697775,9.075810923512859e-11,initial_noise_theory_from_H0
0.001,0.0,21.676989309769574,8.832735333462075e-11,initial_noise_theory_from_H0
0.001,0.0,21.739821162841366,8.616001450802935e-11,initial_noise_theory_from_H0
0.001,0.0,21.802653015913165,8.39023400012916e-11,initial_noise_theory_from_H0
0.001,0.0,21.865484868984957,8.146380184246447e-11,initial_noise_theory_from_H0
0.001,0.0,21.928316722056756,7.933513339541915e-11,initial_noise_theory_from_H0
0.001,0.0,21.99114857512855,7.720695407379136e-11,initial_noise_theory_from_H0
0.001,0.0,22.053980428200347,7.535494103572499e-11,initial_noise_theory_from_H0
0.001,0.0,22.116812281272143,7.369582831323821e-11,initial_noise_theory_from_H0
0.001,0.0,22.17964413434394,7.16570202247923e-11,initial_noise_theory_from_H0
0.001,0.0,22.242475987415737,6.971968934356264e-11,initial_noise_theory_from_H0
0.001,0.0,22.30530784048753,6.798788481076676e-11,initial_noise_theory_from_H0
0.001,0.0,22.36813969355933,6.644735194491518e-11,initial_noise_theory_from_H0
0.001,0.0,22.43097154663112,6.549234620304766e-11,initial_noise_theory_from_H0
0.001,0.0,22.49380339970292,6.447474757976915e-11,initial_noise_theory_from_H0
0.001,0.0,22.55663525277471,6.346807002652259e-11,initial_noise_theory_from_H0
0.001,0.0,22.61946710584651,6.235678093292086e-11,initial_noise_theory_from_H0
0.001,0.0,22.682298958918306,6.138052646041405e-11,initial_noise_theory_from_H0
0.001,0.0,22.7451308119901,6.056426267746926e-11,initial_noise_theory_from_H0
0.001,0.0,22.8079626650619,5.973158272662018e-11,initial_noise_theory_from_H0
0.001,0.0,22.870794518133692,5.95079390961669e-11,initial_noise_theory_from_H0
0.001,0.0,22.93362637120549,5.91350644956252e-11,initial_noise_theory_from_H0
0.001,0.0,22.996458224277283,5.852094048515436e-11,initial_noise_theory_from_H0
0.001,0.0,23.059290077349083,5.813834681893057e-11,initial_noise_theory_from_H0
0.001,0.0,23.122121930420874,5.8013079864408544e-11,initial_noise_theory_from_H0
0.001,0.0,23.184953783492674,5.79943179102438e-11,initial_noise_theory_from_H0
0.001,0.0,23.24778563656447,5.8143144900062195e-11,initial_noise_theory_from_H0
0.001,0.0,23.310617489636265,5.821535852727404e-11,initial_noise_theory_from_H0
0.001,0.0,23.37344934270806,5.80044583281614e-11,initial_noise_theory_from_H0
0.001,0.0,23.436281195779856,5.8173574397098205e-11,initial_noise_theory_from_H0
0.001,0.0,23.499113048851655,5.835512063144049e-11,initial_noise_theory_from_H0
0.001,0.0,23.561944901923447,5.886715160912048e-11,initial_noise_theory_from_H0
0.001,0.0,23.624776754995246,5.939807315714388e-11,initial_noise_theory_from_H0
0.001,0.0,23.687608608067038,5.972495852427259e-11,initial_noise_theory_from_H0
0.001,0.0,23.750440461138837,6.055633274888837e-11,initial_noise_theory_from_H0
0.001,0.0,23.813272314210632,6.110809454587129e-11,initial_noise_theory_from_H0
0.001,0.0,23.876104167282428,6.207738376058295e-11,initial_noise_theory_from_H0
0.001,0.0,23.938936020354223,6.301879598654075e-11,initial_noise_theory_from_H0
0.001,0.0,24.00176787342602,6.382820625499818e-11,initial_noise_theory_from_H0
0.001,0.0,24.064599726497814,6.503580290450167e-11,initial_noise_theory_from_H0
0.001,0.0,24.12743157956961,6.576435868949448e-11,initial_noise_theory_from_H0
0.001,0.0,24.19026343264141,6.68145696164778e-11,initial_noise_theory_from_H0
0.001,0.0,24.2530952857132,6.803780165996588e-11,initial_noise_theory_from_H0
0.001,0.0,24.315927138785,6.905412445125631e-11,initial_noise_theory_from_H0
0.001,0.0,24.378758991856795,7.065961307367901e-11,initial_noise_theory_from_H0
0.001,0.0,24.44159084492859,7.161260414709523e-11,initial_noise_theory_from_H0
0.001,0.0,24.504422698000386,7.250611731463848e-11,initial_noise_theory_from_H0
0.001,0.0,24.567254551072182,7.339665922798369e-11,initial_noise_theory_from_H0
0.001,0.0,24.630086404143977,7.410080852410517e-11,initial_noise_theory_from_H0
0.001,0.0,24.692918257215773,7.519778588156426e-11,initial_noise_theory_from_H0
0.001,0.0,24.75575011028757,7.620835492055266e-11,initial_noise_theory_from_H0
0.001,0.0,24.818581963359364,7.71082822095847e-11,initial_noise_theory_from_H0
0.001,0.0,24.881413816431163,7.772714062556816e-11,initial_noise_theory_from_H0
0.001,0.0,24.94424566950296,7.84671999649353e-11,initial_noise_theory_from_H0
0.001,0.0,25.007077522574754,7.897187087781673e-11,initial_noise_theory_from_H0
0.001,0.0,25.06990937564655,7.931745602803291e-11,initial_noise_theory_from_H0
0.001,0.0,25.132741228718345,7.968601437763309e-11,initial_noise_theory_from_H0
0.001,0.0,25.19557308179014,7.976530390864333e-11,initial_noise_theory_from_H0
0.001,0.0,25.258404934861936,8.02021926847197e-11,initial_noise_theory_from_H0
0.001,0.0,25.32123678793373,8.037131177188055e-11,initial_noise_theory_from_H0
0.001,0.0,25.384068641005527,8.055409937674918e-11,initial_noise_theory_from_H0
0.001,0.0,25.446900494077322,8.108881979169211e-11,initial_noise_theory_from_H0
0.001,0.0,25.50973234714912,8.03420837324563e-11,initial_noise_theory_from_H0
0.001,0.0,25.572564200220917,8.025684948234618e-11,initial_noise_theory_from_H0
0.001,0.0,25.635396053292713,7.947626145017322e-11,initial_noise_theory_from_H0
0.001,0.0,25.698227906364508,7.858221073078501e-11,initial_noise_theory_from_H0
0.001,0.0,25.761059759436304,7.855034140227696e-11,initial_noise_theory_from_H0
0.001,0.0,25.8238916125081,7.750010650549619e-11,initial_noise_theory_from_H0
0.001,0.0,25.886723465579895,7.748179504002774e-11,initial_noise_theory_from_H0
0.001,0.0,25.94955531865169,7.680660930850375e-11,initial_noise_theory_from_H0
0.001,0.0,26.012387171723486,7.575711178788422e-11,initial_noise_theory_from_H0
0.001,0.0,26.075219024795285,7.56020566514083e-11,initial_noise_theory_from_H0
0.001,0.0,26.13805087786708,7.407192068218444e-11,initial_noise_theory_from_H0
0.001,0.0,26.200882730938876,7.320776755790667e-11,initial_noise_theory_from_H0
0.001,0.0,26.26371458401067,7.265262442883463e-11,initial_noise_theory_from_H0
0.001,0.0,26.326546437082467,7.137702783485721e-11,initial_noise_theory_from_H0
0.001,0.0,26.389378290154262,7.095926348856423e-11,initial_noise_theory_from_H0
0.001,0.0,26.452210143226058,6.984637454053966e-11,initial_noise_theory_from_H0
0.001,0.0,26.515041996297853,6.911118474841311e-11,initial_noise_theory_from_H0
0.001,0.0,26.57787384936965,6.821309442470043e-11,initial_noise_theory_from_H0
0.001,0.0,26.640705702441448,6.740170586474265e-11,initial_noise_theory_from_H0
0.001,0.0,26.70353755551324,6.68553093550421e-11,initial_noise_theory_from_H0
0.001,0.0,26.76636940858504,6.585174243616269e-11,initial_noise_theory_from_H0
0.001,0.0,26.829201261656834,6.527220815913785e-11,initial_noise_theory_from_H0
0.001,0.0,26.89203311472863,6.467285688874694e-11,initial_noise_theory_from_H0
0.001,0.0,26.954864967800425,6.396600454551663e-11,initial_noise_theory_from_H0
0.001,0.0,27.01769682087222,6.355245576177136e-11,initial_noise_theory_from_H0
0.001,0.0,27.080528673944016,6.27401573019321e-11,initial_noise_theory_from_H0
0.001,0.0,27.143360527015812,6.18346064822475e-11,initial_noise_theory_from_H0
0.001,0.0,27.20619238008761,6.124384084450243e-11,initial_noise_theory_from_H0
0.001,0.0,27.269024233159403,6.036231054284806e-11,initial_noise_theory_from_H0
0.001,0.0,27.331856086231202,5.997781057167049e-11,initial_noise_theory_from_H0
0.001,0.0,27.394687939302994,5.925246325283127e-11,initial_noise_theory_from_H0
0.001,0.0,27.457519792374793,5.836740208616115e-11,initial_noise_theory_from_H0
0.001,0.0,27.52035164544659,5.800731122485914e-11,initial_noise_theory_from_H0
0.001,0.0,27.583183498518384,5.710886257985874e-11,initial_noise_theory_from_H0
0.001,0.0,27.64601535159018,5.666101092833094e-11,initial_noise_theory_from_H0
0.001,0.0,27.708847204661975,5.634155346960451e-11,initial_noise_theory_from_H0
0.001,0.0,27.771679057733774,5.5395447085918306e-11,initial_noise_theory_from_H0
0.001,0.0,27.834510910805566,5.513515678492512e-11,initial_noise_theory_from_H0
0.001,0.0,27.897342763877365,5.4454621399911216e-11,initial_noise_theory_from_H0
0.001,0.0,27.960174616949157,5.367715473392767e-11,initial_noise_theory_from_H0
0.001,0.0,28.023006470020956,5.31178177117157e-11,initial_noise_theory_from_H0
0.001,0.0,28.085838323092748,5.243716488471099e-11,initial_noise_theory_from_H0
0.001,0.0,28.148670176164547,5.211961075452843e-11,initial_noise_theory_from_H0
0.001,0.0,28.211502029236343,5.173918894608281e-11,initial_noise_theory_from_H0
0.001,0.0,28.274333882308138,5.125406188652917e-11,initial_noise_theory_from_H0
0.001,0.0,28.337165735379937,5.0987985272959944e-11,initial_noise_theory_from_H0
0.001,0.0,28.39999758845173,5.029466945320546e-11,initial_noise_theory_from_H0
0.001,0.0,28.462829441523528,4.967199262969749e-11,initial_noise_theory_from_H0
0.001,0.0,28.52566129459532,4.937400473040864e-11,initial_noise_theory_from_H0
0.001,0.0,28.58849314766712,4.864656469238236e-11,initial_noise_theory_from_H0
0.001,0.0,28.65132500073891,4.807894221484356e-11,initial_noise_theory_from_H0
0.001,0.0,28.71415685381071,4.764913166209948e-11,initial_noise_theory_from_H0
0.001,0.0,28.776988706882502,4.7227694329772006e-11,initial_noise_theory_from_H0
0.001,0.0,28.8398205599543,4.69432740623115e-11,initial_noise_theory_from_H0
0.001,0.0,28.9026524130261,4.67021601803039e-11,initial_noise_theory_from_H0
0.001,0.0,28.965484266097892,4.615069537911894e-11,initial_noise_theory_from_H0
0.001,0.0,29.02831611916969,4.588671727147177e-11,initial_noise_theory_from_H0
0.001,0.0,29.091147972241483,4.551529691901753e-11,initial_noise_theory_from_H0
0.001,0.0,29.153979825313282,4.5075561413164913e-11,initial_noise_theory_from_H0
0.001,0.0,29.216811678385074,4.4803793334296e-11,initial_noise_theory_from_H0
0.001,0.0,29.279643531456873,4.398418209663484e-11,initial_noise_theory_from_H0
0.001,0.0,29.342475384528665,4.345489554541724e-11,initial_noise_theory_from_H0
0.001,0.0,29.405307237600464,4.297621948055683e-11,initial_noise_theory_from_H0
0.001,0.0,29.468139090672256,4.2443294683010805e-11,initial_noise_theory_from_H0
0.001,0.0,29.530970943744055,4.2184508446919915e-11,initial_noise_theory_from_H0
0.001,0.0,29.593802796815854,4.163816698659651e-11,initial_noise_theory_from_H0
0.001,0.0,29.656634649887646,4.127195078302458e-11,initial_noise_theory_from_H0
0.001,0.0,29.719466502959445,4.099481861680554e-11,initial_noise_theory_from_H0
0.001,0.0,29.782298356031237,4.02803512556696e-11,initial_noise_theory_from_H0
0.001,0.0,29.845130209103036,3.995589073402829e-11,initial_noise_theory_from_H0
0.001,0.0,29.90796206217483,3.942860654370841e-11,initial_noise_theory_from_H0
0.001,0.0,29.970793915246627,3.87288606753474e-11,initial_noise_theory_from_H0
0.001,0.0,30.03362576831842,3.8295065053262173e-11,initial_noise_theory_from_H0
0.001,0.0,30.09645762139022,3.7707562637805715e-11,initial_noise_theory_from_H0
0.001,0.0,30.15928947446201,3.7396354690679995e-11,initial_noise_theory_from_H0
0.001,0.0,30.22212132753381,3.7030145362571286e-11,initial_noise_theory_from_H0
0.001,0.0,30.28495318060561,3.6851979658267836e-11,initial_noise_theory_from_H0
0.001,0.0,30.3477850336774,3.6342109265729875e-11,initial_noise_theory_from_H0
0.001,0.0,30.4106168867492,3.591053034215544e-11,initial_noise_theory_from_H0
0.001,0.0,30.47344873982099,3.552195457637155e-11,initial_noise_theory_from_H0
0.001,0.0,30.53628059289279,3.49673719754692e-11,initial_noise_theory_from_H0
0.001,0.0,30.599112445964582,3.478188983777428e-11,initial_noise_theory_from_H0
0.001,0.0,30.66194429903638,3.4375307174895586e-11,initial_noise_theory_from_H0
0.001,0.0,30.724776152108173,3.439294134495517e-11,initial_noise_theory_from_H0
0.001,0.0,30.787608005179973,3.403495659616996e-11,initial_noise_theory_from_H0
0.001,0.0,30.85043985825177,3.336752771711137e-11,initial_noise_theory_from_H0
0.001,0.0,30.913271711323564,3.2992551807931635e-11,initial_noise_theory_from_H0
0.001,0.0,30.976103564395363,3.240086334496322e-11,initial_noise_theory_from_H0
0.001,0.0,31.038935417467155,3.221508933982625e-11,initial_noise_theory_from_H0
0.001,0.0,31.101767270538954,3.2154103619955865e-11,initial_noise_theory_from_H0
0.001,0.0,31.164599123610746,3.1898834886075174e-11,initial_noise_theory_from_H0
0.001,0.0,31.227430976682545,3.1581839205369466e-11,initial_noise_theory_from_H0
0.001,0.0,31.290262829754337,3.1220086249939725e-11,initial_noise_theory_from_H0
0.001,0.0,31.353094682826136,3.088618639947543e-11,initial_noise_theory_from_H0
0.001,0.0,31.415926535897928,3.0594279115089086e-11,initial_noise_theory_from_H0
0.001,0.0,31.478758388969727,3.0365856153453707e-11,initial_noise_theory_from_H0
0.001,0.0,31.541590242041526,3.017698747806221e-11,initial_noise_theory_from_H0
0.001,0.0,31.604422095113318,3.001059922722053e-11,initial_noise_theory_from_H0
0.001,0.0,31.667253948185117,2.9708935030640314e-11,initial_noise_theory_from_H0
0.001,0.0,31.73008580125691,2.9344139933873726e-11,initial_noise_theory_from_H0
0.001,0.0,31.792917654328708,2.905530693331901e-11,initial_noise_theory_from_H0
0.001,0.0,31.8557495074005,2.8810651389443576e-11,initial_noise_theory_from_H0
0.001,0.0,31.9185813604723,2.853091353687538e-11,initial_noise_theory_from_H0
0.001,0.0,31.98141321354409,2.8518995532728125e-11,initial_noise_theory_from_H0
0.001,0.0,32.04424506661589,2.821345145978824e-11,initial_noise_theory_from_H0
0.001,0.0,32.107076919687685,2.8235905800423283e-11,initial_noise_theory_from_H0
0.001,0.0,32.169908772759484,2.8301634708001058e-11,initial_noise_theory_from_H0
0.001,0.0,32.232740625831276,2.8418222830013042e-11,initial_noise_theory_from_H0
0.001,0.0,32.295572478903075,2.8684239231083508e-11,initial_noise_theory_from_H0
0.001,0.0,32.35840433197487,2.8645112795511012e-11,initial_noise_theory_from_H0
0.001,0.0,32.421236185046666,2.88953131430915e-11,initial_noise_theory_from_H0
0.001,0.0,32.484068038118465,2.8800920802528467e-11,initial_noise_theory_from_H0
0.001,0.0,32.54689989119026,2.8892798647428552e-11,initial_noise_theory_from_H0
0.001,0.0,32.60973174426206,2.912439961051629e-11,initial_noise_theory_from_H0
0.001,0.0,32.67256359733385,2.8726497591799553e-11,initial_noise_theory_from_H0
0.001,0.0,32.73539545040565,2.8541042700659386e-11,initial_noise_theory_from_H0
0.001,0.0,32.79822730347744,2.7649379052415776e-11,initial_noise_theory_from_H0
0.001,0.0,32.86105915654924,2.6349943692639347e-11,initial_noise_theory_from_H0
0.001,0.0,32.92389100962103,2.4858886283047003e-11,initial_noise_theory_from_H0
0.001,0.0,32.98672286269283,2.2775084891025363e-11,initial_noise_theory_from_H0
0.001,0.0,33.04955471576463,2.0860031926929377e-11,initial_noise_theory_from_H0
0.001,0.0,33.11238656883642,1.869164381914135e-11,initial_noise_theory_from_H0
0.001,0.0,33.17521842190822,1.6714346829349126e-11,initial_noise_theory_from_H0
0.001,0.0,33.23805027498001,1.4897727419617423e-11,initial_noise_theory_from_H0
0.001,0.0,33.30088212805181,1.3232205052159188e-11,initial_noise_theory_from_H0
0.001,0.0,33.3637139811236,1.1826799370887157e-11,initial_noise_theory_from_H0
0.001,0.0,33.4265458341954,1.0646854207119936e-11,initial_noise_theory_from_H0
0.001,0.0,33.48937768726719,9.687763239185178e-12,initial_noise_theory_from_H0
0.001,0.0,33.55220954033899,8.872568336421467e-12,initial_noise_theory_from_H0
0.001,0.0,33.61504139341079,8.243722164952844e-12,initial_noise_theory_from_H0
0.001,0.0,33.677873246482584,7.742128460309672e-12,initial_noise_theory_from_H0
0.001,0.0,33.74070509955438,7.359364822186308e-12,initial_noise_theory_from_H0
0.001,0.0,33.803536952626175,7.101737897628513e-12,initial_noise_theory_from_H0
0.001,0.0,33.866368805697974,6.875768056836292e-12,initial_noise_theory_from_H0
0.001,0.0,33.929200658769766,6.75026762711796e-12,initial_noise_theory_from_H0
0.001,0.0,33.992032511841565,6.651063737470376e-12,initial_noise_theory_from_H0
0.001,0.0,34.05486436491336,6.578098614253591e-12,initial_noise_theory_from_H0
0.001,0.0,34.117696217985156,6.528637001600132e-12,initial_noise_theory_from_H0
0.001,0.0,34.180528071056955,6.4855463650028004e-12,initial_noise_theory_from_H0
0.001,0.0,34.24335992412875,6.466451633113403e-12,initial_noise_theory_from_H0
0.001,0.0,34.306191777200546,6.421484482834348e-12,initial_noise_theory_from_H0
0.001,0.0,34.36902363027234,6.410101985336511e-12,initial_noise_theory_from_H0
0.001,0.0,34.43185548334414,6.395081098017247e-12,initial_noise_theory_from_H0
0.001,0.0,34.49468733641593,6.372254811261063e-12,initial_noise_theory_from_H0
0.001,0.0,34.55751918948773,6.3614366259612235e-12,initial_noise_theory_from_H0
0.001,0.0,34.62035104255952,6.3430961499467984e-12,initial_noise_theory_from_H0
0.001,0.0,34.68318289563132,6.311906037146883e-12,initial_noise_theory_from_H0
0.001,0.0,34.74601474870311,6.316706011668564e-12,initial_noise_theory_from_H0
0.001,0.0,34.80884660177491,6.305690942391588e-12,initial_noise_theory_from_H0
0.001,0.0,34.87167845484671,6.2989668483313214e-12,initial_noise_theory_from_H0
0.001,0.0,34.9345103079185,6.306361736611689e-12,initial_noise_theory_from_H0
0.001,0.0,34.9973421609903,6.283245522742771e-12,initial_noise_theory_from_H0
0.001,0.0,35.06017401406209,6.298795629706354e-12,initial_noise_theory_from_H0
0.001,0.0,35.12300586713389,6.293387072078047e-12,initial_noise_theory_from_H0
0.001,0.0,35.18583772020568,6.288261487480586e-12,initial_noise_theory_from_H0
0.001,0.0,35.24866957327748,6.297994197363524e-12,initial_noise_theory_from_H0
0.001,0.0,35.311501426349274,6.28537305907426e-12,initial_noise_theory_from_H0
0.001,0.0,35.37433327942107,6.311749948260629e-12,initial_noise_theory_from_H0
0.001,0.0,35.437165132492865,6.288388332517506e-12,initial_noise_theory_from_H0
0.001,0.0,35.499996985564664,6.310120922280293e-12,initial_noise_theory_from_H0
0.001,0.0,35.56282883863646,6.326117623586507e-12,initial_noise_theory_from_H0
0.001,0.0,35.625660691708255,6.3024828511405904e-12,initial_noise_theory_from_H0
0.001,0.0,35.688492544780054,6.3663987494634135e-12,initial_noise_theory_from_H0
0.001,0.0,35.751324397851846,6.361066635070347e-12,initial_noise_theory_from_H0
0.001,0.0,35.814156250923645,6.394905166322176e-12,initial_noise_theory_from_H0
0.001,0.0,35.87698810399544,6.423637760225882e-12,initial_noise_theory_from_H0
0.001,0.0,35.939819957067236,6.453175355967926e-12,initial_noise_theory_from_H0
0.001,0.0,36.00265181013903,6.4997842851469875e-12,initial_noise_theory_from_H0
0.001,0.0,36.06548366321083,6.507653100861291e-12,initial_noise_theory_from_H0
0.001,0.0,36.12831551628262,6.5867694563431e-12,initial_noise_theory_from_H0
0.001,0.0,36.19114736935442,6.626595385221973e-12,initial_noise_theory_from_H0
0.001,0.0,36.25397922242622,6.7147618700958685e-12,initial_noise_theory_from_H0
0.001,0.0,36.31681107549801,6.8074483487553855e-12,initial_noise_theory_from_H0
0.001,0.0,36.37964292856981,6.866288624231732e-12,initial_noise_theory_from_H0
0.001,0.0,36.4424747816416,7.000435152445362e-12,initial_noise_theory_from_H0
0.001,0.0,36.5053066347134,7.069527473729344e-12,initial_noise_theory_from_H0
0.001,0.0,36.56813848778519,7.304494417747888e-12,initial_noise_theory_from_H0
0.001,0.0,36.63097034085699,7.512918106560369e-12,initial_noise_theory_from_H0
0.001,0.0,36.69380219392878,7.719503257691735e-12,initial_noise_theory_from_H0
0.001,0.0,36.75663404700058,8.035917267985975e-12,initial_noise_theory_from_H0
0.001,0.0,36.81946590007237,8.188037160315938e-12,initial_noise_theory_from_H0
0.001,0.0,36.88229775314417,8.562002552719248e-12,initial_noise_theory_from_H0
0.001,0.0,36.94512960621597,8.861493726239536e-12,initial_noise_theory_from_H0
0.001,0.0,37.00796145928776,9.214994485654026e-12,initial_noise_theory_from_H0
0.001,0.0,37.07079331235956,9.703481808914525e-12,initial_noise_theory_from_H0
0.001,0.0,37.133625165431354,9.996099777635595e-12,initial_noise_theory_from_H0
0.001,0.0,37.19645701850315,1.0639218555637418e-11,initial_noise_theory_from_H0
0.001,0.0,37.259288871574945,1.1058243461972913e-11,initial_noise_theory_from_H0
0.001,0.0,37.322120724646744,1.168283013255086e-11,initial_noise_theory_from_H0
0.001,0.0,37.384952577718536,1.2339596551555721e-11,initial_noise_theory_from_H0
0.001,0.0,37.447784430790335,1.2671009535957268e-11,initial_noise_theory_from_H0
0.001,0.0,37.51061628386213,1.3564513760604888e-11,initial_noise_theory_from_H0
0.001,0.0,37.573448136933926,1.3958338002213764e-11,initial_noise_theory_from_H0
0.001,0.0,37.636279990005725,1.47542909488746e-11,initial_noise_theory_from_H0
0.001,0.0,37.69911184307752,1.549910155625087e-11,initial_noise_theory_from_H0
0.001,0.0,37.76194369614932,1.6038151767995448e-11,initial_noise_theory_from_H0
0.001,0.0,37.82477554922111,1.6932746418532428e-11,initial_noise_theory_from_H0
0.001,0.0,37.88760740229291,1.7314136021044747e-11,initial_noise_theory_from_H0
0.001,0.0,37.9504392553647,1.8264849141516652e-11,initial_noise_theory_from_H0
0.001,0.0,38.0132711084365,1.881867296500312e-11,initial_noise_theory_from_H0
0.001,0.0,38.07610296150829,1.9570899389670604e-11,initial_noise_theory_from_H0
0.001,0.0,38.13893481458009,2.047453768889409e-11,initial_noise_theory_from_H0
0.001,0.0,38.20176666765188,2.084589733660903e-11,initial_noise_theory_from_H0
0.001,0.0,38.26459852072368,2.1845605284892503e-11,initial_noise_theory_from_H0
0.001,0.0,38.32743037379548,2.2342311232444156e-11,initial_noise_theory_from_H0
0.001,0.0,38.39026222686727,2.3107262772539974e-11,initial_noise_theory_from_H0
0.001,0.0,38.45309407993907,2.385839594813854e-11,initial_noise_theory_from_H0
0.001,0.0,38.51592593301086,2.4259651003675798e-11,initial_noise_theory_from_H0
0.001,0.0,38.57875778608266,2.4942325716302122e-11,initial_noise_theory_from_H0
0.001,0.0,38.64158963915445,2.514816778285086e-11,initial_noise_theory_from_H0
0.001,0.0,38.70442149222625,2.5868961128139952e-11,initial_noise_theory_from_H0
0.001,0.0,38.767253345298045,2.628400072825703e-11,initial_noise_theory_from_H0
0.001,0.0,38.830085198369844,2.667362692203759e-11,initial_noise_theory_from_H0
0.001,0.0,38.89291705144164,2.737394959253287e-11,initial_noise_theory_from_H0
0.001,0.0,38.955748904513435,2.7417108735415918e-11,initial_noise_theory_from_H0
0.001,0.0,39.018580757585234,2.7945609191164034e-11,initial_noise_theory_from_H0
0.001,0.0,39.081412610657026,2.8148151427604594e-11,initial_noise_theory_from_H0
0.001,0.0,39.144244463728825,2.8407722471818518e-11,initial_noise_theory_from_H0
0.001,0.0,39.20707631680062,2.8893992223207625e-11,initial_noise_theory_from_H0
0.001,0.0,39.269908169872416,2.891240831767142e-11,initial_noise_theory_from_H0
0.001,0.0,39.33274002294421,2.934464290866602e-11,initial_noise_theory_from_H0
0.001,0.0,39.39557187601601,2.943563275753139e-11,initial_noise_theory_from_H0
0.001,0.0,39.4584037290878,2.947648253031264e-11,initial_noise_theory_from_H0
0.001,0.0,39.5212355821596,2.9788680548608175e-11,initial_noise_theory_from_H0
0.001,0.0,39.5840674352314,2.974654227913473e-11,initial_noise_theory_from_H0
0.001,0.0,39.64689928830319,2.9853650190719796e-11,initial_noise_theory_from_H0
0.001,0.0,39.70973114137499,2.993217326451858e-11,initial_noise_theory_from_H0
0.001,0.0,39.77256299444678,2.982590390846291e-11,initial_noise_theory_from_H0
0.001,0.0,39.83539484751858,3.0006791365785714e-11,initial_noise_theory_from_H0
0.001,0.0,39.89822670059037,2.997544621502204e-11,initial_noise_theory_from_H0
0.001,0.0,39.96105855366217,3.002790711820994e-11,initial_noise_theory_from_H0
0.001,0.0,40.02389040673396,3.021482463153374e-11,initial_noise_theory_from_H0
0.001,0.0,40.08672225980576,2.9935419061220646e-11,initial_noise_theory_from_H0
0.001,0.0,40.14955411287755,3.006118594640176e-11,initial_noise_theory_from_H0
0.001,0.0,40.21238596594935,2.9875512668426266e-11,initial_noise_theory_from_H0
0.001,0.0,40.27521781902115,2.966880266771035e-11,initial_noise_theory_from_H0
0.001,0.0,40.33804967209294,2.961875072337984e-11,initial_noise_theory_from_H0
0.001,0.0,40.40088152516474,2.913018877279949e-11,initial_noise_theory_from_H0
0.001,0.0,40.463713378236534,2.908369987249046e-11,initial_noise_theory_from_H0
0.001,0.0,40.52654523130833,2.8459483742253575e-11,initial_noise_theory_from_H0
0.001,0.0,40.589377084380125,2.800892713834945e-11,initial_noise_theory_from_H0
0.001,0.0,40.652208937451924,2.7566423621606363e-11,initial_noise_theory_from_H0
0.001,0.0,40.715040790523716,2.6736539241142124e-11,initial_noise_theory_from_H0
0.001,0.0,40.777872643595515,2.6600633288308992e-11,initial_noise_theory_from_H0
0.001,0.0,40.84070449666731,2.5753694897562284e-11,initial_noise_theory_from_H0
0.001,0.0,40.903536349739106,2.5154711236989608e-11,initial_noise_theory_from_H0
0.001,0.0,40.9663682028109,2.4341409381855864e-11,initial_noise_theory_from_H0
0.001,0.0,41.029200055882704,2.313442662055438e-11,initial_noise_theory_from_H0
0.001,0.0,41.092031908954496,2.2560843408079564e-11,initial_noise_theory_from_H0
0.001,0.0,41.15486376202629,2.1329862116604753e-11,initial_noise_theory_from_H0
0.001,0.0,41.21769561509808,2.048246214143729e-11,initial_noise_theory_from_H0
0.001,0.0,41.280527468169886,1.9365528583286406e-11,initial_noise_theory_from_H0
0.001,0.0,41.34335932124168,1.8263621233226863e-11,initial_noise_theory_from_H0
0.001,0.0,41.40619117431347,1.7459601774653806e-11,initial_noise_theory_from_H0
0.001,0.0,41.46902302738526,1.6425815603240587e-11,initial_noise_theory_from_H0
0.001,0.0,41.53185488045707,1.561783073280114e-11,initial_noise_theory_from_H0
0.001,0.0,41.59468673352886,1.4535431794687174e-11,initial_noise_theory_from_H0
0.001,0.0,41.65751858660065,1.3535458050671454e-11,initial_noise_theory_from_H0
0.001,0.0,41.72035043967246,1.2561416269067757e-11,initial_noise_theory_from_H0
0.001,0.0,41.78318229274425,1.1596458374837662e-11,initial_noise_theory_from_H0
0.001,0.0,41.84601414581604,1.0879612002681858e-11,initial_noise_theory_from_H0
0.001,0.0,41.908845998887834,1.0020678766588699e-11,initial_noise_theory_from_H0
0.001,0.0,41.97167785195964,9.280689163776058e-12,initial_noise_theory_from_H0
0.001,0.0,42.03450970503143,8.617153769241955e-12,initial_noise_theory_from_H0
0.001,0.0,42.097341558103224,7.919791739738536e-12,initial_noise_theory_from_H0
0.001,0.0,42.160173411175016,7.504466819006688e-12,initial_noise_theory_from_H0
0.001,0.0,42.22300526424682,6.94713826971869e-12,initial_noise_theory_from_H0
0.001,0.0,42.285837117318614,6.564201245745658e-12,initial_noise_theory_from_H0
0.001,0.0,42.348668970390406,6.103341694232175e-12,initial_noise_theory_from_H0
0.001,0.0,42.41150082346221,5.695564906659238e-12,initial_noise_theory_from_H0
0.001,0.0,42.474332676534004,5.399788479782098e-12,initial_noise_theory_from_H0
0.001,0.0,42.537164529605796,5.0567704329793565e-12,initial_noise_theory_from_H0
0.001,0.0,42.59999638267759,4.83267679091794e-12,initial_noise_theory_from_H0
0.001,0.0,42.662828235749394,4.558740247383016e-12,initial_noise_theory_from_H0
0.001,0.0,42.725660088821186,4.357408013077961e-12,initial_noise_theory_from_H0
0.001,0.0,42.78849194189298,4.188482531771147e-12,initial_noise_theory_from_H0
0.001,0.0,42.85132379496477,4.024140149189804e-12,initial_noise_theory_from_H0
0.001,0.0,42.91415564803658,3.9220617222881325e-12,initial_noise_theory_from_H0
0.001,0.0,42.97698750110837,3.835598944630939e-12,initial_noise_theory_from_H0
0.001,0.0,43.03981935418016,3.735454707299412e-12,initial_noise_theory_from_H0
0.001,0.0,43.10265120725197,3.7059126531322166e-12,initial_noise_theory_from_H0
0.001,0.0,43.16548306032376,3.636725549241852e-12,initial_noise_theory_from_H0
0.001,0.0,43.22831491339555,3.616761107719557e-12,initial_noise_theory_from_H0
0.001,0.0,43.29114676646734,3.5875860063258304e-12,initial_noise_theory_from_H0
0.001,0.0,43.35397861953915,3.530221432439832e-12,initial_noise_theory_from_H0
0.001,0.0,43.41681047261094,3.547122594736296e-12,initial_noise_theory_from_H0
0.001,0.0,43.47964232568273,3.5078985189780488e-12,initial_noise_theory_from_H0
0.001,0.0,43.54247417875453,3.5318036065173104e-12,initial_noise_theory_from_H0
0.001,0.0,43.60530603182633,3.535978540452558e-12,initial_noise_theory_from_H0
0.001,0.0,43.66813788489812,3.508853508500927e-12,initial_noise_theory_from_H0
0.001,0.0,43.730969737969914,3.5318914600637817e-12,initial_noise_theory_from_H0
0.001,0.0,43.79380159104172,3.493850166048978e-12,initial_noise_theory_from_H0
0.001,0.0,43.85663344411351,3.530559890811585e-12,initial_noise_theory_from_H0
0.001,0.0,43.919465297185305,3.5297951103926287e-12,initial_noise_theory_from_H0
0.001,0.0,43.9822971502571,3.523436151184379e-12,initial_noise_theory_from_H0
0.001,0.0,44.0451290033289,3.526531733713557e-12,initial_noise_theory_from_H0
0.001,0.0,44.107960856400695,3.494072357549296e-12,initial_noise_theory_from_H0
0.001,0.0,44.17079270947249,3.4971291047776336e-12,initial_noise_theory_from_H0
0.001,0.0,44.233624562544286,3.4721718623927315e-12,initial_noise_theory_from_H0
0.001,0.0,44.296456415616085,3.46604151596065e-12,initial_noise_theory_from_H0
0.001,0.0,44.35928826868788,3.4329689426746984e-12,initial_noise_theory_from_H0
0.001,0.0,44.42212012175967,3.412969923639302e-12,initial_noise_theory_from_H0
0.001,0.0,44.484951974831475,3.4129934152860638e-12,initial_noise_theory_from_H0
0.001,0.0,44.54778382790327,3.4177868366260606e-12,initial_noise_theory_from_H0
0.001,0.0,44.61061568097506,3.4248849293833523e-12,initial_noise_theory_from_H0
0.001,0.0,44.67344753404686,3.4183009932670053e-12,initial_noise_theory_from_H0
0.001,0.0,44.73627938711866,3.3852912473108786e-12,initial_noise_theory_from_H0
0.001,0.0,44.79911124019045,3.337307994357763e-12,initial_noise_theory_from_H0
0.001,0.0,44.86194309326224,3.3383839276307017e-12,initial_noise_theory_from_H0
0.001,0.0,44.92477494633405,3.3129774570086864e-12,initial_noise_theory_from_H0
0.001,0.0,44.98760679940584,3.2898204786175202e-12,initial_noise_theory_from_H0
0.001,0.0,45.05043865247763,3.2859463908606455e-12,initial_noise_theory_from_H0
0.001,0.0,45.11327050554942,3.2336868524958082e-12,initial_noise_theory_from_H0
0.001,0.0,45.17610235862123,3.2300353620059446e-12,initial_noise_theory_from_H0
0.001,0.0,45.23893421169302,3.1749397311118276e-12,initial_noise_theory_from_H0
0.001,0.0,45.30176606476481,3.0939565418204955e-12,initial_noise_theory_from_H0
0.001,0.0,45.36459791783661,3.0490798419806662e-12,initial_noise_theory_from_H0
0.001,0.0,45.42742977090841,3.368797447882972e-12,initial_noise_theory_from_H0
0.001,0.0,45.4902616239802,3.754591608882954e-12,initial_noise_theory_from_H0
0.01,0.009000000000000001,0.06283185307179587,0.036696978236264735,L10_continuous_numeric
0.01,0.009000000000000001,0.12566370614359174,0.06279600373224188,L10_continuous_numeric
0.01,0.009000000000000001,0.18849555921538758,0.09026944462296531,L10_continuous_numeric
0.01,0.009000000000000001,0.25132741228718347,0.11785449947232102,L10_continuous_numeric
0.01,0.009000000000000001,0.3141592653589793,0.14062428863406057,L10_continuous_numeric
0.01,0.009000000000000001,0.37699111843077515,0.16998107883756733,L10_continuous_numeric
0.01,0.009000000000000001,0.43982297150257105,0.18301585544361548,L10_continuous_numeric
0.01,0.009000000000000001,0.5026548245743669,0.2254281948683161,L10_continuous_numeric
0.01,0.009000000000000001,0.5654866776461628,0.25801228779530183,L10_continuous_numeric
0.01,0.009000000000000001,0.6283185307179586,0.28567862756956863,L10_continuous_numeric
0.01,0.009000000000000001,0.6911503837897545,0.30870387565560375,L10_continuous_numeric
0.01,0.009000000000000001,0.7539822368615503,0.34725339945178424,L10_continuous_numeric
0.01,0.009000000000000001,0.8168140899333463,0.36178623820869943,L10_continuous_numeric
0.01,0.009000000000000001,0.8796459430051421,0.3895552108980386,L10_continuous_numeric
0.01,0.009000000000000001,0.9424777960769378,0.41871681897837887,L10_continuous_numeric
0.01,0.009000000000000001,1.0053096491487339,0.4510474833595421,L10_continuous_numeric
0.01,0.009000000000000001,1.0681415022205298,0.4774982736987939,L10_continuous_numeric
0.01,0.009000000000000001,1.1309733552923256,0.5125772035004688,L10_continuous_numeric
0.01,0.009000000000000001,1.1938052083641213,0.5203039185419825,L10_continuous_numeric
0.01,0.009000000000000001,1.2566370614359172,0.5591686419883616,L10_continuous_numeric
0.01,0.009000000000000001,1.3194689145077132,0.5916982426154761,L10_continuous_numeric
0.01,0.009000000000000001,1.382300767579509,0.6214160377441281,L10_continuous_numeric
0.01,0.009000000000000001,1.4451326206513047,0.6319096984314511,L10_continuous_numeric
0.01,0.009000000000000001,1.5079644737231006,0.6792009718566618,L10_continuous_numeric
0.01,0.009000000000000001,1.5707963267948966,0.6610371427707552,L10_continuous_numeric
0.01,0.009000000000000001,1.6336281798666925,0.7083573452387296,L10_continuous_numeric
0.01,0.009000000000000001,1.6964600329384882,0.729794211302133,L10_continuous_numeric
0.01,0.009000000000000001,1.7592918860102842,0.7203608812945376,L10_continuous_numeric
0.01,0.009000000000000001,1.8221237390820801,0.7690290079669619,L10_continuous_numeric
0.01,0.009000000000000001,1.8849555921538756,0.8320396958056839,L10_continuous_numeric
0.01,0.009000000000000001,1.9477874452256716,0.8323471672965833,L10_continuous_numeric
0.01,0.009000000000000001,2.0106192982974678,0.8480631693629995,L10_continuous_numeric
0.01,0.009000000000000001,2.0734511513692637,0.8559658415280339,L10_continuous_numeric
0.01,0.009000000000000001,2.1362830044410597,0.8592129962856715,L10_continuous_numeric
0.01,0.009000000000000001,2.199114857512855,0.875969777689033,L10_continuous_numeric
0.01,0.009000000000000001,2.261946710584651,0.9035429642073647,L10_continuous_numeric
0.01,0.009000000000000001,2.324778563656447,0.8939131095267114,L10_continuous_numeric
0.01,0.009000000000000001,2.3876104167282426,0.9347036602169144,L10_continuous_numeric
0.01,0.009000000000000001,2.4504422698000385,0.9295494053860501,L10_continuous_numeric
0.01,0.009000000000000001,2.5132741228718345,0.9599105756558348,L10_continuous_numeric
0.01,0.009000000000000001,2.57610597594363,0.9386654834669335,L10_continuous_numeric
0.01,0.009000000000000001,2.6389378290154264,0.9508417392969828,L10_continuous_numeric
0.01,0.009000000000000001,2.701769682087222,0.9488631142268116,L10_continuous_numeric
0.01,0.009000000000000001,2.764601535159018,0.9670223612410921,L10_continuous_numeric
0.01,0.009000000000000001,2.827433388230814,0.9567823803606287,L10_continuous_numeric
0.01,0.009000000000000001,2.8902652413026093,0.9671105739724015,L10_continuous_numeric
0.01,0.009000000000000001,2.9530970943744057,0.9602395991877904,L10_continuous_numeric
0.01,0.009000000000000001,3.015928947446201,0.9493166447755297,L10_continuous_numeric
0.01,0.009000000000000001,3.078760800517997,0.9458143771912783,L10_continuous_numeric
0.01,0.009000000000000001,3.141592653589793,0.9335923894570702,L10_continuous_numeric
0.01,0.009000000000000001,3.204424506661589,0.9156365094190962,L10_continuous_numeric
0.01,0.009000000000000001,3.267256359733385,0.9162919440865662,L10_continuous_numeric
0.01,0.009000000000000001,3.330088212805181,0.9256020010407471,L10_continuous_numeric
0.01,0.009000000000000001,3.3929200658769765,0.9219286952639946,L10_continuous_numeric
0.01,0.009000000000000001,3.4557519189487724,0.8977552697873249,L10_continuous_numeric
0.01,0.009000000000000001,3.5185837720205684,0.8820592517745517,L10_continuous_numeric
0.01,0.009000000000000001,3.581415625092364,0.8738189262203356,L10_continuous_numeric
0.01,0.009000000000000001,3.6442474781641603,0.8679494335228272,L10_continuous_numeric
0.01,0.009000000000000001,3.707079331235956,0.8568437295610772,L10_continuous_numeric
0.01,0.009000000000000001,3.7699111843077513,0.8599035712876455,L10_continuous_numeric
0.01,0.009000000000000001,3.8327430373795477,0.8376168244832732,L10_continuous_numeric
0.01,0.009000000000000001,3.895574890451343,0.8010361652662737,L10_continuous_numeric
0.01,0.009000000000000001,3.9584067435231396,0.8116685996038063,L10_continuous_numeric
0.01,0.009000000000000001,4.0212385965949355,0.7960456491973112,L10_continuous_numeric
0.01,0.009000000000000001,4.084070449666731,0.7670598782018009,L10_continuous_numeric
0.01,0.009000000000000001,4.1469023027385274,0.7737667339099572,L10_continuous_numeric
0.01,0.009000000000000001,4.209734155810323,0.7714443581205577,L10_continuous_numeric
0.01,0.009000000000000001,4.272566008882119,0.7467947180936371,L10_continuous_numeric
0.01,0.009000000000000001,4.335397861953915,0.7383773859679185,L10_continuous_numeric
0.01,0.009000000000000001,4.39822971502571,0.7379935606575303,L10_continuous_numeric
0.01,0.009000000000000001,4.461061568097507,0.7280728927427692,L10_continuous_numeric
0.01,0.009000000000000001,4.523893421169302,0.6990432707927463,L10_continuous_numeric
0.01,0.009000000000000001,4.586725274241098,0.7059538210712004,L10_continuous_numeric
0.01,0.009000000000000001,4.649557127312894,0.6796698061630834,L10_continuous_numeric
0.01,0.009000000000000001,4.71238898038469,0.6832222091779189,L10_continuous_numeric
0.01,0.009000000000000001,4.775220833456485,0.6651174126806509,L10_continuous_numeric
0.01,0.009000000000000001,4.838052686528282,0.6568527460725929,L10_continuous_numeric
0.01,0.009000000000000001,4.900884539600077,0.6557791830456635,L10_continuous_numeric
0.01,0.009000000000000001,4.9637163926718735,0.6523933834520764,L10_continuous_numeric
0.01,0.009000000000000001,5.026548245743669,0.6418440615800814,L10_continuous_numeric
0.01,0.009000000000000001,5.0893800988154645,0.6322242441763876,L10_continuous_numeric
0.01,0.009000000000000001,5.15221195188726,0.6334469416838492,L10_continuous_numeric
0.01,0.009000000000000001,5.215043804959057,0.6198899447184699,L10_continuous_numeric
0.01,0.009000000000000001,5.277875658030853,0.6104330236311819,L10_continuous_numeric
0.01,0.009000000000000001,5.340707511102648,0.6040689136064296,L10_continuous_numeric
0.01,0.009000000000000001,5.403539364174444,0.5938265842245722,L10_continuous_numeric
0.01,0.009000000000000001,5.466371217246239,0.5961497778789212,L10_continuous_numeric
0.01,0.009000000000000001,5.529203070318036,0.5850201160645963,L10_continuous_numeric
0.01,0.009000000000000001,5.592034923389832,0.5799165325108795,L10_continuous_numeric
0.01,0.009000000000000001,5.654866776461628,0.5813903367168677,L10_continuous_numeric
0.01,0.009000000000000001,5.717698629533423,0.5715729190695732,L10_continuous_numeric
0.01,0.009000000000000001,5.780530482605219,0.5749925847998572,L10_continuous_numeric
0.01,0.009000000000000001,5.843362335677015,0.5481210620008918,L10_continuous_numeric
0.01,0.009000000000000001,5.906194188748811,0.5508858086016074,L10_continuous_numeric
0.01,0.009000000000000001,5.969026041820607,0.5519774936170871,L10_continuous_numeric
0.01,0.009000000000000001,6.031857894892402,0.5347378895466933,L10_continuous_numeric
0.01,0.009000000000000001,6.094689747964199,0.533380092970749,L10_continuous_numeric
0.01,0.009000000000000001,6.157521601035994,0.527913853518907,L10_continuous_numeric
0.01,0.009000000000000001,6.220353454107791,0.5195783931167488,L10_continuous_numeric
0.01,0.009000000000000001,6.283185307179586,0.5215355237342855,L10_continuous_numeric
0.01,0.009000000000000001,6.346017160251382,0.5226727494162186,L10_continuous_numeric
0.01,0.009000000000000001,6.408849013323178,0.5110161936425777,L10_continuous_numeric
0.01,0.009000000000000001,6.471680866394974,0.5111955909766243,L10_continuous_numeric
0.01,0.009000000000000001,6.53451271946677,0.4952541791737498,L10_continuous_numeric
0.01,0.009000000000000001,6.5973445725385655,0.49645180127772837,L10_continuous_numeric
0.01,0.009000000000000001,6.660176425610362,0.49862653823367253,L10_continuous_numeric
0.01,0.009000000000000001,6.7230082786821574,0.4931229282053602,L10_continuous_numeric
0.01,0.009000000000000001,6.785840131753953,0.48811024751800125,L10_continuous_numeric
0.01,0.009000000000000001,6.8486719848257485,0.4830332467054581,L10_continuous_numeric
0.01,0.009000000000000001,6.911503837897545,0.47758022801357625,L10_continuous_numeric
0.01,0.009000000000000001,6.974335690969341,0.48096998589287093,L10_continuous_numeric
0.01,0.009000000000000001,7.037167544041137,0.46630038630984083,L10_continuous_numeric
0.01,0.009000000000000001,7.099999397112932,0.47144350702473253,L10_continuous_numeric
0.01,0.009000000000000001,7.162831250184728,0.45688280817806093,L10_continuous_numeric
0.01,0.009000000000000001,7.225663103256525,0.46808524731900275,L10_continuous_numeric
0.01,0.009000000000000001,7.288494956328321,0.4586179907501998,L10_continuous_numeric
0.01,0.009000000000000001,7.351326809400116,0.4594461966499,L10_continuous_numeric
0.01,0.009000000000000001,7.414158662471912,0.4547169687678381,L10_continuous_numeric
0.01,0.009000000000000001,7.476990515543707,0.45299845336842115,L10_continuous_numeric
0.01,0.009000000000000001,7.539822368615503,0.4477518626866736,L10_continuous_numeric
0.01,0.009000000000000001,7.6026542216873,0.44184259773717316,L10_continuous_numeric
0.01,0.009000000000000001,7.665486074759095,0.44221950291345896,L10_continuous_numeric
0.01,0.009000000000000001,7.728317927830891,0.4405035600771677,L10_continuous_numeric
0.01,0.009000000000000001,7.791149780902686,0.43613526716686496,L10_continuous_numeric
0.01,0.009000000000000001,7.853981633974482,0.4310043226929154,L10_continuous_numeric
0.01,0.009000000000000001,7.916813487046279,0.42883895242913683,L10_continuous_numeric
0.01,0.009000000000000001,7.979645340118075,0.430521451346106,L10_continuous_numeric
0.01,0.009000000000000001,8.042477193189871,0.42324766634267946,L10_continuous_numeric
0.01,0.009000000000000001,8.105309046261667,0.4229784676406116,L10_continuous_numeric
0.01,0.009000000000000001,8.168140899333462,0.41280257970756473,L10_continuous_numeric
0.01,0.009000000000000001,8.230972752405258,0.42058884074333924,L10_continuous_numeric
0.01,0.009000000000000001,8.293804605477055,0.41313270752093983,L10_continuous_numeric
0.01,0.009000000000000001,8.35663645854885,0.41389695967358436,L10_continuous_numeric
0.01,0.009000000000000001,8.419468311620646,0.4133578353433886,L10_continuous_numeric
0.01,0.009000000000000001,8.482300164692441,0.40734649776025467,L10_continuous_numeric
0.01,0.009000000000000001,8.545132017764239,0.4059817318844122,L10_continuous_numeric
0.01,0.009000000000000001,8.607963870836034,0.4046721754309674,L10_continuous_numeric
0.01,0.009000000000000001,8.67079572390783,0.40874702754962305,L10_continuous_numeric
0.01,0.009000000000000001,8.733627576979625,0.4009838698251905,L10_continuous_numeric
0.01,0.009000000000000001,8.79645943005142,0.3999435178810491,L10_continuous_numeric
0.01,0.009000000000000001,8.859291283123216,0.3909781625928815,L10_continuous_numeric
0.01,0.009000000000000001,8.922123136195014,0.3923695065764609,L10_continuous_numeric
0.01,0.009000000000000001,8.984954989266809,0.3921218120425224,L10_continuous_numeric
0.01,0.009000000000000001,9.047786842338605,0.3870496675747919,L10_continuous_numeric
0.01,0.009000000000000001,9.1106186954104,0.3839535584381367,L10_continuous_numeric
0.01,0.009000000000000001,9.173450548482196,0.38980521751279223,L10_continuous_numeric
0.01,0.009000000000000001,9.236282401553993,0.3885638316026318,L10_continuous_numeric
0.01,0.009000000000000001,9.299114254625788,0.3812118116949937,L10_continuous_numeric
0.01,0.009000000000000001,9.361946107697584,0.37846538936512086,L10_continuous_numeric
0.01,0.009000000000000001,9.42477796076938,0.37589033182581244,L10_continuous_numeric
0.01,0.009000000000000001,9.487609813841175,0.38121485561553864,L10_continuous_numeric
0.01,0.009000000000000001,9.55044166691297,0.3784781403304623,L10_continuous_numeric
0.01,0.009000000000000001,9.613273519984768,0.3736687747904232,L10_continuous_numeric
0.01,0.009000000000000001,9.676105373056563,0.37024535264122027,L10_continuous_numeric
0.01,0.009000000000000001,9.738937226128359,0.37210280424592507,L10_continuous_numeric
0.01,0.009000000000000001,9.801769079200154,0.37189846069253285,L10_continuous_numeric
0.01,0.009000000000000001,9.86460093227195,0.36812284070389534,L10_continuous_numeric
0.01,0.009000000000000001,9.927432785343747,0.37093499724586554,L10_continuous_numeric
0.01,0.009000000000000001,9.990264638415542,0.36633741020777066,L10_continuous_numeric
0.01,0.009000000000000001,10.053096491487338,0.3700540827461166,L10_continuous_numeric
0.01,0.009000000000000001,10.115928344559133,0.367958945408605,L10_continuous_numeric
0.01,0.009000000000000001,10.178760197630929,0.3633950954525075,L10_continuous_numeric
0.01,0.009000000000000001,10.241592050702724,0.36315938896308175,L10_continuous_numeric
0.01,0.009000000000000001,10.30442390377452,0.36414859960658524,L10_continuous_numeric
0.01,0.009000000000000001,10.367255756846316,0.3619607891572406,L10_continuous_numeric
0.01,0.009000000000000001,10.430087609918115,0.3616230545586958,L10_continuous_numeric
0.01,0.009000000000000001,10.49291946298991,0.36077986575814786,L10_continuous_numeric
0.01,0.009000000000000001,10.555751316061706,0.3552304685326117,L10_continuous_numeric
0.01,0.009000000000000001,10.618583169133501,0.35622740180411516,L10_continuous_numeric
0.01,0.009000000000000001,10.681415022205297,0.35645384892717846,L10_continuous_numeric
0.01,0.009000000000000001,10.744246875277092,0.35761649120698186,L10_continuous_numeric
0.01,0.009000000000000001,10.807078728348888,0.352048919112658,L10_continuous_numeric
0.01,0.009000000000000001,10.869910581420683,0.3582648990682896,L10_continuous_numeric
0.01,0.009000000000000001,10.932742434492479,0.35332124971463374,L10_continuous_numeric
0.01,0.009000000000000001,10.995574287564274,0.35328136528715,L10_continuous_numeric
0.01,0.009000000000000001,11.058406140636071,0.3537962747952784,L10_continuous_numeric
0.01,0.009000000000000001,11.121237993707869,0.349922370061037,L10_continuous_numeric
0.01,0.009000000000000001,11.184069846779664,0.3453888344138446,L10_continuous_numeric
0.01,0.009000000000000001,11.24690169985146,0.34645765061778055,L10_continuous_numeric
0.01,0.009000000000000001,11.309733552923255,0.34740589908336456,L10_continuous_numeric
0.01,0.009000000000000001,11.37256540599505,0.34753083735191154,L10_continuous_numeric
0.01,0.009000000000000001,11.435397259066846,0.3447310967521381,L10_continuous_numeric
0.01,0.009000000000000001,11.498229112138642,0.34709835541261264,L10_continuous_numeric
0.01,0.009000000000000001,11.561060965210437,0.3498236116767582,L10_continuous_numeric
0.01,0.009000000000000001,11.623892818282235,0.34403251391248146,L10_continuous_numeric
0.01,0.009000000000000001,11.68672467135403,0.342676168029483,L10_continuous_numeric
0.01,0.009000000000000001,11.749556524425827,0.34228748586139895,L10_continuous_numeric
0.01,0.009000000000000001,11.812388377497623,0.3451864172483539,L10_continuous_numeric
0.01,0.009000000000000001,11.875220230569418,0.34050400896819644,L10_continuous_numeric
0.01,0.009000000000000001,11.938052083641214,0.34115776261677516,L10_continuous_numeric
0.01,0.009000000000000001,12.00088393671301,0.3429288708507116,L10_continuous_numeric
0.01,0.009000000000000001,12.063715789784805,0.3426964725159571,L10_continuous_numeric
0.01,0.009000000000000001,12.1265476428566,0.34231466080279654,L10_continuous_numeric
0.01,0.009000000000000001,12.189379495928398,0.34377954392129495,L10_continuous_numeric
0.01,0.009000000000000001,12.252211349000193,0.34000388301328177,L10_continuous_numeric
0.01,0.009000000000000001,12.315043202071989,0.34306947069459376,L10_continuous_numeric
0.01,0.009000000000000001,12.377875055143784,0.3406106213469739,L10_continuous_numeric
0.01,0.009000000000000001,12.440706908215581,0.3363789898456009,L10_continuous_numeric
0.01,0.009000000000000001,12.503538761287377,0.3405809593095315,L10_continuous_numeric
0.01,0.009000000000000001,12.566370614359172,0.33790222294710265,L10_continuous_numeric
0.01,0.009000000000000001,12.629202467430968,0.33797552662263286,L10_continuous_numeric
0.01,0.009000000000000001,12.692034320502763,0.335405480700159,L10_continuous_numeric
0.01,0.009000000000000001,12.75486617357456,0.33878457216525804,L10_continuous_numeric
0.01,0.009000000000000001,12.817698026646356,0.33910093525154905,L10_continuous_numeric
0.01,0.009000000000000001,12.880529879718152,0.3388455389277085,L10_continuous_numeric
0.01,0.009000000000000001,12.943361732789947,0.3396135907623695,L10_continuous_numeric
0.01,0.009000000000000001,13.006193585861743,0.3350537718188099,L10_continuous_numeric
0.01,0.009000000000000001,13.06902543893354,0.33510396595933856,L10_continuous_numeric
0.01,0.009000000000000001,13.131857292005336,0.3384807045039165,L10_continuous_numeric
0.01,0.009000000000000001,13.194689145077131,0.3381675850051951,L10_continuous_numeric
0.01,0.009000000000000001,13.257520998148927,0.33794498365559106,L10_continuous_numeric
0.01,0.009000000000000001,13.320352851220724,0.33692060632236515,L10_continuous_numeric
0.01,0.009000000000000001,13.38318470429252,0.33379475327774033,L10_continuous_numeric
0.01,0.009000000000000001,13.446016557364315,0.3393151535709185,L10_continuous_numeric
0.01,0.009000000000000001,13.50884841043611,0.3411832202557586,L10_continuous_numeric
0.01,0.009000000000000001,13.571680263507906,0.33825216879910447,L10_continuous_numeric
0.01,0.009000000000000001,13.634512116579701,0.33513669570701093,L10_continuous_numeric
0.01,0.009000000000000001,13.697343969651497,0.33673344528637134,L10_continuous_numeric
0.01,0.009000000000000001,13.760175822723294,0.3360688230467927,L10_continuous_numeric
0.01,0.009000000000000001,13.82300767579509,0.3396127661774927,L10_continuous_numeric
0.01,0.009000000000000001,13.885839528866887,0.33378454507651006,L10_continuous_numeric
0.01,0.009000000000000001,13.948671381938683,0.3402535938482391,L10_continuous_numeric
0.01,0.009000000000000001,14.011503235010478,0.3371820421350043,L10_continuous_numeric
0.01,0.009000000000000001,14.074335088082274,0.33611443339147296,L10_continuous_numeric
0.01,0.009000000000000001,14.137166941154069,0.33522653358059556,L10_continuous_numeric
0.01,0.009000000000000001,14.199998794225865,0.33559181556529,L10_continuous_numeric
0.01,0.009000000000000001,14.26283064729766,0.3331708896905141,L10_continuous_numeric
0.01,0.009000000000000001,14.325662500369456,0.3403385730703845,L10_continuous_numeric
0.01,0.009000000000000001,14.388494353441251,0.33685450103774756,L10_continuous_numeric
0.01,0.009000000000000001,14.45132620651305,0.3371239668459786,L10_continuous_numeric
0.01,0.009000000000000001,14.514158059584846,0.33903842520064953,L10_continuous_numeric
0.01,0.009000000000000001,14.576989912656641,0.3389017506430084,L10_continuous_numeric
0.01,0.009000000000000001,14.639821765728437,0.34077087260039135,L10_continuous_numeric
0.01,0.009000000000000001,14.702653618800232,0.342539554481326,L10_continuous_numeric
0.01,0.009000000000000001,14.765485471872028,0.34049837329925775,L10_continuous_numeric
0.01,0.009000000000000001,14.828317324943823,0.3386194995629266,L10_continuous_numeric
0.01,0.009000000000000001,14.891149178015619,0.3423927200928091,L10_continuous_numeric
0.01,0.009000000000000001,14.953981031087414,0.33849268765072393,L10_continuous_numeric
0.01,0.009000000000000001,15.01681288415921,0.3371302765830114,L10_continuous_numeric
0.01,0.009000000000000001,15.079644737231005,0.34099099699965074,L10_continuous_numeric
0.01,0.009000000000000001,15.142476590302804,0.3436613104243467,L10_continuous_numeric
0.01,0.009000000000000001,15.2053084433746,0.3400050605490836,L10_continuous_numeric
0.01,0.009000000000000001,15.268140296446395,0.34452173545289416,L10_continuous_numeric
0.01,0.009000000000000001,15.33097214951819,0.3396979829779109,L10_continuous_numeric
0.01,0.009000000000000001,15.393804002589986,0.34259050280588477,L10_continuous_numeric
0.01,0.009000000000000001,15.456635855661782,0.3413357294618685,L10_continuous_numeric
0.01,0.009000000000000001,15.519467708733577,0.3441426009965379,L10_continuous_numeric
0.01,0.009000000000000001,15.582299561805373,0.34259632951129987,L10_continuous_numeric
0.01,0.009000000000000001,15.645131414877168,0.34303981710495957,L10_continuous_numeric
0.01,0.009000000000000001,15.707963267948964,0.3446857857325936,L10_continuous_numeric
0.01,0.009000000000000001,15.770795121020763,0.3439036156163224,L10_continuous_numeric
0.01,0.009000000000000001,15.833626974092558,0.345350087813002,L10_continuous_numeric
0.01,0.009000000000000001,15.896458827164354,0.3430065883384865,L10_continuous_numeric
0.01,0.009000000000000001,15.95929068023615,0.34654645608675905,L10_continuous_numeric
0.01,0.009000000000000001,16.022122533307947,0.34308477879257054,L10_continuous_numeric
0.01,0.009000000000000001,16.084954386379742,0.34298396784603336,L10_continuous_numeric
0.01,0.009000000000000001,16.147786239451538,0.34449113662537717,L10_continuous_numeric
0.01,0.009000000000000001,16.210618092523333,0.3462930282800403,L10_continuous_numeric
0.01,0.009000000000000001,16.27344994559513,0.34552567840309373,L10_continuous_numeric
0.01,0.009000000000000001,16.336281798666924,0.35022401083272137,L10_continuous_numeric
0.01,0.009000000000000001,16.39911365173872,0.34355073117167373,L10_continuous_numeric
0.01,0.009000000000000001,16.461945504810515,0.3476608970632994,L10_continuous_numeric
0.01,0.009000000000000001,16.524777357882314,0.3488147233139865,L10_continuous_numeric
0.01,0.009000000000000001,16.58760921095411,0.35151777291540065,L10_continuous_numeric
0.01,0.009000000000000001,16.650441064025905,0.3478938286111212,L10_continuous_numeric
0.01,0.009000000000000001,16.7132729170977,0.3479262189999757,L10_continuous_numeric
0.01,0.009000000000000001,16.776104770169496,0.3507757970873296,L10_continuous_numeric
0.01,0.009000000000000001,16.838936623241292,0.3503366212367429,L10_continuous_numeric
0.01,0.009000000000000001,16.901768476313087,0.35317420704244035,L10_continuous_numeric
0.01,0.009000000000000001,16.964600329384883,0.3498652610792159,L10_continuous_numeric
0.01,0.009000000000000001,17.02743218245668,0.35184033741328813,L10_continuous_numeric
0.01,0.009000000000000001,17.090264035528477,0.35302247340676285,L10_continuous_numeric
0.01,0.009000000000000001,17.153095888600273,0.3502441373881173,L10_continuous_numeric
0.01,0.009000000000000001,17.21592774167207,0.35257219222280817,L10_continuous_numeric
0.01,0.009000000000000001,17.278759594743864,0.35111467908262306,L10_continuous_numeric
0.01,0.009000000000000001,17.34159144781566,0.35383141400460283,L10_continuous_numeric
0.01,0.009000000000000001,17.404423300887455,0.35141538807017697,L10_continuous_numeric
0.01,0.009000000000000001,17.46725515395925,0.35516509800706325,L10_continuous_numeric
0.01,0.009000000000000001,17.530087007031046,0.35686227475716953,L10_continuous_numeric
0.01,0.009000000000000001,17.59291886010284,0.35947989534683744,L10_continuous_numeric
0.01,0.009000000000000001,17.655750713174637,0.35806721888104387,L10_continuous_numeric
0.01,0.009000000000000001,17.718582566246432,0.35494832834856443,L10_continuous_numeric
0.01,0.009000000000000001,17.78141441931823,0.3556740953880433,L10_continuous_numeric
0.01,0.009000000000000001,17.844246272390027,0.3594039920759989,L10_continuous_numeric
0.01,0.009000000000000001,17.907078125461823,0.3561361659347289,L10_continuous_numeric
0.01,0.009000000000000001,17.969909978533618,0.3593035397237703,L10_continuous_numeric
0.01,0.009000000000000001,18.032741831605414,0.35788218910526176,L10_continuous_numeric
0.01,0.009000000000000001,18.09557368467721,0.36017642538460226,L10_continuous_numeric
0.01,0.009000000000000001,18.158405537749005,0.3609742787019006,L10_continuous_numeric
0.01,0.009000000000000001,18.2212373908208,0.35991681018093313,L10_continuous_numeric
0.01,0.009000000000000001,18.284069243892596,0.3610135073429881,L10_continuous_numeric
0.01,0.009000000000000001,18.34690109696439,0.36515463072152576,L10_continuous_numeric
0.01,0.009000000000000001,18.409732950036187,0.3624461819769222,L10_continuous_numeric
0.01,0.009000000000000001,18.472564803107986,0.3608039259421946,L10_continuous_numeric
0.01,0.009000000000000001,18.53539665617978,0.3635303651389054,L10_continuous_numeric
0.01,0.009000000000000001,18.598228509251577,0.36453788827090156,L10_continuous_numeric
0.01,0.009000000000000001,18.661060362323372,0.36743656887092085,L10_continuous_numeric
0.01,0.009000000000000001,18.723892215395168,0.36804772130282526,L10_continuous_numeric
0.01,0.009000000000000001,18.786724068466963,0.3649934240607499,L10_continuous_numeric
0.01,0.009000000000000001,18.84955592153876,0.36961588237287635,L10_continuous_numeric
0.01,0.009000000000000001,18.912387774610554,0.3705315711698608,L10_continuous_numeric
0.01,0.009000000000000001,18.97521962768235,0.36401403318383757,L10_continuous_numeric
0.01,0.009000000000000001,19.038051480754145,0.3680485406067572,L10_continuous_numeric
0.01,0.009000000000000001,19.10088333382594,0.3665930777038257,L10_continuous_numeric
0.01,0.009000000000000001,19.16371518689774,0.3681912167573811,L10_continuous_numeric
0.01,0.009000000000000001,19.226547039969535,0.3725625058004446,L10_continuous_numeric
0.01,0.009000000000000001,19.28937889304133,0.3720113733361721,L10_continuous_numeric
0.01,0.009000000000000001,19.352210746113126,0.368201607113472,L10_continuous_numeric
0.01,0.009000000000000001,19.415042599184922,0.37409805799730544,L10_continuous_numeric
0.01,0.009000000000000001,19.477874452256717,0.37220171928024665,L10_continuous_numeric
0.01,0.009000000000000001,19.540706305328513,0.3725950515732322,L10_continuous_numeric
0.01,0.009000000000000001,19.60353815840031,0.37244505958834606,L10_continuous_numeric
0.01,0.009000000000000001,19.666370011472104,0.37494572186143393,L10_continuous_numeric
0.01,0.009000000000000001,19.7292018645439,0.3751570510954929,L10_continuous_numeric
0.01,0.009000000000000001,19.7920337176157,0.3780514665294812,L10_continuous_numeric
0.01,0.009000000000000001,19.854865570687494,0.3756942655619981,L10_continuous_numeric
0.01,0.009000000000000001,19.91769742375929,0.3755060000100069,L10_continuous_numeric
0.01,0.009000000000000001,19.980529276831085,0.37571492812922136,L10_continuous_numeric
0.01,0.009000000000000001,20.04336112990288,0.37458168095565386,L10_continuous_numeric
0.01,0.009000000000000001,20.106192982974676,0.37683277744148774,L10_continuous_numeric
0.01,0.009000000000000001,20.16902483604647,0.37690897474197255,L10_continuous_numeric
0.01,0.009000000000000001,20.231856689118267,0.3782574608545389,L10_continuous_numeric
0.01,0.009000000000000001,20.294688542190062,0.3827538318759263,L10_continuous_numeric
0.01,0.009000000000000001,20.357520395261858,0.37906143188684127,L10_continuous_numeric
0.01,0.009000000000000001,20.420352248333653,0.38224013560967557,L10_continuous_numeric
0.01,0.009000000000000001,20.48318410140545,0.3824372843332776,L10_continuous_numeric
0.01,0.009000000000000001,20.546015954477248,0.38184306775412713,L10_continuous_numeric
0.01,0.009000000000000001,20.60884780754904,0.38102688411197755,L10_continuous_numeric
0.01,0.009000000000000001,20.67167966062084,0.38087154801997386,L10_continuous_numeric
0.01,0.009000000000000001,20.73451151369263,0.3833842987273606,L10_continuous_numeric
0.01,0.009000000000000001,20.79734336676443,0.3835860890543171,L10_continuous_numeric
0.01,0.009000000000000001,20.86017521983623,0.3826207016935616,L10_continuous_numeric
0.01,0.009000000000000001,20.92300707290802,0.38759667189056607,L10_continuous_numeric
0.01,0.009000000000000001,20.98583892597982,0.3864334125400321,L10_continuous_numeric
0.01,0.009000000000000001,21.048670779051612,0.3855278288741722,L10_continuous_numeric
0.01,0.009000000000000001,21.11150263212341,0.3871940319723951,L10_continuous_numeric
0.01,0.009000000000000001,21.174334485195203,0.39216425041497793,L10_continuous_numeric
0.01,0.009000000000000001,21.237166338267002,0.38758330698603993,L10_continuous_numeric
0.01,0.009000000000000001,21.299998191338794,0.38748719382171715,L10_continuous_numeric
0.01,0.009000000000000001,21.362830044410593,0.3871152484907449,L10_continuous_numeric
0.01,0.009000000000000001,21.425661897482385,0.3903481250849467,L10_continuous_numeric
0.01,0.009000000000000001,21.488493750554184,0.3926193645149512,L10_continuous_numeric
0.01,0.009000000000000001,21.551325603625983,0.3907912928075691,L10_continuous_numeric
0.01,0.009000000000000001,21.614157456697775,0.38899830781522404,L10_continuous_numeric
0.01,0.009000000000000001,21.676989309769574,0.3968963128396108,L10_continuous_numeric
0.01,0.009000000000000001,21.739821162841366,0.39552616455533685,L10_continuous_numeric
0.01,0.009000000000000001,21.802653015913165,0.39400124032784023,L10_continuous_numeric
0.01,0.009000000000000001,21.865484868984957,0.3957226161248692,L10_continuous_numeric
0.01,0.009000000000000001,21.928316722056756,0.3999429557508512,L10_continuous_numeric
0.01,0.009000000000000001,21.99114857512855,0.3979157066467401,L10_continuous_numeric
0.01,0.009000000000000001,22.053980428200347,0.4001999869788135,L10_continuous_numeric
0.01,0.009000000000000001,22.116812281272143,0.39831328906868824,L10_continuous_numeric
0.01,0.009000000000000001,22.17964413434394,0.3977747983086576,L10_continuous_numeric
0.01,0.009000000000000001,22.242475987415737,0.4004695490012986,L10_continuous_numeric
0.01,0.009000000000000001,22.30530784048753,0.4006236842481008,L10_continuous_numeric
0.01,0.009000000000000001,22.36813969355933,0.39997028889675573,L10_continuous_numeric
0.01,0.009000000000000001,22.43097154663112,0.3948365824490608,L10_continuous_numeric
0.01,0.009000000000000001,22.49380339970292,0.4022940212353591,L10_continuous_numeric
0.01,0.009000000000000001,22.55663525277471,0.4043328988639662,L10_continuous_numeric
0.01,0.009000000000000001,22.61946710584651,0.40010303225666644,L10_continuous_numeric
0.01,0.009000000000000001,22.682298958918306,0.39981773332950604,L10_continuous_numeric
0.01,0.009000000000000001,22.7451308119901,0.4047805333094187,L10_continuous_numeric
0.01,0.009000000000000001,22.8079626650619,0.4029050972821901,L10_continuous_numeric
0.01,0.009000000000000001,22.870794518133692,0.40710977865422887,L10_continuous_numeric
0.01,0.009000000000000001,22.93362637120549,0.40616810276169607,L10_continuous_numeric
0.01,0.009000000000000001,22.996458224277283,0.4050125653566993,L10_continuous_numeric
0.01,0.009000000000000001,23.059290077349083,0.40545895803953363,L10_continuous_numeric
0.01,0.009000000000000001,23.122121930420874,0.4054396078927333,L10_continuous_numeric
0.01,0.009000000000000001,23.184953783492674,0.4058203497399098,L10_continuous_numeric
0.01,0.009000000000000001,23.24778563656447,0.40985885356838564,L10_continuous_numeric
0.01,0.009000000000000001,23.310617489636265,0.40671551160709485,L10_continuous_numeric
0.01,0.009000000000000001,23.37344934270806,0.41270865822735564,L10_continuous_numeric
0.01,0.009000000000000001,23.436281195779856,0.4108522593259878,L10_continuous_numeric
0.01,0.009000000000000001,23.499113048851655,0.4093560761513433,L10_continuous_numeric
0.01,0.009000000000000001,23.561944901923447,0.41052368629343683,L10_continuous_numeric
0.01,0.009000000000000001,23.624776754995246,0.41380484141593643,L10_continuous_numeric
0.01,0.009000000000000001,23.687608608067038,0.4128528974787852,L10_continuous_numeric
0.01,0.009000000000000001,23.750440461138837,0.4119928273318591,L10_continuous_numeric
0.01,0.009000000000000001,23.813272314210632,0.4122890384737332,L10_continuous_numeric
0.01,0.009000000000000001,23.876104167282428,0.41310445577756494,L10_continuous_numeric
0.01,0.009000000000000001,23.938936020354223,0.41243491580130265,L10_continuous_numeric
0.01,0.009000000000000001,24.00176787342602,0.4150650928137357,L10_continuous_numeric
0.01,0.009000000000000001,24.064599726497814,0.4141053519535926,L10_continuous_numeric
0.01,0.009000000000000001,24.12743157956961,0.4146275738023795,L10_continuous_numeric
0.01,0.009000000000000001,24.19026343264141,0.41693451605254184,L10_continuous_numeric
0.01,0.009000000000000001,24.2530952857132,0.4154163312144567,L10_continuous_numeric
0.01,0.009000000000000001,24.315927138785,0.4177572828373477,L10_continuous_numeric
0.01,0.009000000000000001,24.378758991856795,0.41979251309841925,L10_continuous_numeric
0.01,0.009000000000000001,24.44159084492859,0.4198289777804122,L10_continuous_numeric
0.01,0.009000000000000001,24.504422698000386,0.4222496390090902,L10_continuous_numeric
0.01,0.009000000000000001,24.567254551072182,0.4201332973332381,L10_continuous_numeric
0.01,0.009000000000000001,24.630086404143977,0.4211961177736491,L10_continuous_numeric
0.01,0.009000000000000001,24.692918257215773,0.42081877007049295,L10_continuous_numeric
0.01,0.009000000000000001,24.75575011028757,0.4218584151112505,L10_continuous_numeric
0.01,0.009000000000000001,24.818581963359364,0.4195962727535654,L10_continuous_numeric
0.01,0.009000000000000001,24.881413816431163,0.42381009178292084,L10_continuous_numeric
0.01,0.009000000000000001,24.94424566950296,0.42585234668014893,L10_continuous_numeric
0.01,0.009000000000000001,25.007077522574754,0.42495199695582775,L10_continuous_numeric
0.01,0.009000000000000001,25.06990937564655,0.42274868479891275,L10_continuous_numeric
0.01,0.009000000000000001,25.132741228718345,0.4245004087154828,L10_continuous_numeric
0.01,0.009000000000000001,25.19557308179014,0.42463014214121747,L10_continuous_numeric
0.01,0.009000000000000001,25.258404934861936,0.4230260610155461,L10_continuous_numeric
0.01,0.009000000000000001,25.32123678793373,0.4288333556221111,L10_continuous_numeric
0.01,0.009000000000000001,25.384068641005527,0.427979330446431,L10_continuous_numeric
0.01,0.009000000000000001,25.446900494077322,0.42790172885321187,L10_continuous_numeric
0.01,0.009000000000000001,25.50973234714912,0.4307182370135259,L10_continuous_numeric
0.01,0.009000000000000001,25.572564200220917,0.4300564456620322,L10_continuous_numeric
0.01,0.009000000000000001,25.635396053292713,0.428696235739945,L10_continuous_numeric
0.01,0.009000000000000001,25.698227906364508,0.42980824790387556,L10_continuous_numeric
0.01,0.009000000000000001,25.761059759436304,0.4326385743024595,L10_continuous_numeric
0.01,0.009000000000000001,25.8238916125081,0.43135227610557164,L10_continuous_numeric
0.01,0.009000000000000001,25.886723465579895,0.43243976793641625,L10_continuous_numeric
0.01,0.009000000000000001,25.94955531865169,0.43137405365682346,L10_continuous_numeric
0.01,0.009000000000000001,26.012387171723486,0.4320088237014973,L10_continuous_numeric
0.01,0.009000000000000001,26.075219024795285,0.4320654872960245,L10_continuous_numeric
0.01,0.009000000000000001,26.13805087786708,0.435625094349135,L10_continuous_numeric
0.01,0.009000000000000001,26.200882730938876,0.4358558100823427,L10_continuous_numeric
0.01,0.009000000000000001,26.26371458401067,0.4375820306499797,L10_continuous_numeric
0.01,0.009000000000000001,26.326546437082467,0.43561751065528115,L10_continuous_numeric
0.01,0.009000000000000001,26.389378290154262,0.4357516030793255,L10_continuous_numeric
0.01,0.009000000000000001,26.452210143226058,0.43734344931418545,L10_continuous_numeric
0.01,0.009000000000000001,26.515041996297853,0.43509569214644683,L10_continuous_numeric
0.01,0.009000000000000001,26.57787384936965,0.43632790497211416,L10_continuous_numeric
0.01,0.009000000000000001,26.640705702441448,0.4378086690504519,L10_continuous_numeric
0.01,0.009000000000000001,26.70353755551324,0.4384252729855582,L10_continuous_numeric
0.01,0.009000000000000001,26.76636940858504,0.4386629512270432,L10_continuous_numeric
0.01,0.009000000000000001,26.829201261656834,0.4383987482311344,L10_continuous_numeric
0.01,0.009000000000000001,26.89203311472863,0.4392976306173953,L10_continuous_numeric
0.01,0.009000000000000001,26.954864967800425,0.4433124383742382,L10_continuous_numeric
0.01,0.009000000000000001,27.01769682087222,0.4414051396095763,L10_continuous_numeric
0.01,0.009000000000000001,27.080528673944016,0.43960016537542385,L10_continuous_numeric
0.01,0.009000000000000001,27.143360527015812,0.4405331897665008,L10_continuous_numeric
0.01,0.009000000000000001,27.20619238008761,0.44463063713676254,L10_continuous_numeric
0.01,0.009000000000000001,27.269024233159403,0.4441636957841207,L10_continuous_numeric
0.01,0.009000000000000001,27.331856086231202,0.44204637037635136,L10_continuous_numeric
0.01,0.009000000000000001,27.394687939302994,0.44060820205707285,L10_continuous_numeric
0.01,0.009000000000000001,27.457519792374793,0.44647577073731454,L10_continuous_numeric
0.01,0.009000000000000001,27.52035164544659,0.4433073913000428,L10_continuous_numeric
0.01,0.009000000000000001,27.583183498518384,0.4492240218117522,L10_continuous_numeric
0.01,0.009000000000000001,27.64601535159018,0.44371788605527723,L10_continuous_numeric
0.01,0.009000000000000001,27.708847204661975,0.4484423513220311,L10_continuous_numeric
0.01,0.009000000000000001,27.771679057733774,0.44759102796996864,L10_continuous_numeric
0.01,0.009000000000000001,27.834510910805566,0.44703728683047284,L10_continuous_numeric
0.01,0.009000000000000001,27.897342763877365,0.44888468520928737,L10_continuous_numeric
0.01,0.009000000000000001,27.960174616949157,0.4493709979864833,L10_continuous_numeric
0.01,0.009000000000000001,28.023006470020956,0.4492502454193681,L10_continuous_numeric
0.01,0.009000000000000001,28.085838323092748,0.44721754339326125,L10_continuous_numeric
0.01,0.009000000000000001,28.148670176164547,0.4514549859556392,L10_continuous_numeric
0.01,0.009000000000000001,28.211502029236343,0.4514202023401026,L10_continuous_numeric
0.01,0.009000000000000001,28.274333882308138,0.45131528021981765,L10_continuous_numeric
0.01,0.009000000000000001,28.337165735379937,0.4505072851567852,L10_continuous_numeric
0.01,0.009000000000000001,28.39999758845173,0.45448652403210943,L10_continuous_numeric
0.01,0.009000000000000001,28.462829441523528,0.4531779440641115,L10_continuous_numeric
0.01,0.009000000000000001,28.52566129459532,0.4517283242333748,L10_continuous_numeric
0.01,0.009000000000000001,28.58849314766712,0.4500867046621873,L10_continuous_numeric
0.01,0.009000000000000001,28.65132500073891,0.45632293777423844,L10_continuous_numeric
0.01,0.009000000000000001,28.71415685381071,0.4547386451151569,L10_continuous_numeric
0.01,0.009000000000000001,28.776988706882502,0.4531550991266626,L10_continuous_numeric
0.01,0.009000000000000001,28.8398205599543,0.45686715667683486,L10_continuous_numeric
0.01,0.009000000000000001,28.9026524130261,0.45573699581051147,L10_continuous_numeric
0.01,0.009000000000000001,28.965484266097892,0.450383109052828,L10_continuous_numeric
0.01,0.009000000000000001,29.02831611916969,0.45586291058751155,L10_continuous_numeric
0.01,0.009000000000000001,29.091147972241483,0.45531577039804244,L10_continuous_numeric
0.01,0.009000000000000001,29.153979825313282,0.4566772491084222,L10_continuous_numeric
0.01,0.009000000000000001,29.216811678385074,0.45654275314689646,L10_continuous_numeric
0.01,0.009000000000000001,29.279643531456873,0.45740691266054245,L10_continuous_numeric
0.01,0.009000000000000001,29.342475384528665,0.45637975303065487,L10_continuous_numeric
0.01,0.009000000000000001,29.405307237600464,0.4551148950014736,L10_continuous_numeric
0.01,0.009000000000000001,29.468139090672256,0.4575513887234063,L10_continuous_numeric
0.01,0.009000000000000001,29.530970943744055,0.46085416347020436,L10_continuous_numeric
0.01,0.009000000000000001,29.593802796815854,0.4580992664545601,L10_continuous_numeric
0.01,0.009000000000000001,29.656634649887646,0.4609407410835743,L10_continuous_numeric
0.01,0.009000000000000001,29.719466502959445,0.4621848834847227,L10_continuous_numeric
0.01,0.009000000000000001,29.782298356031237,0.46123055297383103,L10_continuous_numeric
0.01,0.009000000000000001,29.845130209103036,0.4655694215494955,L10_continuous_numeric
0.01,0.009000000000000001,29.90796206217483,0.46195594973556575,L10_continuous_numeric
0.01,0.009000000000000001,29.970793915246627,0.46310894396553265,L10_continuous_numeric
0.01,0.009000000000000001,30.03362576831842,0.46121332728219894,L10_continuous_numeric
0.01,0.009000000000000001,30.09645762139022,0.4621545754826655,L10_continuous_numeric
0.01,0.009000000000000001,30.15928947446201,0.46306024210417074,L10_continuous_numeric
0.01,0.009000000000000001,30.22212132753381,0.4610816421036897,L10_continuous_numeric
0.01,0.009000000000000001,30.28495318060561,0.4639035071354063,L10_continuous_numeric
0.01,0.009000000000000001,30.3477850336774,0.4654917426715621,L10_continuous_numeric
0.01,0.009000000000000001,30.4106168867492,0.46373398283919,L10_continuous_numeric
0.01,0.009000000000000001,30.47344873982099,0.4637061152015273,L10_continuous_numeric
0.01,0.009000000000000001,30.53628059289279,0.46468624929611446,L10_continuous_numeric
0.01,0.009000000000000001,30.599112445964582,0.46427967362991784,L10_continuous_numeric
0.01,0.009000000000000001,30.66194429903638,0.4686395849555939,L10_continuous_numeric
0.01,0.009000000000000001,30.724776152108173,0.46552758225023,L10_continuous_numeric
0.01,0.009000000000000001,30.787608005179973,0.46602946644862786,L10_continuous_numeric
0.01,0.009000000000000001,30.85043985825177,0.4670427616922677,L10_continuous_numeric
0.01,0.009000000000000001,30.913271711323564,0.4688205666019096,L10_continuous_numeric
0.01,0.009000000000000001,30.976103564395363,0.46441480794828127,L10_continuous_numeric
0.01,0.009000000000000001,31.038935417467155,0.47006094483509986,L10_continuous_numeric
0.01,0.009000000000000001,31.101767270538954,0.468060757095728,L10_continuous_numeric
0.01,0.009000000000000001,31.164599123610746,0.4720557718440307,L10_continuous_numeric
0.01,0.009000000000000001,31.227430976682545,0.4706636530137945,L10_continuous_numeric
0.01,0.009000000000000001,31.290262829754337,0.4679805131910173,L10_continuous_numeric
0.01,0.009000000000000001,31.353094682826136,0.4702132305604603,L10_continuous_numeric
0.01,0.009000000000000001,31.415926535897928,0.46955538093517957,L10_continuous_numeric
0.01,0.009000000000000001,31.478758388969727,0.469655251484992,L10_continuous_numeric
0.01,0.009000000000000001,31.541590242041526,0.4688208983854211,L10_continuous_numeric
0.01,0.009000000000000001,31.604422095113318,0.47096598356992164,L10_continuous_numeric
0.01,0.009000000000000001,31.667253948185117,0.47467756179956067,L10_continuous_numeric
0.01,0.009000000000000001,31.73008580125691,0.47423365599780437,L10_continuous_numeric
0.01,0.009000000000000001,31.792917654328708,0.47240730648018636,L10_continuous_numeric
0.01,0.009000000000000001,31.8557495074005,0.4711111307038047,L10_continuous_numeric
0.01,0.009000000000000001,31.9185813604723,0.47237252234505267,L10_continuous_numeric
0.01,0.009000000000000001,31.98141321354409,0.47414659159251477,L10_continuous_numeric
0.01,0.009000000000000001,32.04424506661589,0.4731865160590926,L10_continuous_numeric
0.01,0.009000000000000001,32.107076919687685,0.4736436584145353,L10_continuous_numeric
0.01,0.009000000000000001,32.169908772759484,0.47352417702949684,L10_continuous_numeric
0.01,0.009000000000000001,32.232740625831276,0.4818246916100828,L10_continuous_numeric
0.01,0.009000000000000001,32.295572478903075,0.4857346798819463,L10_continuous_numeric
0.01,0.009000000000000001,32.35840433197487,0.48016794883247466,L10_continuous_numeric
0.01,0.009000000000000001,32.421236185046666,0.4820160877262325,L10_continuous_numeric
0.01,0.009000000000000001,32.484068038118465,0.48739145899743846,L10_continuous_numeric
0.01,0.009000000000000001,32.54689989119026,0.48962423347059486,L10_continuous_numeric
0.01,0.009000000000000001,32.60973174426206,0.4873343249799673,L10_continuous_numeric
0.01,0.009000000000000001,32.67256359733385,0.4883372336779586,L10_continuous_numeric
0.01,0.009000000000000001,32.73539545040565,0.4906886574497327,L10_continuous_numeric
0.01,0.009000000000000001,32.79822730347744,0.4930326194761572,L10_continuous_numeric
0.01,0.009000000000000001,32.86105915654924,0.491246564770733,L10_continuous_numeric
0.01,0.009000000000000001,32.92389100962103,0.49837168743428695,L10_continuous_numeric
0.01,0.009000000000000001,32.98672286269283,0.4967024990399179,L10_continuous_numeric
0.01,0.009000000000000001,33.04955471576463,0.4956048021873632,L10_continuous_numeric
0.01,0.009000000000000001,33.11238656883642,0.49541510815554407,L10_continuous_numeric
0.01,0.009000000000000001,33.17521842190822,0.4964087884142487,L10_continuous_numeric
0.01,0.009000000000000001,33.23805027498001,0.497592910233362,L10_continuous_numeric
0.01,0.009000000000000001,33.30088212805181,0.49885311291761725,L10_continuous_numeric
0.01,0.009000000000000001,33.3637139811236,0.5009875408433102,L10_continuous_numeric
0.01,0.009000000000000001,33.4265458341954,0.5030737309133438,L10_continuous_numeric
0.01,0.009000000000000001,33.48937768726719,0.5038853292979683,L10_continuous_numeric
0.01,0.009000000000000001,33.55220954033899,0.5029474407754431,L10_continuous_numeric
0.01,0.009000000000000001,33.61504139341079,0.5075011341749627,L10_continuous_numeric
0.01,0.009000000000000001,33.677873246482584,0.5074688944190225,L10_continuous_numeric
0.01,0.009000000000000001,33.74070509955438,0.5042128543982745,L10_continuous_numeric
0.01,0.009000000000000001,33.803536952626175,0.5079049019338823,L10_continuous_numeric
0.01,0.009000000000000001,33.866368805697974,0.5127509435990276,L10_continuous_numeric
0.01,0.009000000000000001,33.929200658769766,0.5106112888026891,L10_continuous_numeric
0.01,0.009000000000000001,33.992032511841565,0.5131430410694684,L10_continuous_numeric
0.01,0.009000000000000001,34.05486436491336,0.5097004391091948,L10_continuous_numeric
0.01,0.009000000000000001,34.117696217985156,0.5102841578410275,L10_continuous_numeric
0.01,0.009000000000000001,34.180528071056955,0.5117271581411329,L10_continuous_numeric
0.01,0.009000000000000001,34.24335992412875,0.5161343956092013,L10_continuous_numeric
0.01,0.009000000000000001,34.306191777200546,0.5187348013520501,L10_continuous_numeric
0.01,0.009000000000000001,34.36902363027234,0.514309127303701,L10_continuous_numeric
0.01,0.009000000000000001,34.43185548334414,0.5210471838475915,L10_continuous_numeric
0.01,0.009000000000000001,34.49468733641593,0.5228764366368899,L10_continuous_numeric
0.01,0.009000000000000001,34.55751918948773,0.5241933640132396,L10_continuous_numeric
0.01,0.009000000000000001,34.62035104255952,0.5204309082395945,L10_continuous_numeric
0.01,0.009000000000000001,34.68318289563132,0.5199824676143335,L10_continuous_numeric
0.01,0.009000000000000001,34.74601474870311,0.5208503954208094,L10_continuous_numeric
0.01,0.009000000000000001,34.80884660177491,0.5197635915103653,L10_continuous_numeric
0.01,0.009000000000000001,34.87167845484671,0.5234435305744347,L10_continuous_numeric
0.01,0.009000000000000001,34.9345103079185,0.5227643890050104,L10_continuous_numeric
0.01,0.009000000000000001,34.9973421609903,0.524840831535827,L10_continuous_numeric
0.01,0.009000000000000001,35.06017401406209,0.5280421020951382,L10_continuous_numeric
0.01,0.009000000000000001,35.12300586713389,0.5255469452729253,L10_continuous_numeric
0.01,0.009000000000000001,35.18583772020568,0.5263256866030347,L10_continuous_numeric
0.01,0.009000000000000001,35.24866957327748,0.527082675443674,L10_continuous_numeric
0.01,0.009000000000000001,35.311501426349274,0.5263707630871808,L10_continuous_numeric
0.01,0.009000000000000001,35.37433327942107,0.5270894075261968,L10_continuous_numeric
0.01,0.009000000000000001,35.437165132492865,0.5320487611682383,L10_continuous_numeric
0.01,0.009000000000000001,35.499996985564664,0.5293810634754144,L10_continuous_numeric
0.01,0.009000000000000001,35.56282883863646,0.5277126961185422,L10_continuous_numeric
0.01,0.009000000000000001,35.625660691708255,0.5334626761970147,L10_continuous_numeric
0.01,0.009000000000000001,35.688492544780054,0.5338450673333532,L10_continuous_numeric
0.01,0.009000000000000001,35.751324397851846,0.5362770498466976,L10_continuous_numeric
0.01,0.009000000000000001,35.814156250923645,0.5333742238079632,L10_continuous_numeric
0.01,0.009000000000000001,35.87698810399544,0.5339186222292756,L10_continuous_numeric
0.01,0.009000000000000001,35.939819957067236,0.5299957255705487,L10_continuous_numeric
0.01,0.009000000000000001,36.00265181013903,0.5366433509427845,L10_continuous_numeric
0.01,0.009000000000000001,36.06548366321083,0.5376321114256464,L10_continuous_numeric
0.01,0.009000000000000001,36.12831551628262,0.5364777465016561,L10_continuous_numeric
0.01,0.009000000000000001,36.19114736935442,0.5368101665113977,L10_continuous_numeric
0.01,0.009000000000000001,36.25397922242622,0.5390392755072283,L10_continuous_numeric
0.01,0.009000000000000001,36.31681107549801,0.5401405663324758,L10_continuous_numeric
0.01,0.009000000000000001,36.37964292856981,0.5370890912701468,L10_continuous_numeric
0.01,0.009000000000000001,36.4424747816416,0.541198718488202,L10_continuous_numeric
0.01,0.009000000000000001,36.5053066347134,0.5405606282672547,L10_continuous_numeric
0.01,0.009000000000000001,36.56813848778519,0.541384724180836,L10_continuous_numeric
0.01,0.009000000000000001,36.63097034085699,0.5418411965896376,L10_continuous_numeric
0.01,0.009000000000000001,36.69380219392878,0.5451560282462911,L10_continuous_numeric
0.01,0.009000000000000001,36.75663404700058,0.5496113109575287,L10_continuous_numeric
0.01,0.009000000000000001,36.81946590007237,0.5470207961925173,L10_continuous_numeric
0.01,0.009000000000000001,36.88229775314417,0.5439172116450005,L10_continuous_numeric
0.01,0.009000000000000001,36.94512960621597,0.5458369193799264,L10_continuous_numeric
0.01,0.009000000000000001,37.00796145928776,0.5444529898697383,L10_continuous_numeric
0.01,0.009000000000000001,37.07079331235956,0.5478009051031627,L10_continuous_numeric
0.01,0.009000000000000001,37.133625165431354,0.5499926013749162,L10_continuous_numeric
0.01,0.009000000000000001,37.19645701850315,0.545406226316537,L10_continuous_numeric
0.01,0.009000000000000001,37.259288871574945,0.5495229285798632,L10_continuous_numeric
0.01,0.009000000000000001,37.322120724646744,0.5413645394310654,L10_continuous_numeric
0.01,0.009000000000000001,37.384952577718536,0.5426106774507583,L10_continuous_numeric
0.01,0.009000000000000001,37.447784430790335,0.5530680317226067,L10_continuous_numeric
0.01,0.009000000000000001,37.51061628386213,0.5457585129076132,L10_continuous_numeric
0.01,0.009000000000000001,37.573448136933926,0.5512619596683339,L10_continuous_numeric
0.01,0.009000000000000001,37.636279990005725,0.5461177662927572,L10_continuous_numeric
0.01,0.009000000000000001,37.69911184307752,0.5462279573349859,L10_continuous_numeric
0.01,0.009000000000000001,37.76194369614932,0.5546569888804923,L10_continuous_numeric
0.01,0.009000000000000001,37.82477554922111,0.5484540195007813,L10_continuous_numeric
0.01,0.009000000000000001,37.88760740229291,0.5486954807659113,L10_continuous_numeric
0.01,0.009000000000000001,37.9504392553647,0.5500937549627164,L10_continuous_numeric
0.01,0.009000000000000001,38.0132711084365,0.5537666031551153,L10_continuous_numeric
0.01,0.009000000000000001,38.07610296150829,0.5570673366351402,L10_continuous_numeric
0.01,0.009000000000000001,38.13893481458009,0.5590914723823629,L10_continuous_numeric
0.01,0.009000000000000001,38.20176666765188,0.5447629288292823,L10_continuous_numeric
0.01,0.009000000000000001,38.26459852072368,0.5535442833763977,L10_continuous_numeric
0.01,0.009000000000000001,38.32743037379548,0.5556512110251066,L10_continuous_numeric
0.01,0.009000000000000001,38.39026222686727,0.5524010460103579,L10_continuous_numeric
0.01,0.009000000000000001,38.45309407993907,0.5564840558440378,L10_continuous_numeric
0.01,0.009000000000000001,38.51592593301086,0.5590803534493236,L10_continuous_numeric
0.01,0.009000000000000001,38.57875778608266,0.5636090354393093,L10_continuous_numeric
0.01,0.009000000000000001,38.64158963915445,0.5625463988450009,L10_continuous_numeric
0.01,0.009000000000000001,38.70442149222625,0.5549359314551066,L10_continuous_numeric
0.01,0.009000000000000001,38.767253345298045,0.5605748508400274,L10_continuous_numeric
0.01,0.009000000000000001,38.830085198369844,0.5529611173239849,L10_continuous_numeric
0.01,0.009000000000000001,38.89291705144164,0.5582186156382142,L10_continuous_numeric
0.01,0.009000000000000001,38.955748904513435,0.565084584927892,L10_continuous_numeric
0.01,0.009000000000000001,39.018580757585234,0.5611802886622129,L10_continuous_numeric
0.01,0.009000000000000001,39.081412610657026,0.5665571039936655,L10_continuous_numeric
0.01,0.009000000000000001,39.144244463728825,0.5641942385342906,L10_continuous_numeric
0.01,0.009000000000000001,39.20707631680062,0.5662424777132812,L10_continuous_numeric
0.01,0.009000000000000001,39.269908169872416,0.5625381702682518,L10_continuous_numeric
0.01,0.009000000000000001,39.33274002294421,0.556060082573472,L10_continuous_numeric
0.01,0.009000000000000001,39.39557187601601,0.5625170915604447,L10_continuous_numeric
0.01,0.009000000000000001,39.4584037290878,0.5598907187599181,L10_continuous_numeric
0.01,0.009000000000000001,39.5212355821596,0.5614648205553082,L10_continuous_numeric
0.01,0.009000000000000001,39.5840674352314,0.5693657992405037,L10_continuous_numeric
0.01,0.009000000000000001,39.64689928830319,0.5618177473652977,L10_continuous_numeric
0.01,0.009000000000000001,39.70973114137499,0.5723958338213629,L10_continuous_numeric
0.01,0.009000000000000001,39.77256299444678,0.5727581622387403,L10_continuous_numeric
0.01,0.009000000000000001,39.83539484751858,0.5662311545113256,L10_continuous_numeric
0.01,0.009000000000000001,39.89822670059037,0.5580546206542875,L10_continuous_numeric
0.01,0.009000000000000001,39.96105855366217,0.5597047196482815,L10_continuous_numeric
0.01,0.009000000000000001,40.02389040673396,0.5585960860410935,L10_continuous_numeric
0.01,0.009000000000000001,40.08672225980576,0.5636942737494345,L10_continuous_numeric
0.01,0.009000000000000001,40.14955411287755,0.5683643088121357,L10_continuous_numeric
0.01,0.009000000000000001,40.21238596594935,0.5649773687176874,L10_continuous_numeric
0.01,0.009000000000000001,40.27521781902115,0.573054114971168,L10_continuous_numeric
0.01,0.009000000000000001,40.33804967209294,0.5692127666709755,L10_continuous_numeric
0.01,0.009000000000000001,40.40088152516474,0.565550907575999,L10_continuous_numeric
0.01,0.009000000000000001,40.463713378236534,0.5776940864873459,L10_continuous_numeric
0.01,0.009000000000000001,40.52654523130833,0.5666149771166267,L10_continuous_numeric
0.01,0.009000000000000001,40.589377084380125,0.5797728197788841,L10_continuous_numeric
0.01,0.009000000000000001,40.652208937451924,0.5661890374328653,L10_continuous_numeric
0.01,0.009000000000000001,40.715040790523716,0.5663628467876213,L10_continuous_numeric
0.01,0.009000000000000001,40.777872643595515,0.5744560796402352,L10_continuous_numeric
0.01,0.009000000000000001,40.84070449666731,0.5837318805141579,L10_continuous_numeric
0.01,0.009000000000000001,40.903536349739106,0.5734373425323388,L10_continuous_numeric
0.01,0.009000000000000001,40.9663682028109,0.5711518340605308,L10_continuous_numeric
0.01,0.009000000000000001,41.029200055882704,0.5717410636038119,L10_continuous_numeric
0.01,0.009000000000000001,41.092031908954496,0.5690212073906433,L10_continuous_numeric
0.01,0.009000000000000001,41.15486376202629,0.5763110640568273,L10_continuous_numeric
0.01,0.009000000000000001,41.21769561509808,0.5814672185292676,L10_continuous_numeric
0.01,0.009000000000000001,41.280527468169886,0.575143943545106,L10_continuous_numeric
0.01,0.009000000000000001,41.34335932124168,0.5689987013166049,L10_continuous_numeric
0.01,0.009000000000000001,41.40619117431347,0.5643352784513233,L10_continuous_numeric
0.01,0.009000000000000001,41.46902302738526,0.5700606746657058,L10_continuous_numeric
0.01,0.009000000000000001,41.53185488045707,0.5714581051473604,L10_continuous_numeric
0.01,0.009000000000000001,41.59468673352886,0.5780466358496172,L10_continuous_numeric
0.01,0.009000000000000001,41.65751858660065,0.5689942299257849,L10_continuous_numeric
0.01,0.009000000000000001,41.72035043967246,0.5873668558653111,L10_continuous_numeric
0.01,0.009000000000000001,41.78318229274425,0.5720938851970383,L10_continuous_numeric
0.01,0.009000000000000001,41.84601414581604,0.5718372196724729,L10_continuous_numeric
0.01,0.009000000000000001,41.908845998887834,0.5823609660969774,L10_continuous_numeric
0.01,0.009000000000000001,41.97167785195964,0.5773242615997292,L10_continuous_numeric
0.01,0.009000000000000001,42.03450970503143,0.5747943587072516,L10_continuous_numeric
0.01,0.009000000000000001,42.097341558103224,0.5808356158718007,L10_continuous_numeric
0.01,0.009000000000000001,42.160173411175016,0.5846712957477991,L10_continuous_numeric
0.01,0.009000000000000001,42.22300526424682,0.5848778151511561,L10_continuous_numeric
0.01,0.009000000000000001,42.285837117318614,0.5782722597910903,L10_continuous_numeric
0.01,0.009000000000000001,42.348668970390406,0.5735750556032402,L10_continuous_numeric
0.01,0.009000000000000001,42.41150082346221,0.5733414125715252,L10_continuous_numeric
0.01,0.009000000000000001,42.474332676534004,0.5711290317101781,L10_continuous_numeric
0.01,0.009000000000000001,42.537164529605796,0.5796220085199989,L10_continuous_numeric
0.01,0.009000000000000001,42.59999638267759,0.5745294135243587,L10_continuous_numeric
0.01,0.009000000000000001,42.662828235749394,0.5747793742251576,L10_continuous_numeric
0.01,0.009000000000000001,42.725660088821186,0.5773015358716512,L10_continuous_numeric
0.01,0.009000000000000001,42.78849194189298,0.568820908819658,L10_continuous_numeric
0.01,0.009000000000000001,42.85132379496477,0.5769434435050181,L10_continuous_numeric
0.01,0.009000000000000001,42.91415564803658,0.5727066557784629,L10_continuous_numeric
0.01,0.009000000000000001,42.97698750110837,0.5758876136655451,L10_continuous_numeric
0.01,0.009000000000000001,43.03981935418016,0.5885467346216099,L10_continuous_numeric
0.01,0.009000000000000001,43.10265120725197,0.5727001634217853,L10_continuous_numeric
0.01,0.009000000000000001,43.16548306032376,0.5816128271810302,L10_continuous_numeric
0.01,0.009000000000000001,43.22831491339555,0.5682462136771165,L10_continuous_numeric
0.01,0.009000000000000001,43.29114676646734,0.5741394457677481,L10_continuous_numeric
0.01,0.009000000000000001,43.35397861953915,0.5750830128748786,L10_continuous_numeric
0.01,0.009000000000000001,43.41681047261094,0.5980906397189776,L10_continuous_numeric
0.01,0.009000000000000001,43.47964232568273,0.5708853189308246,L10_continuous_numeric
0.01,0.009000000000000001,43.54247417875453,0.5844620662642149,L10_continuous_numeric
0.01,0.009000000000000001,43.60530603182633,0.5811593305573969,L10_continuous_numeric
0.01,0.009000000000000001,43.66813788489812,0.5766686403249137,L10_continuous_numeric
0.01,0.009000000000000001,43.730969737969914,0.5772890203911843,L10_continuous_numeric
0.01,0.009000000000000001,43.79380159104172,0.5714216410017042,L10_continuous_numeric
0.01,0.009000000000000001,43.85663344411351,0.5716743033882509,L10_continuous_numeric
0.01,0.009000000000000001,43.919465297185305,0.5699653432893018,L10_continuous_numeric
0.01,0.009000000000000001,43.9822971502571,0.5844829581859895,L10_continuous_numeric
0.01,0.009000000000000001,44.0451290033289,0.5629344342786644,L10_continuous_numeric
0.01,0.009000000000000001,44.107960856400695,0.5779369866680594,L10_continuous_numeric
0.01,0.009000000000000001,44.17079270947249,0.5794656446844618,L10_continuous_numeric
0.01,0.009000000000000001,44.233624562544286,0.5826834262507641,L10_continuous_numeric
0.01,0.009000000000000001,44.296456415616085,0.5685016666678868,L10_continuous_numeric
0.01,0.009000000000000001,44.35928826868788,0.5754105847418302,L10_continuous_numeric
0.01,0.009000000000000001,44.42212012175967,0.5825979921608213,L10_continuous_numeric
0.01,0.009000000000000001,44.484951974831475,0.5777353807297472,L10_continuous_numeric
0.01,0.009000000000000001,44.54778382790327,0.5698985215702016,L10_continuous_numeric
0.01,0.009000000000000001,44.61061568097506,0.5742825383522825,L10_continuous_numeric
0.01,0.009000000000000001,44.67344753404686,0.5876901986688154,L10_continuous_numeric
0.01,0.009000000000000001,44.73627938711866,0.5778784032893106,L10_continuous_numeric
0.01,0.009000000000000001,44.79911124019045,0.6017462257073963,L10_continuous_numeric
0.01,0.009000000000000001,44.86194309326224,0.5738997861422193,L10_continuous_numeric
0.01,0.009000000000000001,44.92477494633405,0.5631283930446551,L10_continuous_numeric
0.01,0.009000000000000001,44.98760679940584,0.5773334780228464,L10_continuous_numeric
0.01,0.009000000000000001,45.05043865247763,0.6102628283835146,L10_continuous_numeric
0.01,0.009000000000000001,45.11327050554942,0.5743553596741416,L10_continuous_numeric
0.01,0.009000000000000001,45.17610235862123,0.560661630648305,L10_continuous_numeric
0.01,0.009000000000000001,45.23893421169302,0.5432851125242738,L10_continuous_numeric
0.01,0.009000000000000001,45.30176606476481,0.6253986794086247,L10_continuous_numeric
0.01,0.009000000000000001,45.36459791783661,0.5857296277461526,L10_continuous_numeric
0.01,0.009000000000000001,45.42742977090841,0.6280205375809621,L10_continuous_numeric
0.01,0.009000000000000001,45.4902616239802,0.5416615237333633,L10_continuous_numeric
0.01,0.009000000000000001,0.06283185307179587,0.05511623296728291,initial_noise_numeric
0.01,0.009000000000000001,0.12566370614359174,0.05416374637873423,initial_noise_numeric
0.01,0.009000000000000001,0.18849555921538758,0.05595543902344741,initial_noise_numeric
0.01,0.009000000000000001,0.25132741228718347,0.05744034479565247,initial_noise_numeric
0.01,0.009000000000000001,0.3141592653589793,0.05771522717494903,initial_noise_numeric
0.01,0.009000000000000001,0.37699111843077515,0.05608750315068194,initial_noise_numeric
0.01,0.009000000000000001,0.43982297150257105,0.05522989557493536,initial_noise_numeric
0.01,0.009000000000000001,0.5026548245743669,0.05668646513683397,initial_noise_numeric
0.01,0.009000000000000001,0.5654866776461628,0.05666849535426929,initial_noise_numeric
0.01,0.009000000000000001,0.6283185307179586,0.05374170103535885,initial_noise_numeric
0.01,0.009000000000000001,0.6911503837897545,0.05610094401669463,initial_noise_numeric
0.01,0.009000000000000001,0.7539822368615503,0.05574777516304888,initial_noise_numeric
0.01,0.009000000000000001,0.8168140899333463,0.05578103092996937,initial_noise_numeric
0.01,0.009000000000000001,0.8796459430051421,0.05637482070114319,initial_noise_numeric
0.01,0.009000000000000001,0.9424777960769378,0.05618457387258786,initial_noise_numeric
0.01,0.009000000000000001,1.0053096491487339,0.05522802856760354,initial_noise_numeric
0.01,0.009000000000000001,1.0681415022205298,0.05554275613171834,initial_noise_numeric
0.01,0.009000000000000001,1.1309733552923256,0.05574762262479086,initial_noise_numeric
0.01,0.009000000000000001,1.1938052083641213,0.054521453571763176,initial_noise_numeric
0.01,0.009000000000000001,1.2566370614359172,0.055919975445006015,initial_noise_numeric
0.01,0.009000000000000001,1.3194689145077132,0.055294922274329784,initial_noise_numeric
0.01,0.009000000000000001,1.382300767579509,0.05476395038350117,initial_noise_numeric
0.01,0.009000000000000001,1.4451326206513047,0.054010715642048075,initial_noise_numeric
0.01,0.009000000000000001,1.5079644737231006,0.053464396650032636,initial_noise_numeric
0.01,0.009000000000000001,1.5707963267948966,0.05255880237072245,initial_noise_numeric
0.01,0.009000000000000001,1.6336281798666925,0.051471656259520514,initial_noise_numeric
0.01,0.009000000000000001,1.6964600329384882,0.052521341612803536,initial_noise_numeric
0.01,0.009000000000000001,1.7592918860102842,0.05095033620087168,initial_noise_numeric
0.01,0.009000000000000001,1.8221237390820801,0.05049812775633699,initial_noise_numeric
0.01,0.009000000000000001,1.8849555921538756,0.049240097226519626,initial_noise_numeric
0.01,0.009000000000000001,1.9477874452256716,0.04907048941794628,initial_noise_numeric
0.01,0.009000000000000001,2.0106192982974678,0.04731797197080507,initial_noise_numeric
0.01,0.009000000000000001,2.0734511513692637,0.047041626101197775,initial_noise_numeric
0.01,0.009000000000000001,2.1362830044410597,0.045646474157713585,initial_noise_numeric
0.01,0.009000000000000001,2.199114857512855,0.04459206961985351,initial_noise_numeric
0.01,0.009000000000000001,2.261946710584651,0.04347905496278067,initial_noise_numeric
0.01,0.009000000000000001,2.324778563656447,0.041912619641218625,initial_noise_numeric
0.01,0.009000000000000001,2.3876104167282426,0.0407073838127367,initial_noise_numeric
0.01,0.009000000000000001,2.4504422698000385,0.038925421845559506,initial_noise_numeric
0.01,0.009000000000000001,2.5132741228718345,0.03815395020604682,initial_noise_numeric
0.01,0.009000000000000001,2.57610597594363,0.03689671155571788,initial_noise_numeric
0.01,0.009000000000000001,2.6389378290154264,0.03524825157159667,initial_noise_numeric
0.01,0.009000000000000001,2.701769682087222,0.033423158177627275,initial_noise_numeric
0.01,0.009000000000000001,2.764601535159018,0.031593745544115925,initial_noise_numeric
0.01,0.009000000000000001,2.827433388230814,0.030139835901984696,initial_noise_numeric
0.01,0.009000000000000001,2.8902652413026093,0.028256746866518228,initial_noise_numeric
0.01,0.009000000000000001,2.9530970943744057,0.02675613651914247,initial_noise_numeric
0.01,0.009000000000000001,3.015928947446201,0.02496552517437102,initial_noise_numeric
0.01,0.009000000000000001,3.078760800517997,0.023256383697587327,initial_noise_numeric
0.01,0.009000000000000001,3.141592653589793,0.021451683000705067,initial_noise_numeric
0.01,0.009000000000000001,3.204424506661589,0.01974202307876362,initial_noise_numeric
0.01,0.009000000000000001,3.267256359733385,0.018332281862139234,initial_noise_numeric
0.01,0.009000000000000001,3.330088212805181,0.01661423175753058,initial_noise_numeric
0.01,0.009000000000000001,3.3929200658769765,0.015322473031894848,initial_noise_numeric
0.01,0.009000000000000001,3.4557519189487724,0.013727248049723202,initial_noise_numeric
0.01,0.009000000000000001,3.5185837720205684,0.012400616264221967,initial_noise_numeric
0.01,0.009000000000000001,3.581415625092364,0.011256747384575614,initial_noise_numeric
0.01,0.009000000000000001,3.6442474781641603,0.009905925747650734,initial_noise_numeric
0.01,0.009000000000000001,3.707079331235956,0.008874265122813679,initial_noise_numeric
0.01,0.009000000000000001,3.7699111843077513,0.007682271807094034,initial_noise_numeric
0.01,0.009000000000000001,3.8327430373795477,0.006776009555991388,initial_noise_numeric
0.01,0.009000000000000001,3.895574890451343,0.005886835773037797,initial_noise_numeric
0.01,0.009000000000000001,3.9584067435231396,0.005100372313056362,initial_noise_numeric
0.01,0.009000000000000001,4.0212385965949355,0.004373459505931551,initial_noise_numeric
0.01,0.009000000000000001,4.084070449666731,0.00374058727232527,initial_noise_numeric
0.01,0.009000000000000001,4.1469023027385274,0.0031266118183082355,initial_noise_numeric
0.01,0.009000000000000001,4.209734155810323,0.0025982575201135842,initial_noise_numeric
0.01,0.009000000000000001,4.272566008882119,0.0021610789328922815,initial_noise_numeric
0.01,0.009000000000000001,4.335397861953915,0.0017870454198570316,initial_noise_numeric
0.01,0.009000000000000001,4.39822971502571,0.0014554394128324152,initial_noise_numeric
0.01,0.009000000000000001,4.461061568097507,0.0011944296891002913,initial_noise_numeric
0.01,0.009000000000000001,4.523893421169302,0.0009590176919416182,initial_noise_numeric
0.01,0.009000000000000001,4.586725274241098,0.0007540110053332376,initial_noise_numeric
0.01,0.009000000000000001,4.649557127312894,0.0006033903371222573,initial_noise_numeric
0.01,0.009000000000000001,4.71238898038469,0.00046517648192234636,initial_noise_numeric
0.01,0.009000000000000001,4.775220833456485,0.00036702655360892596,initial_noise_numeric
0.01,0.009000000000000001,4.838052686528282,0.00027875509559308444,initial_noise_numeric
0.01,0.009000000000000001,4.900884539600077,0.0002095531433058256,initial_noise_numeric
0.01,0.009000000000000001,4.9637163926718735,0.00016128981115220528,initial_noise_numeric
0.01,0.009000000000000001,5.026548245743669,0.00011812043038145798,initial_noise_numeric
0.01,0.009000000000000001,5.0893800988154645,8.808895714460571e-05,initial_noise_numeric
0.01,0.009000000000000001,5.15221195188726,6.309848334611674e-05,initial_noise_numeric
0.01,0.009000000000000001,5.215043804959057,4.583961089629767e-05,initial_noise_numeric
0.01,0.009000000000000001,5.277875658030853,3.277041034647215e-05,initial_noise_numeric
0.01,0.009000000000000001,5.340707511102648,2.3042978641794475e-05,initial_noise_numeric
0.01,0.009000000000000001,5.403539364174444,1.591113016558294e-05,initial_noise_numeric
0.01,0.009000000000000001,5.466371217246239,1.1039412136304487e-05,initial_noise_numeric
0.01,0.009000000000000001,5.529203070318036,7.727139637918005e-06,initial_noise_numeric
0.01,0.009000000000000001,5.592034923389832,5.306919601911648e-06,initial_noise_numeric
0.01,0.009000000000000001,5.654866776461628,3.787924615125766e-06,initial_noise_numeric
0.01,0.009000000000000001,5.717698629533423,2.731580284290497e-06,initial_noise_numeric
0.01,0.009000000000000001,5.780530482605219,2.115357223313242e-06,initial_noise_numeric
0.01,0.009000000000000001,5.843362335677015,1.7178247605604041e-06,initial_noise_numeric
0.01,0.009000000000000001,5.906194188748811,1.458469029219264e-06,initial_noise_numeric
0.01,0.009000000000000001,5.969026041820607,1.307227800133403e-06,initial_noise_numeric
0.01,0.009000000000000001,6.031857894892402,1.1800141585728516e-06,initial_noise_numeric
0.01,0.009000000000000001,6.094689747964199,1.0760580899268532e-06,initial_noise_numeric
0.01,0.009000000000000001,6.157521601035994,9.743207009322322e-07,initial_noise_numeric
0.01,0.009000000000000001,6.220353454107791,8.888676973805235e-07,initial_noise_numeric
0.01,0.009000000000000001,6.283185307179586,8.108528092923012e-07,initial_noise_numeric
0.01,0.009000000000000001,6.346017160251382,7.405896598091375e-07,initial_noise_numeric
0.01,0.009000000000000001,6.408849013323178,6.768667831902975e-07,initial_noise_numeric
0.01,0.009000000000000001,6.471680866394974,6.101358685942491e-07,initial_noise_numeric
0.01,0.009000000000000001,6.53451271946677,5.53560017227583e-07,initial_noise_numeric
0.01,0.009000000000000001,6.5973445725385655,5.013313991347562e-07,initial_noise_numeric
0.01,0.009000000000000001,6.660176425610362,4.5899528173853173e-07,initial_noise_numeric
0.01,0.009000000000000001,6.7230082786821574,4.1025629740516665e-07,initial_noise_numeric
0.01,0.009000000000000001,6.785840131753953,3.6479170171702647e-07,initial_noise_numeric
0.01,0.009000000000000001,6.8486719848257485,3.283209747137612e-07,initial_noise_numeric
0.01,0.009000000000000001,6.911503837897545,2.928865294617938e-07,initial_noise_numeric
0.01,0.009000000000000001,6.974335690969341,2.621082770867214e-07,initial_noise_numeric
0.01,0.009000000000000001,7.037167544041137,2.339633023809355e-07,initial_noise_numeric
0.01,0.009000000000000001,7.099999397112932,2.073287010542116e-07,initial_noise_numeric
0.01,0.009000000000000001,7.162831250184728,1.8305113427097267e-07,initial_noise_numeric
0.01,0.009000000000000001,7.225663103256525,1.599400607593e-07,initial_noise_numeric
0.01,0.009000000000000001,7.288494956328321,1.4085965349686208e-07,initial_noise_numeric
0.01,0.009000000000000001,7.351326809400116,1.2382483187763898e-07,initial_noise_numeric
0.01,0.009000000000000001,7.414158662471912,1.0939477814186777e-07,initial_noise_numeric
0.01,0.009000000000000001,7.476990515543707,9.579151711028833e-08,initial_noise_numeric
0.01,0.009000000000000001,7.539822368615503,8.316089637133876e-08,initial_noise_numeric
0.01,0.009000000000000001,7.6026542216873,7.168792592838773e-08,initial_noise_numeric
0.01,0.009000000000000001,7.665486074759095,6.162596322587608e-08,initial_noise_numeric
0.01,0.009000000000000001,7.728317927830891,5.311119548746395e-08,initial_noise_numeric
0.01,0.009000000000000001,7.791149780902686,4.598504203133991e-08,initial_noise_numeric
0.01,0.009000000000000001,7.853981633974482,3.961826962341283e-08,initial_noise_numeric
0.01,0.009000000000000001,7.916813487046279,3.3767516386322826e-08,initial_noise_numeric
0.01,0.009000000000000001,7.979645340118075,2.863383374835524e-08,initial_noise_numeric
0.01,0.009000000000000001,8.042477193189871,2.4210735247097258e-08,initial_noise_numeric
0.01,0.009000000000000001,8.105309046261667,2.0401793876880734e-08,initial_noise_numeric
0.01,0.009000000000000001,8.168140899333462,1.7272567467417565e-08,initial_noise_numeric
0.01,0.009000000000000001,8.230972752405258,1.457480552447729e-08,initial_noise_numeric
0.01,0.009000000000000001,8.293804605477055,1.2202938440669781e-08,initial_noise_numeric
0.01,0.009000000000000001,8.35663645854885,1.0135055452149111e-08,initial_noise_numeric
0.01,0.009000000000000001,8.419468311620646,8.409946100395417e-09,initial_noise_numeric
0.01,0.009000000000000001,8.482300164692441,6.912093766936172e-09,initial_noise_numeric
0.01,0.009000000000000001,8.545132017764239,5.683590422774443e-09,initial_noise_numeric
0.01,0.009000000000000001,8.607963870836034,4.6785022126358615e-09,initial_noise_numeric
0.01,0.009000000000000001,8.67079572390783,3.856094189026037e-09,initial_noise_numeric
0.01,0.009000000000000001,8.733627576979625,3.131024740594229e-09,initial_noise_numeric
0.01,0.009000000000000001,8.79645943005142,2.530241685359169e-09,initial_noise_numeric
0.01,0.009000000000000001,8.859291283123216,2.032853600581649e-09,initial_noise_numeric
0.01,0.009000000000000001,8.922123136195014,1.6349996663915106e-09,initial_noise_numeric
0.01,0.009000000000000001,8.984954989266809,1.3259233022444118e-09,initial_noise_numeric
0.01,0.009000000000000001,9.047786842338605,1.0630712306045628e-09,initial_noise_numeric
0.01,0.009000000000000001,9.1106186954104,8.472747595229581e-10,initial_noise_numeric
0.01,0.009000000000000001,9.173450548482196,6.764201040903275e-10,initial_noise_numeric
0.01,0.009000000000000001,9.236282401553993,5.457132966291944e-10,initial_noise_numeric
0.01,0.009000000000000001,9.299114254625788,4.410833041028354e-10,initial_noise_numeric
0.01,0.009000000000000001,9.361946107697584,3.531741937244742e-10,initial_noise_numeric
0.01,0.009000000000000001,9.42477796076938,2.9081996994340503e-10,initial_noise_numeric
0.01,0.009000000000000001,9.487609813841175,2.4512702826198586e-10,initial_noise_numeric
0.01,0.009000000000000001,9.55044166691297,2.1266434792964286e-10,initial_noise_numeric
0.01,0.009000000000000001,9.613273519984768,1.8444643679034257e-10,initial_noise_numeric
0.01,0.009000000000000001,9.676105373056563,1.6581953919036251e-10,initial_noise_numeric
0.01,0.009000000000000001,9.738937226128359,1.5495610579865722e-10,initial_noise_numeric
0.01,0.009000000000000001,9.801769079200154,1.4052208144569505e-10,initial_noise_numeric
0.01,0.009000000000000001,9.86460093227195,1.3704407719506381e-10,initial_noise_numeric
0.01,0.009000000000000001,9.927432785343747,1.2898898714756111e-10,initial_noise_numeric
0.01,0.009000000000000001,9.990264638415542,1.2536596600490804e-10,initial_noise_numeric
0.01,0.009000000000000001,10.053096491487338,1.2176208910889816e-10,initial_noise_numeric
0.01,0.009000000000000001,10.115928344559133,1.1343876645336579e-10,initial_noise_numeric
0.01,0.009000000000000001,10.178760197630929,1.1401514106607284e-10,initial_noise_numeric
0.01,0.009000000000000001,10.241592050702724,1.1026674906806635e-10,initial_noise_numeric
0.01,0.009000000000000001,10.30442390377452,1.0876878437733073e-10,initial_noise_numeric
0.01,0.009000000000000001,10.367255756846316,1.0278121667847318e-10,initial_noise_numeric
0.01,0.009000000000000001,10.430087609918115,1.0022658048328152e-10,initial_noise_numeric
0.01,0.009000000000000001,10.49291946298991,9.982444954769338e-11,initial_noise_numeric
0.01,0.009000000000000001,10.555751316061706,9.542370040183839e-11,initial_noise_numeric
0.01,0.009000000000000001,10.618583169133501,9.469580789518889e-11,initial_noise_numeric
0.01,0.009000000000000001,10.681415022205297,9.241302217243043e-11,initial_noise_numeric
0.01,0.009000000000000001,10.744246875277092,8.993640329348593e-11,initial_noise_numeric
0.01,0.009000000000000001,10.807078728348888,8.894806518410483e-11,initial_noise_numeric
0.01,0.009000000000000001,10.869910581420683,8.43565684960946e-11,initial_noise_numeric
0.01,0.009000000000000001,10.932742434492479,8.205142953291644e-11,initial_noise_numeric
0.01,0.009000000000000001,10.995574287564274,8.130350313213696e-11,initial_noise_numeric
0.01,0.009000000000000001,11.058406140636071,7.994259126861032e-11,initial_noise_numeric
0.01,0.009000000000000001,11.121237993707869,8.017381392087206e-11,initial_noise_numeric
0.01,0.009000000000000001,11.184069846779664,7.534201192732883e-11,initial_noise_numeric
0.01,0.009000000000000001,11.24690169985146,7.579324849739904e-11,initial_noise_numeric
0.01,0.009000000000000001,11.309733552923255,7.450849979156824e-11,initial_noise_numeric
0.01,0.009000000000000001,11.37256540599505,7.379611190541588e-11,initial_noise_numeric
0.01,0.009000000000000001,11.435397259066846,7.455239671022622e-11,initial_noise_numeric
0.01,0.009000000000000001,11.498229112138642,7.329651855715926e-11,initial_noise_numeric
0.01,0.009000000000000001,11.561060965210437,7.546038336842162e-11,initial_noise_numeric
0.01,0.009000000000000001,11.623892818282235,7.605067274608164e-11,initial_noise_numeric
0.01,0.009000000000000001,11.68672467135403,7.648705454369189e-11,initial_noise_numeric
0.01,0.009000000000000001,11.749556524425827,7.846327390143901e-11,initial_noise_numeric
0.01,0.009000000000000001,11.812388377497623,8.122652876757714e-11,initial_noise_numeric
0.01,0.009000000000000001,11.875220230569418,8.54111855321845e-11,initial_noise_numeric
0.01,0.009000000000000001,11.938052083641214,8.684049089110675e-11,initial_noise_numeric
0.01,0.009000000000000001,12.00088393671301,8.768816229021847e-11,initial_noise_numeric
0.01,0.009000000000000001,12.063715789784805,9.104357843830464e-11,initial_noise_numeric
0.01,0.009000000000000001,12.1265476428566,9.462288560122676e-11,initial_noise_numeric
0.01,0.009000000000000001,12.189379495928398,9.594025185783712e-11,initial_noise_numeric
0.01,0.009000000000000001,12.252211349000193,9.724376204794151e-11,initial_noise_numeric
0.01,0.009000000000000001,12.315043202071989,1.0017568569902032e-10,initial_noise_numeric
0.01,0.009000000000000001,12.377875055143784,9.708745564604447e-11,initial_noise_numeric
0.01,0.009000000000000001,12.440706908215581,1.0133907591220365e-10,initial_noise_numeric
0.01,0.009000000000000001,12.503538761287377,9.839286185653845e-11,initial_noise_numeric
0.01,0.009000000000000001,12.566370614359172,9.925380396609266e-11,initial_noise_numeric
0.01,0.009000000000000001,12.629202467430968,9.819340367674309e-11,initial_noise_numeric
0.01,0.009000000000000001,12.692034320502763,9.513791181021379e-11,initial_noise_numeric
0.01,0.009000000000000001,12.75486617357456,9.592216923507581e-11,initial_noise_numeric
0.01,0.009000000000000001,12.817698026646356,9.278772308544985e-11,initial_noise_numeric
0.01,0.009000000000000001,12.880529879718152,9.274370772094068e-11,initial_noise_numeric
0.01,0.009000000000000001,12.943361732789947,8.942799155482586e-11,initial_noise_numeric
0.01,0.009000000000000001,13.006193585861743,8.646198030188768e-11,initial_noise_numeric
0.01,0.009000000000000001,13.06902543893354,8.575669609139294e-11,initial_noise_numeric
0.01,0.009000000000000001,13.131857292005336,8.218617933524015e-11,initial_noise_numeric
0.01,0.009000000000000001,13.194689145077131,7.922309242550518e-11,initial_noise_numeric
0.01,0.009000000000000001,13.257520998148927,7.717364629439354e-11,initial_noise_numeric
0.01,0.009000000000000001,13.320352851220724,7.338581454075396e-11,initial_noise_numeric
0.01,0.009000000000000001,13.38318470429252,7.216547719995265e-11,initial_noise_numeric
0.01,0.009000000000000001,13.446016557364315,6.779333994567037e-11,initial_noise_numeric
0.01,0.009000000000000001,13.50884841043611,6.740589184363465e-11,initial_noise_numeric
0.01,0.009000000000000001,13.571680263507906,6.345185161932111e-11,initial_noise_numeric
0.01,0.009000000000000001,13.634512116579701,6.33924765881558e-11,initial_noise_numeric
0.01,0.009000000000000001,13.697343969651497,6.044837753204152e-11,initial_noise_numeric
0.01,0.009000000000000001,13.760175822723294,5.903728306446557e-11,initial_noise_numeric
0.01,0.009000000000000001,13.82300767579509,5.6034083336937984e-11,initial_noise_numeric
0.01,0.009000000000000001,13.885839528866887,5.414814650488172e-11,initial_noise_numeric
0.01,0.009000000000000001,13.948671381938683,5.204992301315003e-11,initial_noise_numeric
0.01,0.009000000000000001,14.011503235010478,5.08559052229783e-11,initial_noise_numeric
0.01,0.009000000000000001,14.074335088082274,4.874579202746944e-11,initial_noise_numeric
0.01,0.009000000000000001,14.137166941154069,4.682269097102045e-11,initial_noise_numeric
0.01,0.009000000000000001,14.199998794225865,4.524381698530794e-11,initial_noise_numeric
0.01,0.009000000000000001,14.26283064729766,4.5511558273565806e-11,initial_noise_numeric
0.01,0.009000000000000001,14.325662500369456,4.3651168100465274e-11,initial_noise_numeric
0.01,0.009000000000000001,14.388494353441251,4.199585570592804e-11,initial_noise_numeric
0.01,0.009000000000000001,14.45132620651305,4.220875729689547e-11,initial_noise_numeric
0.01,0.009000000000000001,14.514158059584846,3.901695665475415e-11,initial_noise_numeric
0.01,0.009000000000000001,14.576989912656641,3.779649409543422e-11,initial_noise_numeric
0.01,0.009000000000000001,14.639821765728437,3.67341463354734e-11,initial_noise_numeric
0.01,0.009000000000000001,14.702653618800232,3.590335564401301e-11,initial_noise_numeric
0.01,0.009000000000000001,14.765485471872028,3.4368472827593515e-11,initial_noise_numeric
0.01,0.009000000000000001,14.828317324943823,3.413268601568153e-11,initial_noise_numeric
0.01,0.009000000000000001,14.891149178015619,3.2361294003025874e-11,initial_noise_numeric
0.01,0.009000000000000001,14.953981031087414,3.1154029530043956e-11,initial_noise_numeric
0.01,0.009000000000000001,15.01681288415921,3.09841912434629e-11,initial_noise_numeric
0.01,0.009000000000000001,15.079644737231005,2.8916005830486608e-11,initial_noise_numeric
0.01,0.009000000000000001,15.142476590302804,2.766735261114174e-11,initial_noise_numeric
0.01,0.009000000000000001,15.2053084433746,2.7685157546401013e-11,initial_noise_numeric
0.01,0.009000000000000001,15.268140296446395,2.6738908515291192e-11,initial_noise_numeric
0.01,0.009000000000000001,15.33097214951819,2.6126029729539958e-11,initial_noise_numeric
0.01,0.009000000000000001,15.393804002589986,2.5151395366420124e-11,initial_noise_numeric
0.01,0.009000000000000001,15.456635855661782,2.3729886206617736e-11,initial_noise_numeric
0.01,0.009000000000000001,15.519467708733577,2.3328006563531786e-11,initial_noise_numeric
0.01,0.009000000000000001,15.582299561805373,2.291441900617787e-11,initial_noise_numeric
0.01,0.009000000000000001,15.645131414877168,2.2335767693055008e-11,initial_noise_numeric
0.01,0.009000000000000001,15.707963267948964,2.077712672932669e-11,initial_noise_numeric
0.01,0.009000000000000001,15.770795121020763,2.052053387034811e-11,initial_noise_numeric
0.01,0.009000000000000001,15.833626974092558,2.040376956356522e-11,initial_noise_numeric
0.01,0.009000000000000001,15.896458827164354,2.007598472680812e-11,initial_noise_numeric
0.01,0.009000000000000001,15.95929068023615,1.907409983887015e-11,initial_noise_numeric
0.01,0.009000000000000001,16.022122533307947,1.8495100774954238e-11,initial_noise_numeric
0.01,0.009000000000000001,16.084954386379742,1.8083115990340537e-11,initial_noise_numeric
0.01,0.009000000000000001,16.147786239451538,1.77581499496813e-11,initial_noise_numeric
0.01,0.009000000000000001,16.210618092523333,1.764724212824369e-11,initial_noise_numeric
0.01,0.009000000000000001,16.27344994559513,1.7175486899761993e-11,initial_noise_numeric
0.01,0.009000000000000001,16.336281798666924,1.697353681350803e-11,initial_noise_numeric
0.01,0.009000000000000001,16.39911365173872,1.6689014175525566e-11,initial_noise_numeric
0.01,0.009000000000000001,16.461945504810515,1.647102083525411e-11,initial_noise_numeric
0.01,0.009000000000000001,16.524777357882314,1.5780875446183924e-11,initial_noise_numeric
0.01,0.009000000000000001,16.58760921095411,1.5446087449232054e-11,initial_noise_numeric
0.01,0.009000000000000001,16.650441064025905,1.5461538812852093e-11,initial_noise_numeric
0.01,0.009000000000000001,16.7132729170977,1.5659357120748108e-11,initial_noise_numeric
0.01,0.009000000000000001,16.776104770169496,1.505423016084212e-11,initial_noise_numeric
0.01,0.009000000000000001,16.838936623241292,1.5608173890351676e-11,initial_noise_numeric
0.01,0.009000000000000001,16.901768476313087,1.49857396747573e-11,initial_noise_numeric
0.01,0.009000000000000001,16.964600329384883,1.4919849539682745e-11,initial_noise_numeric
0.01,0.009000000000000001,17.02743218245668,1.4876044488681645e-11,initial_noise_numeric
0.01,0.009000000000000001,17.090264035528477,1.4454778347726327e-11,initial_noise_numeric
0.01,0.009000000000000001,17.153095888600273,1.4646753207218966e-11,initial_noise_numeric
0.01,0.009000000000000001,17.21592774167207,1.4312880018845711e-11,initial_noise_numeric
0.01,0.009000000000000001,17.278759594743864,1.4378528659705811e-11,initial_noise_numeric
0.01,0.009000000000000001,17.34159144781566,1.46100875286827e-11,initial_noise_numeric
0.01,0.009000000000000001,17.404423300887455,1.44861285092713e-11,initial_noise_numeric
0.01,0.009000000000000001,17.46725515395925,1.4786894444680315e-11,initial_noise_numeric
0.01,0.009000000000000001,17.530087007031046,1.4485908326409366e-11,initial_noise_numeric
0.01,0.009000000000000001,17.59291886010284,1.4438875402950281e-11,initial_noise_numeric
0.01,0.009000000000000001,17.655750713174637,1.4175652240262947e-11,initial_noise_numeric
0.01,0.009000000000000001,17.718582566246432,1.4312858538077049e-11,initial_noise_numeric
0.01,0.009000000000000001,17.78141441931823,1.4390539286288232e-11,initial_noise_numeric
0.01,0.009000000000000001,17.844246272390027,1.4165753679504798e-11,initial_noise_numeric
0.01,0.009000000000000001,17.907078125461823,1.4225095864134116e-11,initial_noise_numeric
0.01,0.009000000000000001,17.969909978533618,1.4353087675980844e-11,initial_noise_numeric
0.01,0.009000000000000001,18.032741831605414,1.4505325344258182e-11,initial_noise_numeric
0.01,0.009000000000000001,18.09557368467721,1.4294290353689957e-11,initial_noise_numeric
0.01,0.009000000000000001,18.158405537749005,1.4349709848483899e-11,initial_noise_numeric
0.01,0.009000000000000001,18.2212373908208,1.4661553514450758e-11,initial_noise_numeric
0.01,0.009000000000000001,18.284069243892596,1.491740830353557e-11,initial_noise_numeric
0.01,0.009000000000000001,18.34690109696439,1.4332255073794487e-11,initial_noise_numeric
0.01,0.009000000000000001,18.409732950036187,1.4518648130288695e-11,initial_noise_numeric
0.01,0.009000000000000001,18.472564803107986,1.4630740500186035e-11,initial_noise_numeric
0.01,0.009000000000000001,18.53539665617978,1.4898799735109707e-11,initial_noise_numeric
0.01,0.009000000000000001,18.598228509251577,1.4679803604793115e-11,initial_noise_numeric
0.01,0.009000000000000001,18.661060362323372,1.477661564355393e-11,initial_noise_numeric
0.01,0.009000000000000001,18.723892215395168,1.496452557034981e-11,initial_noise_numeric
0.01,0.009000000000000001,18.786724068466963,1.49887195854726e-11,initial_noise_numeric
0.01,0.009000000000000001,18.84955592153876,1.503136092592753e-11,initial_noise_numeric
0.01,0.009000000000000001,18.912387774610554,1.4773015476255112e-11,initial_noise_numeric
0.01,0.009000000000000001,18.97521962768235,1.4910271318819204e-11,initial_noise_numeric
0.01,0.009000000000000001,19.038051480754145,1.4882952003676035e-11,initial_noise_numeric
0.01,0.009000000000000001,19.10088333382594,1.506283018145431e-11,initial_noise_numeric
0.01,0.009000000000000001,19.16371518689774,1.4464323371939335e-11,initial_noise_numeric
0.01,0.009000000000000001,19.226547039969535,1.4359112350900248e-11,initial_noise_numeric
0.01,0.009000000000000001,19.28937889304133,1.4260328538529121e-11,initial_noise_numeric
0.01,0.009000000000000001,19.352210746113126,1.3674543911241245e-11,initial_noise_numeric
0.01,0.009000000000000001,19.415042599184922,1.3506980444746139e-11,initial_noise_numeric
0.01,0.009000000000000001,19.477874452256717,1.3234843411765218e-11,initial_noise_numeric
0.01,0.009000000000000001,19.540706305328513,1.2686686544831758e-11,initial_noise_numeric
0.01,0.009000000000000001,19.60353815840031,1.2264582582373911e-11,initial_noise_numeric
0.01,0.009000000000000001,19.666370011472104,1.1555891835795537e-11,initial_noise_numeric
0.01,0.009000000000000001,19.7292018645439,1.1191090355430027e-11,initial_noise_numeric
0.01,0.009000000000000001,19.7920337176157,1.0591255675060385e-11,initial_noise_numeric
0.01,0.009000000000000001,19.854865570687494,1.0259374351609334e-11,initial_noise_numeric
0.01,0.009000000000000001,19.91769742375929,9.727776323328399e-12,initial_noise_numeric
0.01,0.009000000000000001,19.980529276831085,8.936546967765612e-12,initial_noise_numeric
0.01,0.009000000000000001,20.04336112990288,8.615006292757602e-12,initial_noise_numeric
0.01,0.009000000000000001,20.106192982974676,8.124436667279327e-12,initial_noise_numeric
0.01,0.009000000000000001,20.16902483604647,7.721378385530777e-12,initial_noise_numeric
0.01,0.009000000000000001,20.231856689118267,7.264034426825591e-12,initial_noise_numeric
0.01,0.009000000000000001,20.294688542190062,6.9435666950890624e-12,initial_noise_numeric
0.01,0.009000000000000001,20.357520395261858,6.759251645927317e-12,initial_noise_numeric
0.01,0.009000000000000001,20.420352248333653,6.370277736884194e-12,initial_noise_numeric
0.01,0.009000000000000001,20.48318410140545,6.189343982890965e-12,initial_noise_numeric
0.01,0.009000000000000001,20.546015954477248,6.013160950948171e-12,initial_noise_numeric
0.01,0.009000000000000001,20.60884780754904,6.0282607333454365e-12,initial_noise_numeric
0.01,0.009000000000000001,20.67167966062084,5.942278963091606e-12,initial_noise_numeric
0.01,0.009000000000000001,20.73451151369263,5.7311830222282975e-12,initial_noise_numeric
0.01,0.009000000000000001,20.79734336676443,5.696305561732835e-12,initial_noise_numeric
0.01,0.009000000000000001,20.86017521983623,5.630840055972288e-12,initial_noise_numeric
0.01,0.009000000000000001,20.92300707290802,5.704539872163372e-12,initial_noise_numeric
0.01,0.009000000000000001,20.98583892597982,5.62913602321812e-12,initial_noise_numeric
0.01,0.009000000000000001,21.048670779051612,5.565971309146982e-12,initial_noise_numeric
0.01,0.009000000000000001,21.11150263212341,5.516549321010583e-12,initial_noise_numeric
0.01,0.009000000000000001,21.174334485195203,5.3938589853666346e-12,initial_noise_numeric
0.01,0.009000000000000001,21.237166338267002,5.437397261007883e-12,initial_noise_numeric
0.01,0.009000000000000001,21.299998191338794,5.380819656887046e-12,initial_noise_numeric
0.01,0.009000000000000001,21.362830044410593,5.347098513094287e-12,initial_noise_numeric
0.01,0.009000000000000001,21.425661897482385,5.236559102219043e-12,initial_noise_numeric
0.01,0.009000000000000001,21.488493750554184,5.11431946453334e-12,initial_noise_numeric
0.01,0.009000000000000001,21.551325603625983,5.0845520357769575e-12,initial_noise_numeric
0.01,0.009000000000000001,21.614157456697775,5.024324414203128e-12,initial_noise_numeric
0.01,0.009000000000000001,21.676989309769574,4.9091938475255666e-12,initial_noise_numeric
0.01,0.009000000000000001,21.739821162841366,4.749677432172268e-12,initial_noise_numeric
0.01,0.009000000000000001,21.802653015913165,4.664754101605072e-12,initial_noise_numeric
0.01,0.009000000000000001,21.865484868984957,4.613126427024333e-12,initial_noise_numeric
0.01,0.009000000000000001,21.928316722056756,4.56172435822326e-12,initial_noise_numeric
0.01,0.009000000000000001,21.99114857512855,4.44713510443304e-12,initial_noise_numeric
0.01,0.009000000000000001,22.053980428200347,4.276350466788778e-12,initial_noise_numeric
0.01,0.009000000000000001,22.116812281272143,4.181060241387432e-12,initial_noise_numeric
0.01,0.009000000000000001,22.17964413434394,4.167214689998098e-12,initial_noise_numeric
0.01,0.009000000000000001,22.242475987415737,4.046314093060183e-12,initial_noise_numeric
0.01,0.009000000000000001,22.30530784048753,4.03101104684778e-12,initial_noise_numeric
0.01,0.009000000000000001,22.36813969355933,3.88120063773427e-12,initial_noise_numeric
0.01,0.009000000000000001,22.43097154663112,3.84445270901453e-12,initial_noise_numeric
0.01,0.009000000000000001,22.49380339970292,3.809473986676963e-12,initial_noise_numeric
0.01,0.009000000000000001,22.55663525277471,3.727448381641832e-12,initial_noise_numeric
0.01,0.009000000000000001,22.61946710584651,3.725947147729526e-12,initial_noise_numeric
0.01,0.009000000000000001,22.682298958918306,3.6080185844359128e-12,initial_noise_numeric
0.01,0.009000000000000001,22.7451308119901,3.649315929183722e-12,initial_noise_numeric
0.01,0.009000000000000001,22.8079626650619,3.496514450773472e-12,initial_noise_numeric
0.01,0.009000000000000001,22.870794518133692,3.5356897802201306e-12,initial_noise_numeric
0.01,0.009000000000000001,22.93362637120549,3.4478015177628405e-12,initial_noise_numeric
0.01,0.009000000000000001,22.996458224277283,3.368727285326378e-12,initial_noise_numeric
0.01,0.009000000000000001,23.059290077349083,3.3505418678320897e-12,initial_noise_numeric
0.01,0.009000000000000001,23.122121930420874,3.298612366490292e-12,initial_noise_numeric
0.01,0.009000000000000001,23.184953783492674,3.257313076981706e-12,initial_noise_numeric
0.01,0.009000000000000001,23.24778563656447,3.2031637269194572e-12,initial_noise_numeric
0.01,0.009000000000000001,23.310617489636265,3.179554983140798e-12,initial_noise_numeric
0.01,0.009000000000000001,23.37344934270806,3.2261684539066433e-12,initial_noise_numeric
0.01,0.009000000000000001,23.436281195779856,3.0529322926388746e-12,initial_noise_numeric
0.01,0.009000000000000001,23.499113048851655,3.0813195189264003e-12,initial_noise_numeric
0.01,0.009000000000000001,23.561944901923447,3.0149215526747506e-12,initial_noise_numeric
0.01,0.009000000000000001,23.624776754995246,2.9643231225859415e-12,initial_noise_numeric
0.01,0.009000000000000001,23.687608608067038,2.963732908840019e-12,initial_noise_numeric
0.01,0.009000000000000001,23.750440461138837,2.8974007644411604e-12,initial_noise_numeric
0.01,0.009000000000000001,23.813272314210632,2.7968649492341256e-12,initial_noise_numeric
0.01,0.009000000000000001,23.876104167282428,2.8421699830350856e-12,initial_noise_numeric
0.01,0.009000000000000001,23.938936020354223,2.709867508154243e-12,initial_noise_numeric
0.01,0.009000000000000001,24.00176787342602,2.7460714940825214e-12,initial_noise_numeric
0.01,0.009000000000000001,24.064599726497814,2.6442226994935976e-12,initial_noise_numeric
0.01,0.009000000000000001,24.12743157956961,2.6770100932141764e-12,initial_noise_numeric
0.01,0.009000000000000001,24.19026343264141,2.5896628960291212e-12,initial_noise_numeric
0.01,0.009000000000000001,24.2530952857132,2.547308132199365e-12,initial_noise_numeric
0.01,0.009000000000000001,24.315927138785,2.5357963167750456e-12,initial_noise_numeric
0.01,0.009000000000000001,24.378758991856795,2.4984619512750235e-12,initial_noise_numeric
0.01,0.009000000000000001,24.44159084492859,2.4393956428168033e-12,initial_noise_numeric
0.01,0.009000000000000001,24.504422698000386,2.4391712936601044e-12,initial_noise_numeric
0.01,0.009000000000000001,24.567254551072182,2.355086193303122e-12,initial_noise_numeric
0.01,0.009000000000000001,24.630086404143977,2.439931228291281e-12,initial_noise_numeric
0.01,0.009000000000000001,24.692918257215773,2.355460343043522e-12,initial_noise_numeric
0.01,0.009000000000000001,24.75575011028757,2.2984829009663273e-12,initial_noise_numeric
0.01,0.009000000000000001,24.818581963359364,2.3327002713634524e-12,initial_noise_numeric
0.01,0.009000000000000001,24.881413816431163,2.2808532237460553e-12,initial_noise_numeric
0.01,0.009000000000000001,24.94424566950296,2.2861154262367204e-12,initial_noise_numeric
0.01,0.009000000000000001,25.007077522574754,2.2188145640932736e-12,initial_noise_numeric
0.01,0.009000000000000001,25.06990937564655,2.209843384487085e-12,initial_noise_numeric
0.01,0.009000000000000001,25.132741228718345,2.2183164592419058e-12,initial_noise_numeric
0.01,0.009000000000000001,25.19557308179014,2.180286741298883e-12,initial_noise_numeric
0.01,0.009000000000000001,25.258404934861936,2.166505840918414e-12,initial_noise_numeric
0.01,0.009000000000000001,25.32123678793373,2.1301703695650605e-12,initial_noise_numeric
0.01,0.009000000000000001,25.384068641005527,2.084324167771793e-12,initial_noise_numeric
0.01,0.009000000000000001,25.446900494077322,2.102434642853276e-12,initial_noise_numeric
0.01,0.009000000000000001,25.50973234714912,2.0481246601141965e-12,initial_noise_numeric
0.01,0.009000000000000001,25.572564200220917,2.0141184539231583e-12,initial_noise_numeric
0.01,0.009000000000000001,25.635396053292713,2.0429810429637824e-12,initial_noise_numeric
0.01,0.009000000000000001,25.698227906364508,1.9319165565918146e-12,initial_noise_numeric
0.01,0.009000000000000001,25.761059759436304,1.9488461543204123e-12,initial_noise_numeric
0.01,0.009000000000000001,25.8238916125081,1.855193502025117e-12,initial_noise_numeric
0.01,0.009000000000000001,25.886723465579895,1.8809399963809045e-12,initial_noise_numeric
0.01,0.009000000000000001,25.94955531865169,1.8384268954131422e-12,initial_noise_numeric
0.01,0.009000000000000001,26.012387171723486,1.7558791935130274e-12,initial_noise_numeric
0.01,0.009000000000000001,26.075219024795285,1.7044878059441896e-12,initial_noise_numeric
0.01,0.009000000000000001,26.13805087786708,1.648698001292954e-12,initial_noise_numeric
0.01,0.009000000000000001,26.200882730938876,1.6382820957370217e-12,initial_noise_numeric
0.01,0.009000000000000001,26.26371458401067,1.5616188956206418e-12,initial_noise_numeric
0.01,0.009000000000000001,26.326546437082467,1.5110313354510908e-12,initial_noise_numeric
0.01,0.009000000000000001,26.389378290154262,1.4473792426772671e-12,initial_noise_numeric
0.01,0.009000000000000001,26.452210143226058,1.4039229844174554e-12,initial_noise_numeric
0.01,0.009000000000000001,26.515041996297853,1.3466218998585536e-12,initial_noise_numeric
0.01,0.009000000000000001,26.57787384936965,1.285413328413115e-12,initial_noise_numeric
0.01,0.009000000000000001,26.640705702441448,1.2488532254545813e-12,initial_noise_numeric
0.01,0.009000000000000001,26.70353755551324,1.201029134331654e-12,initial_noise_numeric
0.01,0.009000000000000001,26.76636940858504,1.1775592786564409e-12,initial_noise_numeric
0.01,0.009000000000000001,26.829201261656834,1.1185684652215986e-12,initial_noise_numeric
0.01,0.009000000000000001,26.89203311472863,1.084109097450538e-12,initial_noise_numeric
0.01,0.009000000000000001,26.954864967800425,1.063616674514581e-12,initial_noise_numeric
0.01,0.009000000000000001,27.01769682087222,1.0310061759340904e-12,initial_noise_numeric
0.01,0.009000000000000001,27.080528673944016,1.0154868560098003e-12,initial_noise_numeric
0.01,0.009000000000000001,27.143360527015812,1.006577328444597e-12,initial_noise_numeric
0.01,0.009000000000000001,27.20619238008761,1.0102491682440484e-12,initial_noise_numeric
0.01,0.009000000000000001,27.269024233159403,1.007654856827658e-12,initial_noise_numeric
0.01,0.009000000000000001,27.331856086231202,1.0299924656236207e-12,initial_noise_numeric
0.01,0.009000000000000001,27.394687939302994,1.0456066279676097e-12,initial_noise_numeric
0.01,0.009000000000000001,27.457519792374793,1.080900726958194e-12,initial_noise_numeric
0.01,0.009000000000000001,27.52035164544659,1.1074421623365145e-12,initial_noise_numeric
0.01,0.009000000000000001,27.583183498518384,1.1647357192675421e-12,initial_noise_numeric
0.01,0.009000000000000001,27.64601535159018,1.2234932868792548e-12,initial_noise_numeric
0.01,0.009000000000000001,27.708847204661975,1.2679094497592673e-12,initial_noise_numeric
0.01,0.009000000000000001,27.771679057733774,1.3379833676750217e-12,initial_noise_numeric
0.01,0.009000000000000001,27.834510910805566,1.3742026769752706e-12,initial_noise_numeric
0.01,0.009000000000000001,27.897342763877365,1.4595255039157086e-12,initial_noise_numeric
0.01,0.009000000000000001,27.960174616949157,1.5092172458402058e-12,initial_noise_numeric
0.01,0.009000000000000001,28.023006470020956,1.580895735728252e-12,initial_noise_numeric
0.01,0.009000000000000001,28.085838323092748,1.6153759741047355e-12,initial_noise_numeric
0.01,0.009000000000000001,28.148670176164547,1.6495083312331847e-12,initial_noise_numeric
0.01,0.009000000000000001,28.211502029236343,1.6896146780340583e-12,initial_noise_numeric
0.01,0.009000000000000001,28.274333882308138,1.717088109207076e-12,initial_noise_numeric
0.01,0.009000000000000001,28.337165735379937,1.7728516651534845e-12,initial_noise_numeric
0.01,0.009000000000000001,28.39999758845173,1.7612369928376347e-12,initial_noise_numeric
0.01,0.009000000000000001,28.462829441523528,1.7585169181819162e-12,initial_noise_numeric
0.01,0.009000000000000001,28.52566129459532,1.776368831618816e-12,initial_noise_numeric
0.01,0.009000000000000001,28.58849314766712,1.7480277254909037e-12,initial_noise_numeric
0.01,0.009000000000000001,28.65132500073891,1.7483256869450907e-12,initial_noise_numeric
0.01,0.009000000000000001,28.71415685381071,1.7476470535167891e-12,initial_noise_numeric
0.01,0.009000000000000001,28.776988706882502,1.7164444393957677e-12,initial_noise_numeric
0.01,0.009000000000000001,28.8398205599543,1.705034267618157e-12,initial_noise_numeric
0.01,0.009000000000000001,28.9026524130261,1.6791518331985968e-12,initial_noise_numeric
0.01,0.009000000000000001,28.965484266097892,1.6906633324759765e-12,initial_noise_numeric
0.01,0.009000000000000001,29.02831611916969,1.6255216348025083e-12,initial_noise_numeric
0.01,0.009000000000000001,29.091147972241483,1.6181089031014752e-12,initial_noise_numeric
0.01,0.009000000000000001,29.153979825313282,1.5999333902002483e-12,initial_noise_numeric
0.01,0.009000000000000001,29.216811678385074,1.5649743086115267e-12,initial_noise_numeric
0.01,0.009000000000000001,29.279643531456873,1.5748514463515306e-12,initial_noise_numeric
0.01,0.009000000000000001,29.342475384528665,1.5352362233783048e-12,initial_noise_numeric
0.01,0.009000000000000001,29.405307237600464,1.5385501069991274e-12,initial_noise_numeric
0.01,0.009000000000000001,29.468139090672256,1.542628944069373e-12,initial_noise_numeric
0.01,0.009000000000000001,29.530970943744055,1.467233134740015e-12,initial_noise_numeric
0.01,0.009000000000000001,29.593802796815854,1.4551607310829706e-12,initial_noise_numeric
0.01,0.009000000000000001,29.656634649887646,1.4465570579588012e-12,initial_noise_numeric
0.01,0.009000000000000001,29.719466502959445,1.4558087198689632e-12,initial_noise_numeric
0.01,0.009000000000000001,29.782298356031237,1.4309245888705887e-12,initial_noise_numeric
0.01,0.009000000000000001,29.845130209103036,1.3949597608422753e-12,initial_noise_numeric
0.01,0.009000000000000001,29.90796206217483,1.4047945834361824e-12,initial_noise_numeric
0.01,0.009000000000000001,29.970793915246627,1.3947205077078388e-12,initial_noise_numeric
0.01,0.009000000000000001,30.03362576831842,1.3749353032547884e-12,initial_noise_numeric
0.01,0.009000000000000001,30.09645762139022,1.347378596184204e-12,initial_noise_numeric
0.01,0.009000000000000001,30.15928947446201,1.346300768249335e-12,initial_noise_numeric
0.01,0.009000000000000001,30.22212132753381,1.367366432048451e-12,initial_noise_numeric
0.01,0.009000000000000001,30.28495318060561,1.349558513215668e-12,initial_noise_numeric
0.01,0.009000000000000001,30.3477850336774,1.3338225229860972e-12,initial_noise_numeric
0.01,0.009000000000000001,30.4106168867492,1.3078628382315924e-12,initial_noise_numeric
0.01,0.009000000000000001,30.47344873982099,1.3030502302465648e-12,initial_noise_numeric
0.01,0.009000000000000001,30.53628059289279,1.319449934636513e-12,initial_noise_numeric
0.01,0.009000000000000001,30.599112445964582,1.2847554172801179e-12,initial_noise_numeric
0.01,0.009000000000000001,30.66194429903638,1.2761656631033815e-12,initial_noise_numeric
0.01,0.009000000000000001,30.724776152108173,1.262672601639052e-12,initial_noise_numeric
0.01,0.009000000000000001,30.787608005179973,1.2551862986412465e-12,initial_noise_numeric
0.01,0.009000000000000001,30.85043985825177,1.2638115732733668e-12,initial_noise_numeric
0.01,0.009000000000000001,30.913271711323564,1.2441970414027215e-12,initial_noise_numeric
0.01,0.009000000000000001,30.976103564395363,1.2531000651645226e-12,initial_noise_numeric
0.01,0.009000000000000001,31.038935417467155,1.238801041431691e-12,initial_noise_numeric
0.01,0.009000000000000001,31.101767270538954,1.2627490106282362e-12,initial_noise_numeric
0.01,0.009000000000000001,31.164599123610746,1.2289847675038326e-12,initial_noise_numeric
0.01,0.009000000000000001,31.227430976682545,1.2373217572378154e-12,initial_noise_numeric
0.01,0.009000000000000001,31.290262829754337,1.2565069013879926e-12,initial_noise_numeric
0.01,0.009000000000000001,31.353094682826136,1.2270351058001923e-12,initial_noise_numeric
0.01,0.009000000000000001,31.415926535897928,1.2208911459082624e-12,initial_noise_numeric
0.01,0.009000000000000001,31.478758388969727,1.2526028697703228e-12,initial_noise_numeric
0.01,0.009000000000000001,31.541590242041526,1.2376811404646711e-12,initial_noise_numeric
0.01,0.009000000000000001,31.604422095113318,1.2338407822123107e-12,initial_noise_numeric
0.01,0.009000000000000001,31.667253948185117,1.2255875781580896e-12,initial_noise_numeric
0.01,0.009000000000000001,31.73008580125691,1.2272284008193106e-12,initial_noise_numeric
0.01,0.009000000000000001,31.792917654328708,1.233717152419771e-12,initial_noise_numeric
0.01,0.009000000000000001,31.8557495074005,1.2700435345478654e-12,initial_noise_numeric
0.01,0.009000000000000001,31.9185813604723,1.2452490293901236e-12,initial_noise_numeric
0.01,0.009000000000000001,31.98141321354409,1.2677977143497806e-12,initial_noise_numeric
0.01,0.009000000000000001,32.04424506661589,1.2644967368729283e-12,initial_noise_numeric
0.01,0.009000000000000001,32.107076919687685,1.2795422228971729e-12,initial_noise_numeric
0.01,0.009000000000000001,32.169908772759484,1.301683053382398e-12,initial_noise_numeric
0.01,0.009000000000000001,32.232740625831276,1.3010021327377298e-12,initial_noise_numeric
0.01,0.009000000000000001,32.295572478903075,1.3174499436607996e-12,initial_noise_numeric
0.01,0.009000000000000001,32.35840433197487,1.2179758934611444e-12,initial_noise_numeric
0.01,0.009000000000000001,32.421236185046666,1.0434930914494168e-12,initial_noise_numeric
0.01,0.009000000000000001,32.484068038118465,8.680192747275532e-13,initial_noise_numeric
0.01,0.009000000000000001,32.54689989119026,7.847710509756797e-13,initial_noise_numeric
0.01,0.009000000000000001,32.60973174426206,7.91916316120145e-13,initial_noise_numeric
0.01,0.009000000000000001,32.67256359733385,7.720247479383489e-13,initial_noise_numeric
0.01,0.009000000000000001,32.73539545040565,7.966586838006507e-13,initial_noise_numeric
0.01,0.009000000000000001,32.79822730347744,7.89715033539858e-13,initial_noise_numeric
0.01,0.009000000000000001,32.86105915654924,7.708624183922791e-13,initial_noise_numeric
0.01,0.009000000000000001,32.92389100962103,7.763881145647116e-13,initial_noise_numeric
0.01,0.009000000000000001,32.98672286269283,7.779422408111757e-13,initial_noise_numeric
0.01,0.009000000000000001,33.04955471576463,7.737769160064566e-13,initial_noise_numeric
0.01,0.009000000000000001,33.11238656883642,7.594281103361059e-13,initial_noise_numeric
0.01,0.009000000000000001,33.17521842190822,7.441420171934623e-13,initial_noise_numeric
0.01,0.009000000000000001,33.23805027498001,7.462081733473118e-13,initial_noise_numeric
0.01,0.009000000000000001,33.30088212805181,7.219234505293806e-13,initial_noise_numeric
0.01,0.009000000000000001,33.3637139811236,7.273896129702685e-13,initial_noise_numeric
0.01,0.009000000000000001,33.4265458341954,7.281110915960855e-13,initial_noise_numeric
0.01,0.009000000000000001,33.48937768726719,6.958535069640933e-13,initial_noise_numeric
0.01,0.009000000000000001,33.55220954033899,7.151103152817884e-13,initial_noise_numeric
0.01,0.009000000000000001,33.61504139341079,6.920737076283387e-13,initial_noise_numeric
0.01,0.009000000000000001,33.677873246482584,6.975200539546881e-13,initial_noise_numeric
0.01,0.009000000000000001,33.74070509955438,6.887772505642962e-13,initial_noise_numeric
0.01,0.009000000000000001,33.803536952626175,6.749320852164297e-13,initial_noise_numeric
0.01,0.009000000000000001,33.866368805697974,6.917601291198643e-13,initial_noise_numeric
0.01,0.009000000000000001,33.929200658769766,6.804833924199669e-13,initial_noise_numeric
0.01,0.009000000000000001,33.992032511841565,6.788141483322306e-13,initial_noise_numeric
0.01,0.009000000000000001,34.05486436491336,6.763310863511621e-13,initial_noise_numeric
0.01,0.009000000000000001,34.117696217985156,6.721100793691803e-13,initial_noise_numeric
0.01,0.009000000000000001,34.180528071056955,6.693627087364399e-13,initial_noise_numeric
0.01,0.009000000000000001,34.24335992412875,6.608424717077694e-13,initial_noise_numeric
0.01,0.009000000000000001,34.306191777200546,6.634759707540642e-13,initial_noise_numeric
0.01,0.009000000000000001,34.36902363027234,6.414991614916469e-13,initial_noise_numeric
0.01,0.009000000000000001,34.43185548334414,6.280555292580523e-13,initial_noise_numeric
0.01,0.009000000000000001,34.49468733641593,6.031946602323779e-13,initial_noise_numeric
0.01,0.009000000000000001,34.55751918948773,5.93630743231879e-13,initial_noise_numeric
0.01,0.009000000000000001,34.62035104255952,5.800069068066773e-13,initial_noise_numeric
0.01,0.009000000000000001,34.68318289563132,5.877298909000982e-13,initial_noise_numeric
0.01,0.009000000000000001,34.74601474870311,5.721627819119501e-13,initial_noise_numeric
0.01,0.009000000000000001,34.80884660177491,5.682794440915596e-13,initial_noise_numeric
0.01,0.009000000000000001,34.87167845484671,5.627616794116719e-13,initial_noise_numeric
0.01,0.009000000000000001,34.9345103079185,5.529023745109601e-13,initial_noise_numeric
0.01,0.009000000000000001,34.9973421609903,5.722430400111055e-13,initial_noise_numeric
0.01,0.009000000000000001,35.06017401406209,5.743080556962971e-13,initial_noise_numeric
0.01,0.009000000000000001,35.12300586713389,5.720044724332952e-13,initial_noise_numeric
0.01,0.009000000000000001,35.18583772020568,5.72654316651876e-13,initial_noise_numeric
0.01,0.009000000000000001,35.24866957327748,5.843415062587932e-13,initial_noise_numeric
0.01,0.009000000000000001,35.311501426349274,5.846299620012494e-13,initial_noise_numeric
0.01,0.009000000000000001,35.37433327942107,6.097189473644137e-13,initial_noise_numeric
0.01,0.009000000000000001,35.437165132492865,5.676979744961493e-13,initial_noise_numeric
0.01,0.009000000000000001,35.499996985564664,5.791161292598607e-13,initial_noise_numeric
0.01,0.009000000000000001,35.56282883863646,6.036047173267807e-13,initial_noise_numeric
0.01,0.009000000000000001,35.625660691708255,5.815956700384068e-13,initial_noise_numeric
0.01,0.009000000000000001,35.688492544780054,5.931728443246253e-13,initial_noise_numeric
0.01,0.009000000000000001,35.751324397851846,5.802655431111501e-13,initial_noise_numeric
0.01,0.009000000000000001,35.814156250923645,6.199307086079269e-13,initial_noise_numeric
0.01,0.009000000000000001,35.87698810399544,5.995493811636606e-13,initial_noise_numeric
0.01,0.009000000000000001,35.939819957067236,6.051717116370445e-13,initial_noise_numeric
0.01,0.009000000000000001,36.00265181013903,6.130473294545501e-13,initial_noise_numeric
0.01,0.009000000000000001,36.06548366321083,6.24448375070657e-13,initial_noise_numeric
0.01,0.009000000000000001,36.12831551628262,6.446011125260737e-13,initial_noise_numeric
0.01,0.009000000000000001,36.19114736935442,6.264544975290676e-13,initial_noise_numeric
0.01,0.009000000000000001,36.25397922242622,6.358440018526694e-13,initial_noise_numeric
0.01,0.009000000000000001,36.31681107549801,6.439360345365869e-13,initial_noise_numeric
0.01,0.009000000000000001,36.37964292856981,6.43295157362421e-13,initial_noise_numeric
0.01,0.009000000000000001,36.4424747816416,6.746339225126639e-13,initial_noise_numeric
0.01,0.009000000000000001,36.5053066347134,6.499247227941588e-13,initial_noise_numeric
0.01,0.009000000000000001,36.56813848778519,6.839344430645633e-13,initial_noise_numeric
0.01,0.009000000000000001,36.63097034085699,6.798203884561783e-13,initial_noise_numeric
0.01,0.009000000000000001,36.69380219392878,6.916059859006483e-13,initial_noise_numeric
0.01,0.009000000000000001,36.75663404700058,6.958441943666204e-13,initial_noise_numeric
0.01,0.009000000000000001,36.81946590007237,6.91621180840809e-13,initial_noise_numeric
0.01,0.009000000000000001,36.88229775314417,7.173198890348236e-13,initial_noise_numeric
0.01,0.009000000000000001,36.94512960621597,7.057921957552217e-13,initial_noise_numeric
0.01,0.009000000000000001,37.00796145928776,7.29499646702841e-13,initial_noise_numeric
0.01,0.009000000000000001,37.07079331235956,7.028900714083821e-13,initial_noise_numeric
0.01,0.009000000000000001,37.133625165431354,7.230656728230281e-13,initial_noise_numeric
0.01,0.009000000000000001,37.19645701850315,7.264260329229053e-13,initial_noise_numeric
0.01,0.009000000000000001,37.259288871574945,7.05490676160444e-13,initial_noise_numeric
0.01,0.009000000000000001,37.322120724646744,6.981911386124008e-13,initial_noise_numeric
0.01,0.009000000000000001,37.384952577718536,6.938028444564515e-13,initial_noise_numeric
0.01,0.009000000000000001,37.447784430790335,6.878656054198124e-13,initial_noise_numeric
0.01,0.009000000000000001,37.51061628386213,6.385459201741359e-13,initial_noise_numeric
0.01,0.009000000000000001,37.573448136933926,6.21038604314475e-13,initial_noise_numeric
0.01,0.009000000000000001,37.636279990005725,5.925471982650053e-13,initial_noise_numeric
0.01,0.009000000000000001,37.69911184307752,5.332871379131005e-13,initial_noise_numeric
0.01,0.009000000000000001,37.76194369614932,4.951769044469355e-13,initial_noise_numeric
0.01,0.009000000000000001,37.82477554922111,4.607645482688549e-13,initial_noise_numeric
0.01,0.009000000000000001,37.88760740229291,4.155731266607967e-13,initial_noise_numeric
0.01,0.009000000000000001,37.9504392553647,3.770318627982721e-13,initial_noise_numeric
0.01,0.009000000000000001,38.0132711084365,3.3613664995485156e-13,initial_noise_numeric
0.01,0.009000000000000001,38.07610296150829,3.1647766264721775e-13,initial_noise_numeric
0.01,0.009000000000000001,38.13893481458009,2.866985605431305e-13,initial_noise_numeric
0.01,0.009000000000000001,38.20176666765188,2.7032387758349283e-13,initial_noise_numeric
0.01,0.009000000000000001,38.26459852072368,2.649366402742153e-13,initial_noise_numeric
0.01,0.009000000000000001,38.32743037379548,2.429063884667813e-13,initial_noise_numeric
0.01,0.009000000000000001,38.39026222686727,2.3762920749745906e-13,initial_noise_numeric
0.01,0.009000000000000001,38.45309407993907,2.311752064712661e-13,initial_noise_numeric
0.01,0.009000000000000001,38.51592593301086,2.2803717032064043e-13,initial_noise_numeric
0.01,0.009000000000000001,38.57875778608266,2.2478469340269467e-13,initial_noise_numeric
0.01,0.009000000000000001,38.64158963915445,2.1718241216867642e-13,initial_noise_numeric
0.01,0.009000000000000001,38.70442149222625,2.1915305537530727e-13,initial_noise_numeric
0.01,0.009000000000000001,38.767253345298045,2.1613950845468722e-13,initial_noise_numeric
0.01,0.009000000000000001,38.830085198369844,2.180980146531393e-13,initial_noise_numeric
0.01,0.009000000000000001,38.89291705144164,2.1781505013987074e-13,initial_noise_numeric
0.01,0.009000000000000001,38.955748904513435,2.180993000123065e-13,initial_noise_numeric
0.01,0.009000000000000001,39.018580757585234,2.2461889355211766e-13,initial_noise_numeric
0.01,0.009000000000000001,39.081412610657026,2.1779585820235748e-13,initial_noise_numeric
0.01,0.009000000000000001,39.144244463728825,2.2456324247079755e-13,initial_noise_numeric
0.01,0.009000000000000001,39.20707631680062,2.2221396970740796e-13,initial_noise_numeric
0.01,0.009000000000000001,39.269908169872416,2.2599698695276176e-13,initial_noise_numeric
0.01,0.009000000000000001,39.33274002294421,2.2900444982973885e-13,initial_noise_numeric
0.01,0.009000000000000001,39.39557187601601,2.275784499479026e-13,initial_noise_numeric
0.01,0.009000000000000001,39.4584037290878,2.306902646650652e-13,initial_noise_numeric
0.01,0.009000000000000001,39.5212355821596,2.2932044404026475e-13,initial_noise_numeric
0.01,0.009000000000000001,39.5840674352314,2.3453908580483566e-13,initial_noise_numeric
0.01,0.009000000000000001,39.64689928830319,2.3469276683647393e-13,initial_noise_numeric
0.01,0.009000000000000001,39.70973114137499,2.3385051425973335e-13,initial_noise_numeric
0.01,0.009000000000000001,39.77256299444678,2.374870762461324e-13,initial_noise_numeric
0.01,0.009000000000000001,39.83539484751858,2.347656404032979e-13,initial_noise_numeric
0.01,0.009000000000000001,39.89822670059037,2.3990107683872015e-13,initial_noise_numeric
0.01,0.009000000000000001,39.96105855366217,2.3775995802218995e-13,initial_noise_numeric
0.01,0.009000000000000001,40.02389040673396,2.3756022967167515e-13,initial_noise_numeric
0.01,0.009000000000000001,40.08672225980576,2.414062612720938e-13,initial_noise_numeric
0.01,0.009000000000000001,40.14955411287755,2.3969436461430354e-13,initial_noise_numeric
0.01,0.009000000000000001,40.21238596594935,2.4126878361311056e-13,initial_noise_numeric
0.01,0.009000000000000001,40.27521781902115,2.4639799320100344e-13,initial_noise_numeric
0.01,0.009000000000000001,40.33804967209294,2.4606075221449073e-13,initial_noise_numeric
0.01,0.009000000000000001,40.40088152516474,2.5486415177245813e-13,initial_noise_numeric
0.01,0.009000000000000001,40.463713378236534,2.622541483719193e-13,initial_noise_numeric
0.01,0.009000000000000001,40.52654523130833,2.607779067147301e-13,initial_noise_numeric
0.01,0.009000000000000001,40.589377084380125,2.91512006015003e-13,initial_noise_numeric
0.01,0.009000000000000001,40.652208937451924,2.962573325750346e-13,initial_noise_numeric
0.01,0.009000000000000001,40.715040790523716,3.343233121000922e-13,initial_noise_numeric
0.01,0.009000000000000001,40.777872643595515,3.5986293563965825e-13,initial_noise_numeric
0.01,0.009000000000000001,40.84070449666731,3.7174259243175226e-13,initial_noise_numeric
0.01,0.009000000000000001,40.903536349739106,4.807217235444628e-13,initial_noise_numeric
0.01,0.009000000000000001,40.9663682028109,4.868159927614039e-13,initial_noise_numeric
0.01,0.009000000000000001,41.029200055882704,6.174311741366581e-13,initial_noise_numeric
0.01,0.009000000000000001,41.092031908954496,6.366380193252296e-13,initial_noise_numeric
0.01,0.009000000000000001,41.15486376202629,7.169020481502913e-13,initial_noise_numeric
0.01,0.009000000000000001,41.21769561509808,8.693990225391419e-13,initial_noise_numeric
0.01,0.009000000000000001,41.280527468169886,8.634934735223285e-13,initial_noise_numeric
0.01,0.009000000000000001,41.34335932124168,1.094911126717557e-12,initial_noise_numeric
0.01,0.009000000000000001,41.40619117431347,1.1133553991979848e-12,initial_noise_numeric
0.01,0.009000000000000001,41.46902302738526,1.2907524390626285e-12,initial_noise_numeric
0.01,0.009000000000000001,41.53185488045707,1.4062198504230392e-12,initial_noise_numeric
0.01,0.009000000000000001,41.59468673352886,1.4413555856374448e-12,initial_noise_numeric
0.01,0.009000000000000001,41.65751858660065,1.7266820536108708e-12,initial_noise_numeric
0.01,0.009000000000000001,41.72035043967246,1.7010442652300719e-12,initial_noise_numeric
0.01,0.009000000000000001,41.78318229274425,1.888124200242765e-12,initial_noise_numeric
0.01,0.009000000000000001,41.84601414581604,1.9637903217130886e-12,initial_noise_numeric
0.01,0.009000000000000001,41.908845998887834,2.02264226055533e-12,initial_noise_numeric
0.01,0.009000000000000001,41.97167785195964,2.2121786889022925e-12,initial_noise_numeric
0.01,0.009000000000000001,42.03450970503143,2.241727720278707e-12,initial_noise_numeric
0.01,0.009000000000000001,42.097341558103224,2.3425468584500928e-12,initial_noise_numeric
0.01,0.009000000000000001,42.160173411175016,2.461446175898489e-12,initial_noise_numeric
0.01,0.009000000000000001,42.22300526424682,2.4425088745083874e-12,initial_noise_numeric
0.01,0.009000000000000001,42.285837117318614,2.5279491553378093e-12,initial_noise_numeric
0.01,0.009000000000000001,42.348668970390406,2.580354412380267e-12,initial_noise_numeric
0.01,0.009000000000000001,42.41150082346221,2.5907658755637215e-12,initial_noise_numeric
0.01,0.009000000000000001,42.474332676534004,2.6568548482091127e-12,initial_noise_numeric
0.01,0.009000000000000001,42.537164529605796,2.628613806778419e-12,initial_noise_numeric
0.01,0.009000000000000001,42.59999638267759,2.6368175211330945e-12,initial_noise_numeric
0.01,0.009000000000000001,42.662828235749394,2.715950878980129e-12,initial_noise_numeric
0.01,0.009000000000000001,42.725660088821186,2.466843299923603e-12,initial_noise_numeric
0.01,0.009000000000000001,42.78849194189298,2.5861414434540963e-12,initial_noise_numeric
0.01,0.009000000000000001,42.85132379496477,2.391382229780782e-12,initial_noise_numeric
0.01,0.009000000000000001,42.91415564803658,2.4351779611765e-12,initial_noise_numeric
0.01,0.009000000000000001,42.97698750110837,2.2842858685328865e-12,initial_noise_numeric
0.01,0.009000000000000001,43.03981935418016,2.151221976850695e-12,initial_noise_numeric
0.01,0.009000000000000001,43.10265120725197,2.1411407199255005e-12,initial_noise_numeric
0.01,0.009000000000000001,43.16548306032376,1.841462290514716e-12,initial_noise_numeric
0.01,0.009000000000000001,43.22831491339555,1.7951991712874415e-12,initial_noise_numeric
0.01,0.009000000000000001,43.29114676646734,1.6198480420687815e-12,initial_noise_numeric
0.01,0.009000000000000001,43.35397861953915,1.4409512789164859e-12,initial_noise_numeric
0.01,0.009000000000000001,43.41681047261094,1.372460021049835e-12,initial_noise_numeric
0.01,0.009000000000000001,43.47964232568273,1.0741654839807478e-12,initial_noise_numeric
0.01,0.009000000000000001,43.54247417875453,1.0545321256879e-12,initial_noise_numeric
0.01,0.009000000000000001,43.60530603182633,8.285223131098624e-13,initial_noise_numeric
0.01,0.009000000000000001,43.66813788489812,7.443002011225103e-13,initial_noise_numeric
0.01,0.009000000000000001,43.730969737969914,7.356529216504484e-13,initial_noise_numeric
0.01,0.009000000000000001,43.79380159104172,4.729654677902724e-13,initial_noise_numeric
0.01,0.009000000000000001,43.85663344411351,5.201156301433601e-13,initial_noise_numeric
0.01,0.009000000000000001,43.919465297185305,3.378178864709657e-13,initial_noise_numeric
0.01,0.009000000000000001,43.9822971502571,3.661551633088121e-13,initial_noise_numeric
0.01,0.009000000000000001,44.0451290033289,2.7038712779336583e-13,initial_noise_numeric
0.01,0.009000000000000001,44.107960856400695,2.7069748707398256e-13,initial_noise_numeric
0.01,0.009000000000000001,44.17079270947249,2.4263688564710254e-13,initial_noise_numeric
0.01,0.009000000000000001,44.233624562544286,2.2006037973787178e-13,initial_noise_numeric
0.01,0.009000000000000001,44.296456415616085,2.2125323697219108e-13,initial_noise_numeric
0.01,0.009000000000000001,44.35928826868788,2.0993247988706249e-13,initial_noise_numeric
0.01,0.009000000000000001,44.42212012175967,2.0629518830148537e-13,initial_noise_numeric
0.01,0.009000000000000001,44.484951974831475,2.0763815447216627e-13,initial_noise_numeric
0.01,0.009000000000000001,44.54778382790327,2.080518942509729e-13,initial_noise_numeric
0.01,0.009000000000000001,44.61061568097506,2.0579809908144337e-13,initial_noise_numeric
0.01,0.009000000000000001,44.67344753404686,2.0415608347338863e-13,initial_noise_numeric
0.01,0.009000000000000001,44.73627938711866,2.002912391824818e-13,initial_noise_numeric
0.01,0.009000000000000001,44.79911124019045,2.046053907924748e-13,initial_noise_numeric
0.01,0.009000000000000001,44.86194309326224,2.0318501300336524e-13,initial_noise_numeric
0.01,0.009000000000000001,44.92477494633405,2.0153979043536957e-13,initial_noise_numeric
0.01,0.009000000000000001,44.98760679940584,2.0105631695409466e-13,initial_noise_numeric
0.01,0.009000000000000001,45.05043865247763,2.0887792784263332e-13,initial_noise_numeric
0.01,0.009000000000000001,45.11327050554942,2.0142486105864878e-13,initial_noise_numeric
0.01,0.009000000000000001,45.17610235862123,1.953384905408309e-13,initial_noise_numeric
0.01,0.009000000000000001,45.23893421169302,2.0126023171739842e-13,initial_noise_numeric
0.01,0.009000000000000001,45.30176606476481,1.9942818229592392e-13,initial_noise_numeric
0.01,0.009000000000000001,45.36459791783661,2.0210187770483568e-13,initial_noise_numeric
0.01,0.009000000000000001,45.42742977090841,2.2042210331212696e-13,initial_noise_numeric
0.01,0.009000000000000001,45.4902616239802,2.8252685681324226e-13,initial_noise_numeric
0.01,0.009000000000000001,0.06283185307179587,0.02948745496423424,continuous_theory_from_H0
0.01,0.009000000000000001,0.12566370614359174,0.05599591149900373,continuous_theory_from_H0
0.01,0.009000000000000001,0.18849555921538758,0.08339804587128707,continuous_theory_from_H0
0.01,0.009000000000000001,0.25132741228718347,0.11134194251384526,continuous_theory_from_H0
0.01,0.009000000000000001,0.3141592653589793,0.13941489907282273,continuous_theory_from_H0
0.01,0.009000000000000001,0.37699111843077515,0.16753086969248673,continuous_theory_from_H0
0.01,0.009000000000000001,0.43982297150257105,0.19561344328379285,continuous_theory_from_H0
0.01,0.009000000000000001,0.5026548245743669,0.22346926227444203,continuous_theory_from_H0
0.01,0.009000000000000001,0.5654866776461628,0.2512818829160617,continuous_theory_from_H0
0.01,0.009000000000000001,0.6283185307179586,0.27929246274754294,continuous_theory_from_H0
0.01,0.009000000000000001,0.6911503837897545,0.3073157646513648,continuous_theory_from_H0
0.01,0.009000000000000001,0.7539822368615503,0.33577104729488294,continuous_theory_from_H0
0.01,0.009000000000000001,0.8168140899333463,0.3637704738983326,continuous_theory_from_H0
0.01,0.009000000000000001,0.8796459430051421,0.3917470307271629,continuous_theory_from_H0
0.01,0.009000000000000001,0.9424777960769378,0.41928686355160927,continuous_theory_from_H0
0.01,0.009000000000000001,1.0053096491487339,0.44691509783742783,continuous_theory_from_H0
0.01,0.009000000000000001,1.0681415022205298,0.47464998459522884,continuous_theory_from_H0
0.01,0.009000000000000001,1.1309733552923256,0.5014206596393282,continuous_theory_from_H0
0.01,0.009000000000000001,1.1938052083641213,0.5281981293726509,continuous_theory_from_H0
0.01,0.009000000000000001,1.2566370614359172,0.554310717284248,continuous_theory_from_H0
0.01,0.009000000000000001,1.3194689145077132,0.5802035504832643,continuous_theory_from_H0
0.01,0.009000000000000001,1.382300767579509,0.606408334648587,continuous_theory_from_H0
0.01,0.009000000000000001,1.4451326206513047,0.6316646097546239,continuous_theory_from_H0
0.01,0.009000000000000001,1.5079644737231006,0.6567785834595019,continuous_theory_from_H0
0.01,0.009000000000000001,1.5707963267948966,0.6807039087749177,continuous_theory_from_H0
0.01,0.009000000000000001,1.6336281798666925,0.7043442519311504,continuous_theory_from_H0
0.01,0.009000000000000001,1.6964600329384882,0.7276801501946657,continuous_theory_from_H0
0.01,0.009000000000000001,1.7592918860102842,0.7498853686992639,continuous_theory_from_H0
0.01,0.009000000000000001,1.8221237390820801,0.7719057504336597,continuous_theory_from_H0
0.01,0.009000000000000001,1.8849555921538756,0.7924060073804607,continuous_theory_from_H0
0.01,0.009000000000000001,1.9477874452256716,0.8116628404231322,continuous_theory_from_H0
0.01,0.009000000000000001,2.0106192982974678,0.8298677126384242,continuous_theory_from_H0
0.01,0.009000000000000001,2.0734511513692637,0.8473015423223897,continuous_theory_from_H0
0.01,0.009000000000000001,2.1362830044410597,0.8631089642364601,continuous_theory_from_H0
0.01,0.009000000000000001,2.199114857512855,0.8782833968626188,continuous_theory_from_H0
0.01,0.009000000000000001,2.261946710584651,0.8924009199924091,continuous_theory_from_H0
0.01,0.009000000000000001,2.324778563656447,0.9046941526322063,continuous_theory_from_H0
0.01,0.009000000000000001,2.3876104167282426,0.9157025835536288,continuous_theory_from_H0
0.01,0.009000000000000001,2.4504422698000385,0.9251063499892009,continuous_theory_from_H0
0.01,0.009000000000000001,2.5132741228718345,0.933230075269687,continuous_theory_from_H0
0.01,0.009000000000000001,2.57610597594363,0.9395005203413164,continuous_theory_from_H0
0.01,0.009000000000000001,2.6389378290154264,0.944276857039498,continuous_theory_from_H0
0.01,0.009000000000000001,2.701769682087222,0.947535987455104,continuous_theory_from_H0
0.01,0.009000000000000001,2.764601535159018,0.9494161263544094,continuous_theory_from_H0
0.01,0.009000000000000001,2.827433388230814,0.949934294517425,continuous_theory_from_H0
0.01,0.009000000000000001,2.8902652413026093,0.9490753829138907,continuous_theory_from_H0
0.01,0.009000000000000001,2.9530970943744057,0.9469251579844254,continuous_theory_from_H0
0.01,0.009000000000000001,3.015928947446201,0.9432414376288403,continuous_theory_from_H0
0.01,0.009000000000000001,3.078760800517997,0.9381995920316557,continuous_theory_from_H0
0.01,0.009000000000000001,3.141592653589793,0.9322371756613819,continuous_theory_from_H0
0.01,0.009000000000000001,3.204424506661589,0.9251540925972195,continuous_theory_from_H0
0.01,0.009000000000000001,3.267256359733385,0.9169864049296128,continuous_theory_from_H0
0.01,0.009000000000000001,3.330088212805181,0.9082673038856452,continuous_theory_from_H0
0.01,0.009000000000000001,3.3929200658769765,0.8986121081799039,continuous_theory_from_H0
0.01,0.009000000000000001,3.4557519189487724,0.8882936431574912,continuous_theory_from_H0
0.01,0.009000000000000001,3.5185837720205684,0.8776007401146853,continuous_theory_from_H0
0.01,0.009000000000000001,3.581415625092364,0.8663712030873444,continuous_theory_from_H0
0.01,0.009000000000000001,3.6442474781641603,0.8548853816321386,continuous_theory_from_H0
0.01,0.009000000000000001,3.707079331235956,0.8432594640505322,continuous_theory_from_H0
0.01,0.009000000000000001,3.7699111843077513,0.8314902095073456,continuous_theory_from_H0
0.01,0.009000000000000001,3.8327430373795477,0.8196342251916233,continuous_theory_from_H0
0.01,0.009000000000000001,3.895574890451343,0.8077769303045654,continuous_theory_from_H0
0.01,0.009000000000000001,3.9584067435231396,0.7959738158013608,continuous_theory_from_H0
0.01,0.009000000000000001,4.0212385965949355,0.7843073458741969,continuous_theory_from_H0
0.01,0.009000000000000001,4.084070449666731,0.7728306467387281,continuous_theory_from_H0
0.01,0.009000000000000001,4.1469023027385274,0.7615496548645283,continuous_theory_from_H0
0.01,0.009000000000000001,4.209734155810323,0.7504944505314949,continuous_theory_from_H0
0.01,0.009000000000000001,4.272566008882119,0.7396764102586124,continuous_theory_from_H0
0.01,0.009000000000000001,4.335397861953915,0.7291035908550922,continuous_theory_from_H0
0.01,0.009000000000000001,4.39822971502571,0.7187936330752235,continuous_theory_from_H0
0.01,0.009000000000000001,4.461061568097507,0.708738096923848,continuous_theory_from_H0
0.01,0.009000000000000001,4.523893421169302,0.6989379116897478,continuous_theory_from_H0
0.01,0.009000000000000001,4.586725274241098,0.689393246907656,continuous_theory_from_H0
0.01,0.009000000000000001,4.649557127312894,0.680095551114981,continuous_theory_from_H0
0.01,0.009000000000000001,4.71238898038469,0.6710392852466315,continuous_theory_from_H0
0.01,0.009000000000000001,4.775220833456485,0.6622171764045022,continuous_theory_from_H0
0.01,0.009000000000000001,4.838052686528282,0.6536208701195108,continuous_theory_from_H0
0.01,0.009000000000000001,4.900884539600077,0.6452434253615628,continuous_theory_from_H0
0.01,0.009000000000000001,4.9637163926718735,0.6370770769261004,continuous_theory_from_H0
0.01,0.009000000000000001,5.026548245743669,0.6291143152813325,continuous_theory_from_H0
0.01,0.009000000000000001,5.0893800988154645,0.6213478905350415,continuous_theory_from_H0
0.01,0.009000000000000001,5.15221195188726,0.6137706776826881,continuous_theory_from_H0
0.01,0.009000000000000001,5.215043804959057,0.6063759538600334,continuous_theory_from_H0
0.01,0.009000000000000001,5.277875658030853,0.5991572424950612,continuous_theory_from_H0
0.01,0.009000000000000001,5.340707511102648,0.5921083569190347,continuous_theory_from_H0
0.01,0.009000000000000001,5.403539364174444,0.5852233871622935,continuous_theory_from_H0
0.01,0.009000000000000001,5.466371217246239,0.5784966867508152,continuous_theory_from_H0
0.01,0.009000000000000001,5.529203070318036,0.5719228630547238,continuous_theory_from_H0
0.01,0.009000000000000001,5.592034923389832,0.5654967645144541,continuous_theory_from_H0
0.01,0.009000000000000001,5.654866776461628,0.5592134675533715,continuous_theory_from_H0
0.01,0.009000000000000001,5.717698629533423,0.5530682647847133,continuous_theory_from_H0
0.01,0.009000000000000001,5.780530482605219,0.5470566532756939,continuous_theory_from_H0
0.01,0.009000000000000001,5.843362335677015,0.541174323691829,continuous_theory_from_H0
0.01,0.009000000000000001,5.906194188748811,0.5354171500441647,continuous_theory_from_H0
0.01,0.009000000000000001,5.969026041820607,0.5297811800463412,continuous_theory_from_H0
0.01,0.009000000000000001,6.031857894892402,0.5242626260882425,continuous_theory_from_H0
0.01,0.009000000000000001,6.094689747964199,0.5188578567472641,continuous_theory_from_H0
0.01,0.009000000000000001,6.157521601035994,0.5135633888213064,continuous_theory_from_H0
0.01,0.009000000000000001,6.220353454107791,0.5083758798433133,continuous_theory_from_H0
0.01,0.009000000000000001,6.283185307179586,0.5032921210448759,continuous_theory_from_H0
0.01,0.009000000000000001,6.346017160251382,0.4983090307374978,continuous_theory_from_H0
0.01,0.009000000000000001,6.408849013323178,0.49342364808320693,continuous_theory_from_H0
0.01,0.009000000000000001,6.471680866394974,0.4886331272280296,continuous_theory_from_H0
0.01,0.009000000000000001,6.53451271946677,0.4839347317739138,continuous_theory_from_H0
0.01,0.009000000000000001,6.5973445725385655,0.4793258295665431,continuous_theory_from_H0
0.01,0.009000000000000001,6.660176425610362,0.47480388777817945,continuous_theory_from_H0
0.01,0.009000000000000001,6.7230082786821574,0.4703664682662339,continuous_theory_from_H0
0.01,0.009000000000000001,6.785840131753953,0.46601122318969473,continuous_theory_from_H0
0.01,0.009000000000000001,6.8486719848257485,0.4617358908668535,continuous_theory_from_H0
0.01,0.009000000000000001,6.911503837897545,0.45753829185897293,continuous_theory_from_H0
0.01,0.009000000000000001,6.974335690969341,0.45341632526564885,continuous_theory_from_H0
0.01,0.009000000000000001,7.037167544041137,0.4493679652186342,continuous_theory_from_H0
0.01,0.009000000000000001,7.099999397112932,0.4453912575618321,continuous_theory_from_H0
0.01,0.009000000000000001,7.162831250184728,0.4414843167060266,continuous_theory_from_H0
0.01,0.009000000000000001,7.225663103256525,0.4376453226477132,continuous_theory_from_H0
0.01,0.009000000000000001,7.288494956328321,0.4338725181421295,continuous_theory_from_H0
0.01,0.009000000000000001,7.351326809400116,0.43016420602125666,continuous_theory_from_H0
0.01,0.009000000000000001,7.414158662471912,0.42651874664819517,continuous_theory_from_H0
0.01,0.009000000000000001,7.476990515543707,0.42293455549989106,continuous_theory_from_H0
0.01,0.009000000000000001,7.539822368615503,0.4194101008707253,continuous_theory_from_H0
0.01,0.009000000000000001,7.6026542216873,0.41594390168997547,continuous_theory_from_H0
0.01,0.009000000000000001,7.665486074759095,0.412534525446615,continuous_theory_from_H0
0.01,0.009000000000000001,7.728317927830891,0.40918058621534176,continuous_theory_from_H0
0.01,0.009000000000000001,7.791149780902686,0.40588074277812125,continuous_theory_from_H0
0.01,0.009000000000000001,7.853981633974482,0.40263369683589634,continuous_theory_from_H0
0.01,0.009000000000000001,7.916813487046279,0.3994381913054526,continuous_theory_from_H0
0.01,0.009000000000000001,7.979645340118075,0.3962930086967483,continuous_theory_from_H0
0.01,0.009000000000000001,8.042477193189871,0.3931969695663049,continuous_theory_from_H0
0.01,0.009000000000000001,8.105309046261667,0.3901489310425351,continuous_theory_from_H0
0.01,0.009000000000000001,8.168140899333462,0.387147785419131,continuous_theory_from_H0
0.01,0.009000000000000001,8.230972752405258,0.3841924588128781,continuous_theory_from_H0
0.01,0.009000000000000001,8.293804605477055,0.38128190988247745,continuous_theory_from_H0
0.01,0.009000000000000001,8.35663645854885,0.37841512860516563,continuous_theory_from_H0
0.01,0.009000000000000001,8.419468311620646,0.37559113510811215,continuous_theory_from_H0
0.01,0.009000000000000001,8.482300164692441,0.37280897855175577,continuous_theory_from_H0
0.01,0.009000000000000001,8.545132017764239,0.37006773606240456,continuous_theory_from_H0
0.01,0.009000000000000001,8.607963870836034,0.36736651171158413,continuous_theory_from_H0
0.01,0.009000000000000001,8.67079572390783,0.36470443553976106,continuous_theory_from_H0
0.01,0.009000000000000001,8.733627576979625,0.36208066262220884,continuous_theory_from_H0
0.01,0.009000000000000001,8.79645943005142,0.3594943721749074,continuous_theory_from_H0
0.01,0.009000000000000001,8.859291283123216,0.3569447666984896,continuous_theory_from_H0
0.01,0.009000000000000001,8.922123136195014,0.35443107115835937,continuous_theory_from_H0
0.01,0.009000000000000001,8.984954989266809,0.35195253219920997,continuous_theory_from_H0
0.01,0.009000000000000001,9.047786842338605,0.34950841739227106,continuous_theory_from_H0
0.01,0.009000000000000001,9.1106186954104,0.34709801451370365,continuous_theory_from_H0
0.01,0.009000000000000001,9.173450548482196,0.3447206308526509,continuous_theory_from_H0
0.01,0.009000000000000001,9.236282401553993,0.3423755925475308,continuous_theory_from_H0
0.01,0.009000000000000001,9.299114254625788,0.3400622439492367,continuous_theory_from_H0
0.01,0.009000000000000001,9.361946107697584,0.3377799470099801,continuous_theory_from_H0
0.01,0.009000000000000001,9.42477796076938,0.33552808069658024,continuous_theory_from_H0
0.01,0.009000000000000001,9.487609813841175,0.33330604042706646,continuous_theory_from_H0
0.01,0.009000000000000001,9.55044166691297,0.33111323752952,continuous_theory_from_H0
0.01,0.009000000000000001,9.613273519984768,0.3289490987221374,continuous_theory_from_H0
0.01,0.009000000000000001,9.676105373056563,0.32681306561355217,continuous_theory_from_H0
0.01,0.009000000000000001,9.738937226128359,0.324704594222497,continuous_theory_from_H0
0.01,0.009000000000000001,9.801769079200154,0.32262315451594253,continuous_theory_from_H0
0.01,0.009000000000000001,9.86460093227195,0.3205682299648856,continuous_theory_from_H0
0.01,0.009000000000000001,9.927432785343747,0.3185393171170065,continuous_theory_from_H0
0.01,0.009000000000000001,9.990264638415542,0.31653592518545304,continuous_theory_from_H0
0.01,0.009000000000000001,10.053096491487338,0.31455757565304393,continuous_theory_from_H0
0.01,0.009000000000000001,10.115928344559133,0.31260380189122383,continuous_theory_from_H0
0.01,0.009000000000000001,10.178760197630929,0.3106741487931298,continuous_theory_from_H0
0.01,0.009000000000000001,10.241592050702724,0.30876817242016585,continuous_theory_from_H0
0.01,0.009000000000000001,10.30442390377452,0.30688543966150633,continuous_theory_from_H0
0.01,0.009000000000000001,10.367255756846316,0.3050255279059821,continuous_theory_from_H0
0.01,0.009000000000000001,10.430087609918115,0.30318802472582546,continuous_theory_from_H0
0.01,0.009000000000000001,10.49291946298991,0.3013725275717786,continuous_theory_from_H0
0.01,0.009000000000000001,10.555751316061706,0.29957864347908947,continuous_theory_from_H0
0.01,0.009000000000000001,10.618583169133501,0.29780598878394693,continuous_theory_from_H0
0.01,0.009000000000000001,10.681415022205297,0.29605418884992374,continuous_theory_from_H0
0.01,0.009000000000000001,10.744246875277092,0.2943228778040178,continuous_theory_from_H0
0.01,0.009000000000000001,10.807078728348888,0.29261169828190137,continuous_theory_from_H0
0.01,0.009000000000000001,10.869910581420683,0.290920301182006,continuous_theory_from_H0
0.01,0.009000000000000001,10.932742434492479,0.2892483454280864,continuous_theory_from_H0
0.01,0.009000000000000001,10.995574287564274,0.28759549773992593,continuous_theory_from_H0
0.01,0.009000000000000001,11.058406140636071,0.2859614324118582,continuous_theory_from_H0
0.01,0.009000000000000001,11.121237993707869,0.2843458310987968,continuous_theory_from_H0
0.01,0.009000000000000001,11.184069846779664,0.2827483826094777,continuous_theory_from_H0
0.01,0.009000000000000001,11.24690169985146,0.2811687827066315,continuous_theory_from_H0
0.01,0.009000000000000001,11.309733552923255,0.27960673391381685,continuous_theory_from_H0
0.01,0.009000000000000001,11.37256540599505,0.2780619453286577,continuous_theory_from_H0
0.01,0.009000000000000001,11.435397259066846,0.27653413244223646,continuous_theory_from_H0
0.01,0.009000000000000001,11.498229112138642,0.27502301696441006,continuous_theory_from_H0
0.01,0.009000000000000001,11.561060965210437,0.27352832665482085,continuous_theory_from_H0
0.01,0.009000000000000001,11.623892818282235,0.2720497951593894,continuous_theory_from_H0
0.01,0.009000000000000001,11.68672467135403,0.27058716185208087,continuous_theory_from_H0
0.01,0.009000000000000001,11.749556524425827,0.2691401716817488,continuous_theory_from_H0
0.01,0.009000000000000001,11.812388377497623,0.2677085750238672,continuous_theory_from_H0
0.01,0.009000000000000001,11.875220230569418,0.2662921275369684,continuous_theory_from_H0
0.01,0.009000000000000001,11.938052083641214,0.264890590023616,continuous_theory_from_H0
0.01,0.009000000000000001,12.00088393671301,0.26350372829574364,continuous_theory_from_H0
0.01,0.009000000000000001,12.063715789784805,0.26213131304420334,continuous_theory_from_H0
0.01,0.009000000000000001,12.1265476428566,0.2607731197123681,continuous_theory_from_H0
0.01,0.009000000000000001,12.189379495928398,0.2594289283736445,continuous_theory_from_H0
0.01,0.009000000000000001,12.252211349000193,0.25809852361275404,continuous_theory_from_H0
0.01,0.009000000000000001,12.315043202071989,0.25678169441064813,continuous_theory_from_H0
0.01,0.009000000000000001,12.377875055143784,0.25547823403292913,continuous_theory_from_H0
0.01,0.009000000000000001,12.440706908215581,0.2541879399216517,continuous_theory_from_H0
0.01,0.009000000000000001,12.503538761287377,0.25291061359038713,continuous_theory_from_H0
0.01,0.009000000000000001,12.566370614359172,0.2516460605224352,continuous_theory_from_H0
0.01,0.009000000000000001,12.629202467430968,0.2503940900720748,continuous_theory_from_H0
0.01,0.009000000000000001,12.692034320502763,0.24915451536874772,continuous_theory_from_H0
0.01,0.009000000000000001,12.75486617357456,0.24792715322407405,continuous_theory_from_H0
0.01,0.009000000000000001,12.817698026646356,0.2467118240416031,continuous_theory_from_H0
0.01,0.009000000000000001,12.880529879718152,0.24550835172920504,continuous_theory_from_H0
0.01,0.009000000000000001,12.943361732789947,0.24431656361401474,continuous_theory_from_H0
0.01,0.009000000000000001,13.006193585861743,0.24313629035984077,continuous_theory_from_H0
0.01,0.009000000000000001,13.06902543893354,0.24196736588695691,continuous_theory_from_H0
0.01,0.009000000000000001,13.131857292005336,0.24080962729419636,continuous_theory_from_H0
0.01,0.009000000000000001,13.194689145077131,0.2396629147832716,continuous_theory_from_H0
0.01,0.009000000000000001,13.257520998148927,0.23852707158524664,continuous_theory_from_H0
0.01,0.009000000000000001,13.320352851220724,0.23740194388908978,continuous_theory_from_H0
0.01,0.009000000000000001,13.38318470429252,0.2362873807722396,continuous_theory_from_H0
0.01,0.009000000000000001,13.446016557364315,0.235183234133117,continuous_theory_from_H0
0.01,0.009000000000000001,13.50884841043611,0.2340893586255211,continuous_theory_from_H0
0.01,0.009000000000000001,13.571680263507906,0.2330056115948474,continuous_theory_from_H0
0.01,0.009000000000000001,13.634512116579701,0.2319318530160693,continuous_theory_from_H0
0.01,0.009000000000000001,13.697343969651497,0.2308679454334268,continuous_theory_from_H0
0.01,0.009000000000000001,13.760175822723294,0.22981375390176728,continuous_theory_from_H0
0.01,0.009000000000000001,13.82300767579509,0.22876914592948652,continuous_theory_from_H0
0.01,0.009000000000000001,13.885839528866887,0.22773399142301823,continuous_theory_from_H0
0.01,0.009000000000000001,13.948671381938683,0.22670816263282448,continuous_theory_from_H0
0.01,0.009000000000000001,14.011503235010478,0.22569153410083873,continuous_theory_from_H0
0.01,0.009000000000000001,14.074335088082274,0.22468398260931713,continuous_theory_from_H0
0.01,0.009000000000000001,14.137166941154069,0.22368538713105351,continuous_theory_from_H0
0.01,0.009000000000000001,14.199998794225865,0.2226956287809161,continuous_theory_from_H0
0.01,0.009000000000000001,14.26283064729766,0.22171459076866537,continuous_theory_from_H0
0.01,0.009000000000000001,14.325662500369456,0.22074215835301333,continuous_theory_from_H0
0.01,0.009000000000000001,14.388494353441251,0.21977821879688664,continuous_theory_from_H0
0.01,0.009000000000000001,14.45132620651305,0.21882266132385664,continuous_theory_from_H0
0.01,0.009000000000000001,14.514158059584846,0.21787537707570143,continuous_theory_from_H0
0.01,0.009000000000000001,14.576989912656641,0.2169362590710648,continuous_theory_from_H0
0.01,0.009000000000000001,14.639821765728437,0.2160052021651804,continuous_theory_from_H0
0.01,0.009000000000000001,14.702653618800232,0.21508210301062836,continuous_theory_from_H0
0.01,0.009000000000000001,14.765485471872028,0.21416686001909377,continuous_theory_from_H0
0.01,0.009000000000000001,14.828317324943823,0.2132593733240976,continuous_theory_from_H0
0.01,0.009000000000000001,14.891149178015619,0.21235954474467106,continuous_theory_from_H0
0.01,0.009000000000000001,14.953981031087414,0.21146727774994556,continuous_theory_from_H0
0.01,0.009000000000000001,15.01681288415921,0.210582477424632,continuous_theory_from_H0
0.01,0.009000000000000001,15.079644737231005,0.20970505043536267,continuous_theory_from_H0
0.01,0.009000000000000001,15.142476590302804,0.2088349049978715,continuous_theory_from_H0
0.01,0.009000000000000001,15.2053084433746,0.20797195084498774,continuous_theory_from_H0
0.01,0.009000000000000001,15.268140296446395,0.2071160991954199,continuous_theory_from_H0
0.01,0.009000000000000001,15.33097214951819,0.20626726272330753,continuous_theory_from_H0
0.01,0.009000000000000001,15.393804002589986,0.2054253555285185,continuous_theory_from_H0
0.01,0.009000000000000001,15.456635855661782,0.20459029310767088,continuous_theory_from_H0
0.01,0.009000000000000001,15.519467708733577,0.20376199232585845,continuous_theory_from_H0
0.01,0.009000000000000001,15.582299561805373,0.20294037138906065,continuous_theory_from_H0
0.01,0.009000000000000001,15.645131414877168,0.20212534981721703,continuous_theory_from_H0
0.01,0.009000000000000001,15.707963267948964,0.20131684841794817,continuous_theory_from_H0
0.01,0.009000000000000001,15.770795121020763,0.20051478926090452,continuous_theory_from_H0
0.01,0.009000000000000001,15.833626974092558,0.19971909565272636,continuous_theory_from_H0
0.01,0.009000000000000001,15.896458827164354,0.19892969211259698,continuous_theory_from_H0
0.01,0.009000000000000001,15.95929068023615,0.19814650434837414,continuous_theory_from_H0
0.01,0.009000000000000001,16.022122533307947,0.19736945923328247,continuous_theory_from_H0
0.01,0.009000000000000001,16.084954386379742,0.19659848478315245,continuous_theory_from_H0
0.01,0.009000000000000001,16.147786239451538,0.1958335101341908,continuous_theory_from_H0
0.01,0.009000000000000001,16.210618092523333,0.1950744655212676,continuous_theory_from_H0
0.01,0.009000000000000001,16.27344994559513,0.1943212822567067,continuous_theory_from_H0
0.01,0.009000000000000001,16.336281798666924,0.19357389270956551,continuous_theory_from_H0
0.01,0.009000000000000001,16.39911365173872,0.19283223028539095,continuous_theory_from_H0
0.01,0.009000000000000001,16.461945504810515,0.19209622940643908,continuous_theory_from_H0
0.01,0.009000000000000001,16.524777357882314,0.19136582549234613,continuous_theory_from_H0
0.01,0.009000000000000001,16.58760921095411,0.19064095494123875,continuous_theory_from_H0
0.01,0.009000000000000001,16.650441064025905,0.18992155511127182,continuous_theory_from_H0
0.01,0.009000000000000001,16.7132729170977,0.18920756430258281,continuous_theory_from_H0
0.01,0.009000000000000001,16.776104770169496,0.1884989217396518,continuous_theory_from_H0
0.01,0.009000000000000001,16.838936623241292,0.1877955675540561,continuous_theory_from_H0
0.01,0.009000000000000001,16.901768476313087,0.1870974427676098,continuous_theory_from_H0
0.01,0.009000000000000001,16.964600329384883,0.1864044892758779,continuous_theory_from_H0
0.01,0.009000000000000001,17.02743218245668,0.1857166498320555,continuous_theory_from_H0
0.01,0.009000000000000001,17.090264035528477,0.1850338680312023,continuous_theory_from_H0
0.01,0.009000000000000001,17.153095888600273,0.18435608829482428,continuous_theory_from_H0
0.01,0.009000000000000001,17.21592774167207,0.1836832558557921,continuous_theory_from_H0
0.01,0.009000000000000001,17.278759594743864,0.1830153167435892,continuous_theory_from_H0
0.01,0.009000000000000001,17.34159144781566,0.18235221776988053,continuous_theory_from_H0
0.01,0.009000000000000001,17.404423300887455,0.18169390651439363,continuous_theory_from_H0
0.01,0.009000000000000001,17.46725515395925,0.18104033131110445,continuous_theory_from_H0
0.01,0.009000000000000001,17.530087007031046,0.18039144123472056,continuous_theory_from_H0
0.01,0.009000000000000001,17.59291886010284,0.1797471860874537,continuous_theory_from_H0
0.01,0.009000000000000001,17.655750713174637,0.17910751638607486,continuous_theory_from_H0
0.01,0.009000000000000001,17.718582566246432,0.1784723833492448,continuous_theory_from_H0
0.01,0.009000000000000001,17.78141441931823,0.17784173888511318,continuous_theory_from_H0
0.01,0.009000000000000001,17.844246272390027,0.1772155355791797,continuous_theory_from_H0
0.01,0.009000000000000001,17.907078125461823,0.17659372668241063,continuous_theory_from_H0
0.01,0.009000000000000001,17.969909978533618,0.175976266099605,continuous_theory_from_H0
0.01,0.009000000000000001,18.032741831605414,0.1753631083780036,continuous_theory_from_H0
0.01,0.009000000000000001,18.09557368467721,0.17475420869613553,continuous_theory_from_H0
0.01,0.009000000000000001,18.158405537749005,0.1741495228528963,continuous_theory_from_H0
0.01,0.009000000000000001,18.2212373908208,0.17354900725685185,continuous_theory_from_H0
0.01,0.009000000000000001,18.284069243892596,0.17295261891576302,continuous_theory_from_H0
0.01,0.009000000000000001,18.34690109696439,0.1723603154263255,continuous_theory_from_H0
0.01,0.009000000000000001,18.409732950036187,0.1717720549641196,continuous_theory_from_H0
0.01,0.009000000000000001,18.472564803107986,0.1711877962737654,continuous_theory_from_H0
0.01,0.009000000000000001,18.53539665617978,0.17060749865927807,continuous_theory_from_H0
0.01,0.009000000000000001,18.598228509251577,0.17003112197461837,continuous_theory_from_H0
0.01,0.009000000000000001,18.661060362323372,0.16945862661443445,continuous_theory_from_H0
0.01,0.009000000000000001,18.723892215395168,0.16888997350499005,continuous_theory_from_H0
0.01,0.009000000000000001,18.786724068466963,0.16832512409527436,continuous_theory_from_H0
0.01,0.009000000000000001,18.84955592153876,0.16776404034829012,continuous_theory_from_H0
0.01,0.009000000000000001,18.912387774610554,0.16720668473251507,continuous_theory_from_H0
0.01,0.009000000000000001,18.97521962768235,0.16665302021353326,continuous_theory_from_H0
0.01,0.009000000000000001,19.038051480754145,0.16610301024583182,continuous_theory_from_H0
0.01,0.009000000000000001,19.10088333382594,0.16555661876476002,continuous_theory_from_H0
0.01,0.009000000000000001,19.16371518689774,0.165013810178646,continuous_theory_from_H0
0.01,0.009000000000000001,19.226547039969535,0.16447454936106873,continuous_theory_from_H0
0.01,0.009000000000000001,19.28937889304133,0.16393880164328026,continuous_theory_from_H0
0.01,0.009000000000000001,19.352210746113126,0.16340653280677608,continuous_theory_from_H0
0.01,0.009000000000000001,19.415042599184922,0.16287770907600982,continuous_theory_from_H0
0.01,0.009000000000000001,19.477874452256717,0.16235229711124852,continuous_theory_from_H0
0.01,0.009000000000000001,19.540706305328513,0.16183026400156603,continuous_theory_from_H0
0.01,0.009000000000000001,19.60353815840031,0.16131157725797127,continuous_theory_from_H0
0.01,0.009000000000000001,19.666370011472104,0.16079620480666787,continuous_theory_from_H0
0.01,0.009000000000000001,19.7292018645439,0.1602841149824428,continuous_theory_from_H0
0.01,0.009000000000000001,19.7920337176157,0.15977527652218104,continuous_theory_from_H0
0.01,0.009000000000000001,19.854865570687494,0.15926965855850328,continuous_theory_from_H0
0.01,0.009000000000000001,19.91769742375929,0.15876723061352377,continuous_theory_from_H0
0.01,0.009000000000000001,19.980529276831085,0.15826796259272652,continuous_theory_from_H0
0.01,0.009000000000000001,20.04336112990288,0.1577718247789562,continuous_theory_from_H0
0.01,0.009000000000000001,20.106192982974676,0.157278787826522,continuous_theory_from_H0
0.01,0.009000000000000001,20.16902483604647,0.15678882275541134,continuous_theory_from_H0
0.01,0.009000000000000001,20.231856689118267,0.15630190094561192,continuous_theory_from_H0
0.01,0.009000000000000001,20.294688542190062,0.15581799413153882,continuous_theory_from_H0
0.01,0.009000000000000001,20.357520395261858,0.15533707439656494,continuous_theory_from_H0
0.01,0.009000000000000001,20.420352248333653,0.15485911416765244,continuous_theory_from_H0
0.01,0.009000000000000001,20.48318410140545,0.15438408621008293,continuous_theory_from_H0
0.01,0.009000000000000001,20.546015954477248,0.1539119636222845,continuous_theory_from_H0
0.01,0.009000000000000001,20.60884780754904,0.1534427198307532,continuous_theory_from_H0
0.01,0.009000000000000001,20.67167966062084,0.15297632858506696,continuous_theory_from_H0
0.01,0.009000000000000001,20.73451151369263,0.15251276395299104,continuous_theory_from_H0
0.01,0.009000000000000001,20.79734336676443,0.15205200031567082,continuous_theory_from_H0
0.01,0.009000000000000001,20.86017521983623,0.15159401236291276,continuous_theory_from_H0
0.01,0.009000000000000001,20.92300707290802,0.15113877508854967,continuous_theory_from_H0
0.01,0.009000000000000001,20.98583892597982,0.1506862637858893,continuous_theory_from_H0
0.01,0.009000000000000001,21.048670779051612,0.1502364540432449,continuous_theory_from_H0
0.01,0.009000000000000001,21.11150263212341,0.14978932173954473,continuous_theory_from_H0
0.01,0.009000000000000001,21.174334485195203,0.1493448430400209,continuous_theory_from_H0
0.01,0.009000000000000001,21.237166338267002,0.1489029943919735,continuous_theory_from_H0
0.01,0.009000000000000001,21.299998191338794,0.14846375252061075,continuous_theory_from_H0
0.01,0.009000000000000001,21.362830044410593,0.14802709442496187,continuous_theory_from_H0
0.01,0.009000000000000001,21.425661897482385,0.1475929973738623,continuous_theory_from_H0
0.01,0.009000000000000001,21.488493750554184,0.1471614389020089,continuous_theory_from_H0
0.01,0.009000000000000001,21.551325603625983,0.14673239680608463,continuous_theory_from_H0
0.01,0.009000000000000001,21.614157456697775,0.14630584914095068,continuous_theory_from_H0
0.01,0.009000000000000001,21.676989309769574,0.14588177421590445,continuous_theory_from_H0
0.01,0.009000000000000001,21.739821162841366,0.145460150591003,continuous_theory_from_H0
0.01,0.009000000000000001,21.802653015913165,0.14504095707344966,continuous_theory_from_H0
0.01,0.009000000000000001,21.865484868984957,0.14462417271404324,continuous_theory_from_H0
0.01,0.009000000000000001,21.928316722056756,0.1442097768036878,continuous_theory_from_H0
0.01,0.009000000000000001,21.99114857512855,0.143797748869963,continuous_theory_from_H0
0.01,0.009000000000000001,22.053980428200347,0.14338806867375226,continuous_theory_from_H0
0.01,0.009000000000000001,22.116812281272143,0.1429807162059291,continuous_theory_from_H0
0.01,0.009000000000000001,22.17964413434394,0.14257567168409926,continuous_theory_from_H0
0.01,0.009000000000000001,22.242475987415737,0.1421729155493984,continuous_theory_from_H0
0.01,0.009000000000000001,22.30530784048753,0.14177242846334379,continuous_theory_from_H0
0.01,0.009000000000000001,22.36813969355933,0.14137419130473888,continuous_theory_from_H0
0.01,0.009000000000000001,22.43097154663112,0.14097818516663035,continuous_theory_from_H0
0.01,0.009000000000000001,22.49380339970292,0.14058439135331574,continuous_theory_from_H0
0.01,0.009000000000000001,22.55663525277471,0.14019279137740123,continuous_theory_from_H0
0.01,0.009000000000000001,22.61946710584651,0.13980336695690843,continuous_theory_from_H0
0.01,0.009000000000000001,22.682298958918306,0.1394161000124295,continuous_theory_from_H0
0.01,0.009000000000000001,22.7451308119901,0.13903097266432884,continuous_theory_from_H0
0.01,0.009000000000000001,22.8079626650619,0.13864796722999181,continuous_theory_from_H0
0.01,0.009000000000000001,22.870794518133692,0.13826706622111823,continuous_theory_from_H0
0.01,0.009000000000000001,22.93362637120549,0.13788825234106034,continuous_theory_from_H0
0.01,0.009000000000000001,22.996458224277283,0.13751150848220503,continuous_theory_from_H0
0.01,0.009000000000000001,23.059290077349083,0.13713681772339792,continuous_theory_from_H0
0.01,0.009000000000000001,23.122121930420874,0.13676416332741043,continuous_theory_from_H0
0.01,0.009000000000000001,23.184953783492674,0.13639352873844726,continuous_theory_from_H0
0.01,0.009000000000000001,23.24778563656447,0.1360248975796947,continuous_theory_from_H0
0.01,0.009000000000000001,23.310617489636265,0.13565825365090844,continuous_theory_from_H0
0.01,0.009000000000000001,23.37344934270806,0.13529358092604044,continuous_theory_from_H0
0.01,0.009000000000000001,23.436281195779856,0.13493086355090358,continuous_theory_from_H0
0.01,0.009000000000000001,23.499113048851655,0.1345700858408744,continuous_theory_from_H0
0.01,0.009000000000000001,23.561944901923447,0.1342112322786321,continuous_theory_from_H0
0.01,0.009000000000000001,23.624776754995246,0.1338542875119336,continuous_theory_from_H0
0.01,0.009000000000000001,23.687608608067038,0.13349923635142452,continuous_theory_from_H0
0.01,0.009000000000000001,23.750440461138837,0.1331460637684842,continuous_theory_from_H0
0.01,0.009000000000000001,23.813272314210632,0.13279475489310563,continuous_theory_from_H0
0.01,0.009000000000000001,23.876104167282428,0.132445295011808,continuous_theory_from_H0
0.01,0.009000000000000001,23.938936020354223,0.13209766956558278,continuous_theory_from_H0
0.01,0.009000000000000001,24.00176787342602,0.13175186414787182,continuous_theory_from_H0
0.01,0.009000000000000001,24.064599726497814,0.13140786450257713,continuous_theory_from_H0
0.01,0.009000000000000001,24.12743157956961,0.13106565652210167,continuous_theory_from_H0
0.01,0.009000000000000001,24.19026343264141,0.13072522624542088,continuous_theory_from_H0
0.01,0.009000000000000001,24.2530952857132,0.13038655985618405,continuous_theory_from_H0
0.01,0.009000000000000001,24.315927138785,0.13004964368084504,continuous_theory_from_H0
0.01,0.009000000000000001,24.378758991856795,0.12971446418682225,continuous_theory_from_H0
0.01,0.009000000000000001,24.44159084492859,0.12938100798068647,continuous_theory_from_H0
0.01,0.009000000000000001,24.504422698000386,0.12904926180637702,continuous_theory_from_H0
0.01,0.009000000000000001,24.567254551072182,0.1287192125434451,continuous_theory_from_H0
0.01,0.009000000000000001,24.630086404143977,0.12839084720532407,continuous_theory_from_H0
0.01,0.009000000000000001,24.692918257215773,0.12806415293762605,continuous_theory_from_H0
0.01,0.009000000000000001,24.75575011028757,0.12773911701646457,continuous_theory_from_H0
0.01,0.009000000000000001,24.818581963359364,0.12741572684680263,continuous_theory_from_H0
0.01,0.009000000000000001,24.881413816431163,0.12709396996082584,continuous_theory_from_H0
0.01,0.009000000000000001,24.94424566950296,0.12677383401634015,continuous_theory_from_H0
0.01,0.009000000000000001,25.007077522574754,0.12645530679519357,continuous_theory_from_H0
0.01,0.009000000000000001,25.06990937564655,0.12613837620172189,continuous_theory_from_H0
0.01,0.009000000000000001,25.132741228718345,0.1258230302612176,continuous_theory_from_H0
0.01,0.009000000000000001,25.19557308179014,0.12550925711842154,continuous_theory_from_H0
0.01,0.009000000000000001,25.258404934861936,0.1251970450360374,continuous_theory_from_H0
0.01,0.009000000000000001,25.32123678793373,0.12488638239326809,continuous_theory_from_H0
0.01,0.009000000000000001,25.384068641005527,0.12457725768437386,continuous_theory_from_H0
0.01,0.009000000000000001,25.446900494077322,0.12426965951725195,continuous_theory_from_H0
0.01,0.009000000000000001,25.50973234714912,0.12396357661203702,continuous_theory_from_H0
0.01,0.009000000000000001,25.572564200220917,0.12365899779972243,continuous_theory_from_H0
0.01,0.009000000000000001,25.635396053292713,0.12335591202080155,continuous_theory_from_H0
0.01,0.009000000000000001,25.698227906364508,0.12305430832392918,continuous_theory_from_H0
0.01,0.009000000000000001,25.761059759436304,0.12275417586460252,continuous_theory_from_H0
0.01,0.009000000000000001,25.8238916125081,0.12245550390386141,continuous_theory_from_H0
0.01,0.009000000000000001,25.886723465579895,0.12215828180700737,continuous_theory_from_H0
0.01,0.009000000000000001,25.94955531865169,0.1218624990423415,continuous_theory_from_H0
0.01,0.009000000000000001,26.012387171723486,0.12156814517992039,continuous_theory_from_H0
0.01,0.009000000000000001,26.075219024795285,0.12127520989033021,continuous_theory_from_H0
0.01,0.009000000000000001,26.13805087786708,0.12098368294347846,continuous_theory_from_H0
0.01,0.009000000000000001,26.200882730938876,0.12069355420740296,continuous_theory_from_H0
0.01,0.009000000000000001,26.26371458401067,0.12040481364709818,continuous_theory_from_H0
0.01,0.009000000000000001,26.326546437082467,0.12011745132335809,continuous_theory_from_H0
0.01,0.009000000000000001,26.389378290154262,0.1198314573916358,continuous_theory_from_H0
0.01,0.009000000000000001,26.452210143226058,0.11954682210091933,continuous_theory_from_H0
0.01,0.009000000000000001,26.515041996297853,0.11926353579262332,continuous_theory_from_H0
0.01,0.009000000000000001,26.57787384936965,0.11898158889949655,continuous_theory_from_H0
0.01,0.009000000000000001,26.640705702441448,0.11870097194454489,continuous_theory_from_H0
0.01,0.009000000000000001,26.70353755551324,0.1184216755399695,continuous_theory_from_H0
0.01,0.009000000000000001,26.76636940858504,0.1181436903861198,continuous_theory_from_H0
0.01,0.009000000000000001,26.829201261656834,0.11786700727046144,continuous_theory_from_H0
0.01,0.009000000000000001,26.89203311472863,0.1175916170665585,continuous_theory_from_H0
0.01,0.009000000000000001,26.954864967800425,0.11731751073307001,continuous_theory_from_H0
0.01,0.009000000000000001,27.01769682087222,0.11704467931276055,continuous_theory_from_H0
0.01,0.009000000000000001,27.080528673944016,0.11677311393152445,continuous_theory_from_H0
0.01,0.009000000000000001,27.143360527015812,0.1165028057974237,continuous_theory_from_H0
0.01,0.009000000000000001,27.20619238008761,0.11623374619973911,continuous_theory_from_H0
0.01,0.009000000000000001,27.269024233159403,0.11596592650803465,continuous_theory_from_H0
0.01,0.009000000000000001,27.331856086231202,0.11569933817123455,continuous_theory_from_H0
0.01,0.009000000000000001,27.394687939302994,0.1154339727167134,continuous_theory_from_H0
0.01,0.009000000000000001,27.457519792374793,0.11516982174939826,continuous_theory_from_H0
0.01,0.009000000000000001,27.52035164544659,0.11490687695088364,continuous_theory_from_H0
0.01,0.009000000000000001,27.583183498518384,0.11464513007855817,continuous_theory_from_H0
0.01,0.009000000000000001,27.64601535159018,0.11438457296474326,continuous_theory_from_H0
0.01,0.009000000000000001,27.708847204661975,0.11412519751584363,continuous_theory_from_H0
0.01,0.009000000000000001,27.771679057733774,0.11386699571150911,continuous_theory_from_H0
0.01,0.009000000000000001,27.834510910805566,0.11360995960380821,continuous_theory_from_H0
0.01,0.009000000000000001,27.897342763877365,0.11335408131641224,continuous_theory_from_H0
0.01,0.009000000000000001,27.960174616949157,0.11309935304379111,continuous_theory_from_H0
0.01,0.009000000000000001,28.023006470020956,0.11284576705041936,continuous_theory_from_H0
0.01,0.009000000000000001,28.085838323092748,0.1125933156699934,continuous_theory_from_H0
0.01,0.009000000000000001,28.148670176164547,0.11234199130465856,continuous_theory_from_H0
0.01,0.009000000000000001,28.211502029236343,0.1120917864242473,continuous_theory_from_H0
0.01,0.009000000000000001,28.274333882308138,0.11184269356552676,continuous_theory_from_H0
0.01,0.009000000000000001,28.337165735379937,0.11159470533145682,continuous_theory_from_H0
0.01,0.009000000000000001,28.39999758845173,0.11134781439045804,continuous_theory_from_H0
0.01,0.009000000000000001,28.462829441523528,0.11110201347568881,continuous_theory_from_H0
0.01,0.009000000000000001,28.52566129459532,0.11085729538433269,continuous_theory_from_H0
0.01,0.009000000000000001,28.58849314766712,0.11061365297689457,continuous_theory_from_H0
0.01,0.009000000000000001,28.65132500073891,0.11037107917650667,continuous_theory_from_H0
0.01,0.009000000000000001,28.71415685381071,0.11012956696824296,continuous_theory_from_H0
0.01,0.009000000000000001,28.776988706882502,0.10988910939844332,continuous_theory_from_H0
0.01,0.009000000000000001,28.8398205599543,0.10964969957404584,continuous_theory_from_H0
0.01,0.009000000000000001,28.9026524130261,0.10941133066192832,continuous_theory_from_H0
0.01,0.009000000000000001,28.965484266097892,0.10917399588825821,continuous_theory_from_H0
0.01,0.009000000000000001,29.02831611916969,0.10893768853785071,continuous_theory_from_H0
0.01,0.009000000000000001,29.091147972241483,0.10870240195353573,continuous_theory_from_H0
0.01,0.009000000000000001,29.153979825313282,0.1084681295355324,continuous_theory_from_H0
0.01,0.009000000000000001,29.216811678385074,0.10823486474083234,continuous_theory_from_H0
0.01,0.009000000000000001,29.279643531456873,0.1080026010825902,continuous_theory_from_H0
0.01,0.009000000000000001,29.342475384528665,0.10777133212952257,continuous_theory_from_H0
0.01,0.009000000000000001,29.405307237600464,0.10754105150531418,continuous_theory_from_H0
0.01,0.009000000000000001,29.468139090672256,0.10731175288803207,continuous_theory_from_H0
0.01,0.009000000000000001,29.530970943744055,0.10708343000954688,continuous_theory_from_H0
0.01,0.009000000000000001,29.593802796815854,0.10685607665496186,continuous_theory_from_H0
0.01,0.009000000000000001,29.656634649887646,0.1066296866620488,continuous_theory_from_H0
0.01,0.009000000000000001,29.719466502959445,0.10640425392069142,continuous_theory_from_H0
0.01,0.009000000000000001,29.782298356031237,0.10617977237233553,continuous_theory_from_H0
0.01,0.009000000000000001,29.845130209103036,0.10595623600944638,continuous_theory_from_H0
0.01,0.009000000000000001,29.90796206217483,0.10573363887497278,continuous_theory_from_H0
0.01,0.009000000000000001,29.970793915246627,0.10551197506181768,continuous_theory_from_H0
0.01,0.009000000000000001,30.03362576831842,0.105291238712316,continuous_theory_from_H0
0.01,0.009000000000000001,30.09645762139022,0.10507142401771824,continuous_theory_from_H0
0.01,0.009000000000000001,30.15928947446201,0.10485252521768133,continuous_theory_from_H0
0.01,0.009000000000000001,30.22212132753381,0.10463453659976514,continuous_theory_from_H0
0.01,0.009000000000000001,30.28495318060561,0.10441745249893575,continuous_theory_from_H0
0.01,0.009000000000000001,30.3477850336774,0.10420126729707462,continuous_theory_from_H0
0.01,0.009000000000000001,30.4106168867492,0.10398597542249387,continuous_theory_from_H0
0.01,0.009000000000000001,30.47344873982099,0.10377157134945782,continuous_theory_from_H0
0.01,0.009000000000000001,30.53628059289279,0.10355804959770995,continuous_theory_from_H0
0.01,0.009000000000000001,30.599112445964582,0.10334540473200625,continuous_theory_from_H0
0.01,0.009000000000000001,30.66194429903638,0.10313363136165377,continuous_theory_from_H0
0.01,0.009000000000000001,30.724776152108173,0.10292272414005531,continuous_theory_from_H0
0.01,0.009000000000000001,30.787608005179973,0.10271267776425926,continuous_theory_from_H0
0.01,0.009000000000000001,30.85043985825177,0.10250348697451535,continuous_theory_from_H0
0.01,0.009000000000000001,30.913271711323564,0.10229514655383544,continuous_theory_from_H0
0.01,0.009000000000000001,30.976103564395363,0.1020876513275599,continuous_theory_from_H0
0.01,0.009000000000000001,31.038935417467155,0.10188099616292923,continuous_theory_from_H0
0.01,0.009000000000000001,31.101767270538954,0.10167517596866069,continuous_theory_from_H0
0.01,0.009000000000000001,31.164599123610746,0.10147018569453033,continuous_theory_from_H0
0.01,0.009000000000000001,31.227430976682545,0.10126602033095983,continuous_theory_from_H0
0.01,0.009000000000000001,31.290262829754337,0.10106267490860851,continuous_theory_from_H0
0.01,0.009000000000000001,31.353094682826136,0.10086014449797001,continuous_theory_from_H0
0.01,0.009000000000000001,31.415926535897928,0.10065842420897408,continuous_theory_from_H0
0.01,0.009000000000000001,31.478758388969727,0.10045750919059289,continuous_theory_from_H0
0.01,0.009000000000000001,31.541590242041526,0.10025739463045226,continuous_theory_from_H0
0.01,0.009000000000000001,31.604422095113318,0.1000580757544474,continuous_theory_from_H0
0.01,0.009000000000000001,31.667253948185117,0.09985954782636318,continuous_theory_from_H0
0.01,0.009000000000000001,31.73008580125691,0.09966180614749909,continuous_theory_from_H0
0.01,0.009000000000000001,31.792917654328708,0.09946484605629849,continuous_theory_from_H0
0.01,0.009000000000000001,31.8557495074005,0.09926866292798232,continuous_theory_from_H0
0.01,0.009000000000000001,31.9185813604723,0.09907325217418707,continuous_theory_from_H0
0.01,0.009000000000000001,31.98141321354409,0.09887860924260716,continuous_theory_from_H0
0.01,0.009000000000000001,32.04424506661589,0.09868472961664124,continuous_theory_from_H0
0.01,0.009000000000000001,32.107076919687685,0.09849160881504312,continuous_theory_from_H0
0.01,0.009000000000000001,32.169908772759484,0.09829924239157622,continuous_theory_from_H0
0.01,0.009000000000000001,32.232740625831276,0.09810762593467258,continuous_theory_from_H0
0.01,0.009000000000000001,32.295572478903075,0.0979167550670954,continuous_theory_from_H0
0.01,0.009000000000000001,32.35840433197487,0.0977266254456059,continuous_theory_from_H0
0.01,0.009000000000000001,32.421236185046666,0.0975372327606338,continuous_theory_from_H0
0.01,0.009000000000000001,32.484068038118465,0.0973485727359517,continuous_theory_from_H0
0.01,0.009000000000000001,32.54689989119026,0.09716064112835335,continuous_theory_from_H0
0.01,0.009000000000000001,32.60973174426206,0.09697343372733531,continuous_theory_from_H0
0.01,0.009000000000000001,32.67256359733385,0.09678694635478276,continuous_theory_from_H0
0.01,0.009000000000000001,32.73539545040565,0.09660117486465841,continuous_theory_from_H0
0.01,0.009000000000000001,32.79822730347744,0.09641611514269548,continuous_theory_from_H0
0.01,0.009000000000000001,32.86105915654924,0.09623176310609376,continuous_theory_from_H0
0.01,0.009000000000000001,32.92389100962103,0.09604811470321954,continuous_theory_from_H0
0.01,0.009000000000000001,32.98672286269283,0.09586516591330864,continuous_theory_from_H0
0.01,0.009000000000000001,33.04955471576463,0.09568291274617306,continuous_theory_from_H0
0.01,0.009000000000000001,33.11238656883642,0.09550135124191089,continuous_theory_from_H0
0.01,0.009000000000000001,33.17521842190822,0.09532047747061938,continuous_theory_from_H0
0.01,0.009000000000000001,33.23805027498001,0.09514028753211161,continuous_theory_from_H0
0.01,0.009000000000000001,33.30088212805181,0.09496077755563591,continuous_theory_from_H0
0.01,0.009000000000000001,33.3637139811236,0.09478194369959896,continuous_theory_from_H0
0.01,0.009000000000000001,33.4265458341954,0.09460378215129141,continuous_theory_from_H0
0.01,0.009000000000000001,33.48937768726719,0.09442628912661732,continuous_theory_from_H0
0.01,0.009000000000000001,33.55220954033899,0.0942494608698259,continuous_theory_from_H0
0.01,0.009000000000000001,33.61504139341079,0.09407329365324678,continuous_theory_from_H0
0.01,0.009000000000000001,33.677873246482584,0.09389778377702805,continuous_theory_from_H0
0.01,0.009000000000000001,33.74070509955438,0.09372292756887715,continuous_theory_from_H0
0.01,0.009000000000000001,33.803536952626175,0.0935487213838049,continuous_theory_from_H0
0.01,0.009000000000000001,33.866368805697974,0.09337516160387203,continuous_theory_from_H0
0.01,0.009000000000000001,33.929200658769766,0.09320224463793896,continuous_theory_from_H0
0.01,0.009000000000000001,33.992032511841565,0.09302996692141781,continuous_theory_from_H0
0.01,0.009000000000000001,34.05486436491336,0.09285832491602775,continuous_theory_from_H0
0.01,0.009000000000000001,34.117696217985156,0.09268731510955255,continuous_theory_from_H0
0.01,0.009000000000000001,34.180528071056955,0.09251693401560115,continuous_theory_from_H0
0.01,0.009000000000000001,34.24335992412875,0.0923471781733707,continuous_theory_from_H0
0.01,0.009000000000000001,34.306191777200546,0.09217804414741214,continuous_theory_from_H0
0.01,0.009000000000000001,34.36902363027234,0.0920095285273986,continuous_theory_from_H0
0.01,0.009000000000000001,34.43185548334414,0.09184162792789605,continuous_theory_from_H0
0.01,0.009000000000000001,34.49468733641593,0.09167433898813668,continuous_theory_from_H0
0.01,0.009000000000000001,34.55751918948773,0.0915076583717946,continuous_theory_from_H0
0.01,0.009000000000000001,34.62035104255952,0.09134158276676413,continuous_theory_from_H0
0.01,0.009000000000000001,34.68318289563132,0.09117610888494027,continuous_theory_from_H0
0.01,0.009000000000000001,34.74601474870311,0.09101123346200188,continuous_theory_from_H0
0.01,0.009000000000000001,34.80884660177491,0.09084695325719681,continuous_theory_from_H0
0.01,0.009000000000000001,34.87167845484671,0.09068326505312978,continuous_theory_from_H0
0.01,0.009000000000000001,34.9345103079185,0.09052016565555222,continuous_theory_from_H0
0.01,0.009000000000000001,34.9973421609903,0.09035765189315445,continuous_theory_from_H0
0.01,0.009000000000000001,35.06017401406209,0.09019572061736028,continuous_theory_from_H0
0.01,0.009000000000000001,35.12300586713389,0.09003436870212349,continuous_theory_from_H0
0.01,0.009000000000000001,35.18583772020568,0.08987359304372684,continuous_theory_from_H0
0.01,0.009000000000000001,35.24866957327748,0.08971339056058295,continuous_theory_from_H0
0.01,0.009000000000000001,35.311501426349274,0.08955375819303743,continuous_theory_from_H0
0.01,0.009000000000000001,35.37433327942107,0.08939469290317412,continuous_theory_from_H0
0.01,0.009000000000000001,35.437165132492865,0.0892361916746224,continuous_theory_from_H0
0.01,0.009000000000000001,35.499996985564664,0.08907825151236644,continuous_theory_from_H0
0.01,0.009000000000000001,35.56282883863646,0.08892086944255659,continuous_theory_from_H0
0.01,0.009000000000000001,35.625660691708255,0.08876404251232281,continuous_theory_from_H0
0.01,0.009000000000000001,35.688492544780054,0.08860776778958986,continuous_theory_from_H0
0.01,0.009000000000000001,35.751324397851846,0.08845204236289461,continuous_theory_from_H0
0.01,0.009000000000000001,35.814156250923645,0.08829686334120532,continuous_theory_from_H0
0.01,0.009000000000000001,35.87698810399544,0.08814222785374262,continuous_theory_from_H0
0.01,0.009000000000000001,35.939819957067236,0.0879881330498025,continuous_theory_from_H0
0.01,0.009000000000000001,36.00265181013903,0.08783457609858122,continuous_theory_from_H0
0.01,0.009000000000000001,36.06548366321083,0.0876815541890018,continuous_theory_from_H0
0.01,0.009000000000000001,36.12831551628262,0.08752906452954268,continuous_theory_from_H0
0.01,0.009000000000000001,36.19114736935442,0.08737710434806777,continuous_theory_from_H0
0.01,0.009000000000000001,36.25397922242622,0.08722567089165863,continuous_theory_from_H0
0.01,0.009000000000000001,36.31681107549801,0.08707476142644816,continuous_theory_from_H0
0.01,0.009000000000000001,36.37964292856981,0.08692437323745601,continuous_theory_from_H0
0.01,0.009000000000000001,36.4424747816416,0.08677450362842593,continuous_theory_from_H0
0.01,0.009000000000000001,36.5053066347134,0.08662514992166442,continuous_theory_from_H0
0.01,0.009000000000000001,36.56813848778519,0.08647630945788151,continuous_theory_from_H0
0.01,0.009000000000000001,36.63097034085699,0.08632797959603265,continuous_theory_from_H0
0.01,0.009000000000000001,36.69380219392878,0.08618015771316274,continuous_theory_from_H0
0.01,0.009000000000000001,36.75663404700058,0.08603284120425134,continuous_theory_from_H0
0.01,0.009000000000000001,36.81946590007237,0.0858860274820598,continuous_theory_from_H0
0.01,0.009000000000000001,36.88229775314417,0.08573971397697962,continuous_theory_from_H0
0.01,0.009000000000000001,36.94512960621597,0.0855938981368827,continuous_theory_from_H0
0.01,0.009000000000000001,37.00796145928776,0.0854485774269729,continuous_theory_from_H0
0.01,0.009000000000000001,37.07079331235956,0.08530374932963904,continuous_theory_from_H0
0.01,0.009000000000000001,37.133625165431354,0.08515941134430971,continuous_theory_from_H0
0.01,0.009000000000000001,37.19645701850315,0.08501556098730918,continuous_theory_from_H0
0.01,0.009000000000000001,37.259288871574945,0.08487219579171507,continuous_theory_from_H0
0.01,0.009000000000000001,37.322120724646744,0.08472931330721722,continuous_theory_from_H0
0.01,0.009000000000000001,37.384952577718536,0.08458691109997821,continuous_theory_from_H0
0.01,0.009000000000000001,37.447784430790335,0.08444498675249502,continuous_theory_from_H0
0.01,0.009000000000000001,37.51061628386213,0.08430353786346237,continuous_theory_from_H0
0.01,0.009000000000000001,37.573448136933926,0.08416256204763718,continuous_theory_from_H0
0.01,0.009000000000000001,37.636279990005725,0.08402205693570455,continuous_theory_from_H0
0.01,0.009000000000000001,37.69911184307752,0.08388202017414506,continuous_theory_from_H0
0.01,0.009000000000000001,37.76194369614932,0.08374244942510323,continuous_theory_from_H0
0.01,0.009000000000000001,37.82477554922111,0.08360334236625754,continuous_theory_from_H0
0.01,0.009000000000000001,37.88760740229291,0.08346469669069159,continuous_theory_from_H0
0.01,0.009000000000000001,37.9504392553647,0.08332651010676663,continuous_theory_from_H0
0.01,0.009000000000000001,38.0132711084365,0.0831887803379951,continuous_theory_from_H0
0.01,0.009000000000000001,38.07610296150829,0.08305150512291591,continuous_theory_from_H0
0.01,0.009000000000000001,38.13893481458009,0.0829146822149704,continuous_theory_from_H0
0.01,0.009000000000000001,38.20176666765188,0.08277830938238001,continuous_theory_from_H0
0.01,0.009000000000000001,38.26459852072368,0.0826423844080247,continuous_theory_from_H0
0.01,0.009000000000000001,38.32743037379548,0.082506905089323,continuous_theory_from_H0
0.01,0.009000000000000001,38.39026222686727,0.08237186923811299,continuous_theory_from_H0
0.01,0.009000000000000001,38.45309407993907,0.08223727468053436,continuous_theory_from_H0
0.01,0.009000000000000001,38.51592593301086,0.08210311925691197,continuous_theory_from_H0
0.01,0.009000000000000001,38.57875778608266,0.08196940082164013,continuous_theory_from_H0
0.01,0.009000000000000001,38.64158963915445,0.08183611724306836,continuous_theory_from_H0
0.01,0.009000000000000001,38.70442149222625,0.08170326640338804,continuous_theory_from_H0
0.01,0.009000000000000001,38.767253345298045,0.08157084619852033,continuous_theory_from_H0
0.01,0.009000000000000001,38.830085198369844,0.08143885453800491,continuous_theory_from_H0
0.01,0.009000000000000001,38.89291705144164,0.08130728934489019,continuous_theory_from_H0
0.01,0.009000000000000001,38.955748904513435,0.08117614855562426,continuous_theory_from_H0
0.01,0.009000000000000001,39.018580757585234,0.08104543011994692,continuous_theory_from_H0
0.01,0.009000000000000001,39.081412610657026,0.08091513200078301,continuous_theory_from_H0
0.01,0.009000000000000001,39.144244463728825,0.08078525217413648,continuous_theory_from_H0
0.01,0.009000000000000001,39.20707631680062,0.08065578862898563,continuous_theory_from_H0
0.01,0.009000000000000001,39.269908169872416,0.08052673936717925,continuous_theory_from_H0
0.01,0.009000000000000001,39.33274002294421,0.08039810240333393,continuous_theory_from_H0
0.01,0.009000000000000001,39.39557187601601,0.08026987576473212,continuous_theory_from_H0
0.01,0.009000000000000001,39.4584037290878,0.0801420574912214,continuous_theory_from_H0
0.01,0.009000000000000001,39.5212355821596,0.08001464563511453,continuous_theory_from_H0
0.01,0.009000000000000001,39.5840674352314,0.07988763826109052,continuous_theory_from_H0
0.01,0.009000000000000001,39.64689928830319,0.07976103344609674,continuous_theory_from_H0
0.01,0.009000000000000001,39.70973114137499,0.07963482927925164,continuous_theory_from_H0
0.01,0.009000000000000001,39.77256299444678,0.07950902386174888,continuous_theory_from_H0
0.01,0.009000000000000001,39.83539484751858,0.07938361530676188,continuous_theory_from_H0
0.01,0.009000000000000001,39.89822670059037,0.07925860173934966,continuous_theory_from_H0
0.01,0.009000000000000001,39.96105855366217,0.07913398129636326,continuous_theory_from_H0
0.01,0.009000000000000001,40.02389040673396,0.07900975212635328,continuous_theory_from_H0
0.01,0.009000000000000001,40.08672225980576,0.0788859123894781,continuous_theory_from_H0
0.01,0.009000000000000001,40.14955411287755,0.07876246025741321,continuous_theory_from_H0
0.01,0.009000000000000001,40.21238596594935,0.078639393913261,continuous_theory_from_H0
0.01,0.009000000000000001,40.27521781902115,0.07851671155146182,continuous_theory_from_H0
0.01,0.009000000000000001,40.33804967209294,0.07839441137770567,continuous_theory_from_H0
0.01,0.009000000000000001,40.40088152516474,0.07827249160884453,continuous_theory_from_H0
0.01,0.009000000000000001,40.463713378236534,0.07815095047280596,continuous_theory_from_H0
0.01,0.009000000000000001,40.52654523130833,0.07802978620850702,continuous_theory_from_H0
0.01,0.009000000000000001,40.589377084380125,0.07790899706576941,continuous_theory_from_H0
0.01,0.009000000000000001,40.652208937451924,0.07778858130523499,continuous_theory_from_H0
0.01,0.009000000000000001,40.715040790523716,0.07766853719828247,continuous_theory_from_H0
0.01,0.009000000000000001,40.777872643595515,0.07754886302694458,continuous_theory_from_H0
0.01,0.009000000000000001,40.84070449666731,0.07742955708382622,continuous_theory_from_H0
0.01,0.009000000000000001,40.903536349739106,0.0773106176720231,continuous_theory_from_H0
0.01,0.009000000000000001,40.9663682028109,0.07719204310504146,continuous_theory_from_H0
0.01,0.009000000000000001,41.029200055882704,0.07707383170671826,continuous_theory_from_H0
0.01,0.009000000000000001,41.092031908954496,0.07695598181114224,continuous_theory_from_H0
0.01,0.009000000000000001,41.15486376202629,0.07683849176257564,continuous_theory_from_H0
0.01,0.009000000000000001,41.21769561509808,0.0767213599153766,continuous_theory_from_H0
0.01,0.009000000000000001,41.280527468169886,0.07660458463392242,continuous_theory_from_H0
0.01,0.009000000000000001,41.34335932124168,0.07648816429253348,continuous_theory_from_H0
0.01,0.009000000000000001,41.40619117431347,0.07637209727539764,continuous_theory_from_H0
0.01,0.009000000000000001,41.46902302738526,0.07625638197649552,continuous_theory_from_H0
0.01,0.009000000000000001,41.53185488045707,0.07614101679952652,continuous_theory_from_H0
0.01,0.009000000000000001,41.59468673352886,0.07602600015783541,continuous_theory_from_H0
0.01,0.009000000000000001,41.65751858660065,0.07591133047433943,continuous_theory_from_H0
0.01,0.009000000000000001,41.72035043967246,0.07579700618145638,continuous_theory_from_H0
0.01,0.009000000000000001,41.78318229274425,0.07568302572103314,continuous_theory_from_H0
0.01,0.009000000000000001,41.84601414581604,0.07556938754427484,continuous_theory_from_H0
0.01,0.009000000000000001,41.908845998887834,0.07545609011167473,continuous_theory_from_H0
0.01,0.009000000000000001,41.97167785195964,0.07534313189294466,continuous_theory_from_H0
0.01,0.009000000000000001,42.03450970503143,0.07523051136694625,continuous_theory_from_H0
0.01,0.009000000000000001,42.097341558103224,0.07511822702162245,continuous_theory_from_H0
0.01,0.009000000000000001,42.160173411175016,0.07500627735393002,continuous_theory_from_H0
0.01,0.009000000000000001,42.22300526424682,0.07489466086977237,continuous_theory_from_H0
0.01,0.009000000000000001,42.285837117318614,0.07478337608393319,continuous_theory_from_H0
0.01,0.009000000000000001,42.348668970390406,0.07467242152001045,continuous_theory_from_H0
0.01,0.009000000000000001,42.41150082346221,0.07456179571035115,continuous_theory_from_H0
0.01,0.009000000000000001,42.474332676534004,0.07445149719598675,continuous_theory_from_H0
0.01,0.009000000000000001,42.537164529605796,0.07434152452656874,continuous_theory_from_H0
0.01,0.009000000000000001,42.59999638267759,0.07423187626030538,continuous_theory_from_H0
0.01,0.009000000000000001,42.662828235749394,0.07412255096389843,continuous_theory_from_H0
0.01,0.009000000000000001,42.725660088821186,0.07401354721248093,continuous_theory_from_H0
0.01,0.009000000000000001,42.78849194189298,0.07390486358955513,continuous_theory_from_H0
0.01,0.009000000000000001,42.85132379496477,0.07379649868693115,continuous_theory_from_H0
0.01,0.009000000000000001,42.91415564803658,0.07368845110466624,continuous_theory_from_H0
0.01,0.009000000000000001,42.97698750110837,0.07358071945100444,continuous_theory_from_H0
0.01,0.009000000000000001,43.03981935418016,0.07347330234231686,continuous_theory_from_H0
0.01,0.009000000000000001,43.10265120725197,0.07336619840304232,continuous_theory_from_H0
0.01,0.009000000000000001,43.16548306032376,0.07325940626562888,continuous_theory_from_H0
0.01,0.009000000000000001,43.22831491339555,0.07315292457047534,continuous_theory_from_H0
0.01,0.009000000000000001,43.29114676646734,0.07304675196587379,continuous_theory_from_H0
0.01,0.009000000000000001,43.35397861953915,0.07294088710795223,continuous_theory_from_H0
0.01,0.009000000000000001,43.41681047261094,0.072835328660618,continuous_theory_from_H0
0.01,0.009000000000000001,43.47964232568273,0.0727300752955015,continuous_theory_from_H0
0.01,0.009000000000000001,43.54247417875453,0.0726251256919005,continuous_theory_from_H0
0.01,0.009000000000000001,43.60530603182633,0.07252047853672483,continuous_theory_from_H0
0.01,0.009000000000000001,43.66813788489812,0.07241613252444179,continuous_theory_from_H0
0.01,0.009000000000000001,43.730969737969914,0.07231208635702162,continuous_theory_from_H0
0.01,0.009000000000000001,43.79380159104172,0.07220833874388383,continuous_theory_from_H0
0.01,0.009000000000000001,43.85663344411351,0.0721048884018439,continuous_theory_from_H0
0.01,0.009000000000000001,43.919465297185305,0.07200173405506015,continuous_theory_from_H0
0.01,0.009000000000000001,43.9822971502571,0.0718988744349815,continuous_theory_from_H0
0.01,0.009000000000000001,44.0451290033289,0.07179630828029533,continuous_theory_from_H0
0.01,0.009000000000000001,44.107960856400695,0.07169403433687613,continuous_theory_from_H0
0.01,0.009000000000000001,44.17079270947249,0.07159205135773405,continuous_theory_from_H0
0.01,0.009000000000000001,44.233624562544286,0.07149035810296454,continuous_theory_from_H0
0.01,0.009000000000000001,44.296456415616085,0.07138895333969791,continuous_theory_from_H0
0.01,0.009000000000000001,44.35928826868788,0.07128783584204963,continuous_theory_from_H0
0.01,0.009000000000000001,44.42212012175967,0.07118700439107079,continuous_theory_from_H0
0.01,0.009000000000000001,44.484951974831475,0.0710864577746992,continuous_theory_from_H0
0.01,0.009000000000000001,44.54778382790327,0.07098619478771091,continuous_theory_from_H0
0.01,0.009000000000000001,44.61061568097506,0.07088621423167189,continuous_theory_from_H0
0.01,0.009000000000000001,44.67344753404686,0.07078651491489035,continuous_theory_from_H0
0.01,0.009000000000000001,44.73627938711866,0.07068709565236944,continuous_theory_from_H0
0.01,0.009000000000000001,44.79911124019045,0.07058795526576023,continuous_theory_from_H0
0.01,0.009000000000000001,44.86194309326224,0.07048909258331518,continuous_theory_from_H0
0.01,0.009000000000000001,44.92477494633405,0.070390506439842,continuous_theory_from_H0
0.01,0.009000000000000001,44.98760679940584,0.07029219567665787,continuous_theory_from_H0
0.01,0.009000000000000001,45.05043865247763,0.07019415914154399,continuous_theory_from_H0
0.01,0.009000000000000001,45.11327050554942,0.07009639568870062,continuous_theory_from_H0
0.01,0.009000000000000001,45.17610235862123,0.0699989041787024,continuous_theory_from_H0
0.01,0.009000000000000001,45.23893421169302,0.06990168347845421,continuous_theory_from_H0
0.01,0.009000000000000001,45.30176606476481,0.06980473246114707,continuous_theory_from_H0
0.01,0.009000000000000001,45.36459791783661,0.06970805000621474,continuous_theory_from_H0
0.01,0.009000000000000001,45.42742977090841,0.0696116349992905,continuous_theory_from_H0
0.01,0.009000000000000001,45.4902616239802,0.06951548633216442,continuous_theory_from_H0
0.01,0.009000000000000001,0.06283185307179587,0.05487813304284871,initial_noise_theory_from_H0
0.01,0.009000000000000001,0.12566370614359174,0.055087956197380744,initial_noise_theory_from_H0
0.01,0.009000000000000001,0.18849555921538758,0.05566898514124771,initial_noise_theory_from_H0
0.01,0.009000000000000001,0.25132741228718347,0.05631866555908018,initial_noise_theory_from_H0
0.01,0.009000000000000001,0.3141592653589793,0.056799240647364524,initial_noise_theory_from_H0
0.01,0.009000000000000001,0.37699111843077515,0.05661712538058476,initial_noise_theory_from_H0
0.01,0.009000000000000001,0.43982297150257105,0.056427377173549974,initial_noise_theory_from_H0
0.01,0.009000000000000001,0.5026548245743669,0.056164311471429446,initial_noise_theory_from_H0
0.01,0.009000000000000001,0.5654866776461628,0.055575830964079226,initial_noise_theory_from_H0
0.01,0.009000000000000001,0.6283185307179586,0.05579091617184072,initial_noise_theory_from_H0
0.01,0.009000000000000001,0.6911503837897545,0.05555308383281925,initial_noise_theory_from_H0
0.01,0.009000000000000001,0.7539822368615503,0.055327076400131917,initial_noise_theory_from_H0
0.01,0.009000000000000001,0.8168140899333463,0.05597925885112212,initial_noise_theory_from_H0
0.01,0.009000000000000001,0.8796459430051421,0.05599265860354146,initial_noise_theory_from_H0
0.01,0.009000000000000001,0.9424777960769378,0.05585382361194182,initial_noise_theory_from_H0
0.01,0.009000000000000001,1.0053096491487339,0.05578675537617433,initial_noise_theory_from_H0
0.01,0.009000000000000001,1.0681415022205298,0.05562275195331728,initial_noise_theory_from_H0
0.01,0.009000000000000001,1.1309733552923256,0.055198074744357804,initial_noise_theory_from_H0
0.01,0.009000000000000001,1.1938052083641213,0.055357325720569076,initial_noise_theory_from_H0
0.01,0.009000000000000001,1.2566370614359172,0.05527632160381911,initial_noise_theory_from_H0
0.01,0.009000000000000001,1.3194689145077132,0.05501266350361969,initial_noise_theory_from_H0
0.01,0.009000000000000001,1.382300767579509,0.0548624137405229,initial_noise_theory_from_H0
0.01,0.009000000000000001,1.4451326206513047,0.054229778214663606,initial_noise_theory_from_H0
0.01,0.009000000000000001,1.5079644737231006,0.05352752679750051,initial_noise_theory_from_H0
0.01,0.009000000000000001,1.5707963267948966,0.0526826567333667,initial_noise_theory_from_H0
0.01,0.009000000000000001,1.6336281798666925,0.05229009563569951,initial_noise_theory_from_H0
0.01,0.009000000000000001,1.6964600329384882,0.0516381176412996,initial_noise_theory_from_H0
0.01,0.009000000000000001,1.7592918860102842,0.05109346738157477,initial_noise_theory_from_H0
0.01,0.009000000000000001,1.8221237390820801,0.05049469477563109,initial_noise_theory_from_H0
0.01,0.009000000000000001,1.8849555921538756,0.049609173206432884,initial_noise_theory_from_H0
0.01,0.009000000000000001,1.9477874452256716,0.04865932401219968,initial_noise_theory_from_H0
0.01,0.009000000000000001,2.0106192982974678,0.047751496831550486,initial_noise_theory_from_H0
0.01,0.009000000000000001,2.0734511513692637,0.046807123727648114,initial_noise_theory_from_H0
0.01,0.009000000000000001,2.1362830044410597,0.045655310981664136,initial_noise_theory_from_H0
0.01,0.009000000000000001,2.199114857512855,0.04465539882076981,initial_noise_theory_from_H0
0.01,0.009000000000000001,2.261946710584651,0.04334761638868097,initial_noise_theory_from_H0
0.01,0.009000000000000001,2.324778563656447,0.04207759545021664,initial_noise_theory_from_H0
0.01,0.009000000000000001,2.3876104167282426,0.04061673349787849,initial_noise_theory_from_H0
0.01,0.009000000000000001,2.4504422698000385,0.03925878190072342,initial_noise_theory_from_H0
0.01,0.009000000000000001,2.5132741228718345,0.03797127963982701,initial_noise_theory_from_H0
0.01,0.009000000000000001,2.57610597594363,0.036565796397768593,initial_noise_theory_from_H0
0.01,0.009000000000000001,2.6389378290154264,0.035134959822312184,initial_noise_theory_from_H0
0.01,0.009000000000000001,2.701769682087222,0.033445653790265255,initial_noise_theory_from_H0
0.01,0.009000000000000001,2.764601535159018,0.03172076964504966,initial_noise_theory_from_H0
0.01,0.009000000000000001,2.827433388230814,0.02993843517562623,initial_noise_theory_from_H0
0.01,0.009000000000000001,2.8902652413026093,0.028236047898855806,initial_noise_theory_from_H0
0.01,0.009000000000000001,2.9530970943744057,0.02654581262475697,initial_noise_theory_from_H0
0.01,0.009000000000000001,3.015928947446201,0.02481468543265605,initial_noise_theory_from_H0
0.01,0.009000000000000001,3.078760800517997,0.023103954833486748,initial_noise_theory_from_H0
0.01,0.009000000000000001,3.141592653589793,0.02135644159975501,initial_noise_theory_from_H0
0.01,0.009000000000000001,3.204424506661589,0.01971879875408855,initial_noise_theory_from_H0
0.01,0.009000000000000001,3.267256359733385,0.018073039362524697,initial_noise_theory_from_H0
0.01,0.009000000000000001,3.330088212805181,0.016551121122325655,initial_noise_theory_from_H0
0.01,0.009000000000000001,3.3929200658769765,0.015053992917864021,initial_noise_theory_from_H0
0.01,0.009000000000000001,3.4557519189487724,0.013581402779636249,initial_noise_theory_from_H0
0.01,0.009000000000000001,3.5185837720205684,0.012257959463495553,initial_noise_theory_from_H0
0.01,0.009000000000000001,3.581415625092364,0.010933325475003256,initial_noise_theory_from_H0
0.01,0.009000000000000001,3.6442474781641603,0.009744387996688033,initial_noise_theory_from_H0
0.01,0.009000000000000001,3.707079331235956,0.008602028007157808,initial_noise_theory_from_H0
0.01,0.009000000000000001,3.7699111843077513,0.0075293355144121195,initial_noise_theory_from_H0
0.01,0.009000000000000001,3.8327430373795477,0.00656809394759077,initial_noise_theory_from_H0
0.01,0.009000000000000001,3.895574890451343,0.005675277827676716,initial_noise_theory_from_H0
0.01,0.009000000000000001,3.9584067435231396,0.004887439060028556,initial_noise_theory_from_H0
0.01,0.009000000000000001,4.0212385965949355,0.004180609426511189,initial_noise_theory_from_H0
0.01,0.009000000000000001,4.084070449666731,0.003541146257797933,initial_noise_theory_from_H0
0.01,0.009000000000000001,4.1469023027385274,0.0029722631549421643,initial_noise_theory_from_H0
0.01,0.009000000000000001,4.209734155810323,0.002470810474949761,initial_noise_theory_from_H0
0.01,0.009000000000000001,4.272566008882119,0.002033439429720326,initial_noise_theory_from_H0
0.01,0.009000000000000001,4.335397861953915,0.001661771304146919,initial_noise_theory_from_H0
0.01,0.009000000000000001,4.39822971502571,0.0013499289500242127,initial_noise_theory_from_H0
0.01,0.009000000000000001,4.461061568097507,0.0010879817617938969,initial_noise_theory_from_H0
0.01,0.009000000000000001,4.523893421169302,0.0008657573190701742,initial_noise_theory_from_H0
0.01,0.009000000000000001,4.586725274241098,0.0006848611888569682,initial_noise_theory_from_H0
0.01,0.009000000000000001,4.649557127312894,0.0005336264800459489,initial_noise_theory_from_H0
0.01,0.009000000000000001,4.71238898038469,0.00041324036474529,initial_noise_theory_from_H0
0.01,0.009000000000000001,4.775220833456485,0.0003168528973257231,initial_noise_theory_from_H0
0.01,0.009000000000000001,4.838052686528282,0.00023926763536370524,initial_noise_theory_from_H0
0.01,0.009000000000000001,4.900884539600077,0.00018021032864716543,initial_noise_theory_from_H0
0.01,0.009000000000000001,4.9637163926718735,0.0001330546948304074,initial_noise_theory_from_H0
0.01,0.009000000000000001,5.026548245743669,9.770325178612511e-05,initial_noise_theory_from_H0
0.01,0.009000000000000001,5.0893800988154645,7.085146721917782e-05,initial_noise_theory_from_H0
0.01,0.009000000000000001,5.15221195188726,5.059543337624052e-05,initial_noise_theory_from_H0
0.01,0.009000000000000001,5.215043804959057,3.579282472048441e-05,initial_noise_theory_from_H0
0.01,0.009000000000000001,5.277875658030853,2.488730891998483e-05,initial_noise_theory_from_H0
0.01,0.009000000000000001,5.340707511102648,1.710314061587432e-05,initial_noise_theory_from_H0
0.01,0.009000000000000001,5.403539364174444,1.156852684501285e-05,initial_noise_theory_from_H0
0.01,0.009000000000000001,5.466371217246239,7.738548832490776e-06,initial_noise_theory_from_H0
0.01,0.009000000000000001,5.529203070318036,5.106529322038157e-06,initial_noise_theory_from_H0
0.01,0.009000000000000001,5.592034923389832,3.3348904580632576e-06,initial_noise_theory_from_H0
0.01,0.009000000000000001,5.654866776461628,2.1432872059379953e-06,initial_noise_theory_from_H0
0.01,0.009000000000000001,5.717698629533423,1.357038344050777e-06,initial_noise_theory_from_H0
0.01,0.009000000000000001,5.780530482605219,8.456598417931737e-07,initial_noise_theory_from_H0
0.01,0.009000000000000001,5.843362335677015,5.169518110550634e-07,initial_noise_theory_from_H0
0.01,0.009000000000000001,5.906194188748811,3.1232590552000085e-07,initial_noise_theory_from_H0
0.01,0.009000000000000001,5.969026041820607,1.8514028529535743e-07,initial_noise_theory_from_H0
0.01,0.009000000000000001,6.031857894892402,1.0813738502848963e-07,initial_noise_theory_from_H0
0.01,0.009000000000000001,6.094689747964199,6.219976904464434e-08,initial_noise_theory_from_H0
0.01,0.009000000000000001,6.157521601035994,3.5042387677005414e-08,initial_noise_theory_from_H0
0.01,0.009000000000000001,6.220353454107791,1.9460151627957043e-08,initial_noise_theory_from_H0
0.01,0.009000000000000001,6.283185307179586,1.0582515949311352e-08,initial_noise_theory_from_H0
0.01,0.009000000000000001,6.346017160251382,5.645867439673244e-09,initial_noise_theory_from_H0
0.01,0.009000000000000001,6.408849013323178,2.953346510177463e-09,initial_noise_theory_from_H0
0.01,0.009000000000000001,6.471680866394974,1.517209997531228e-09,initial_noise_theory_from_H0
0.01,0.009000000000000001,6.53451271946677,7.642054244814752e-10,initial_noise_theory_from_H0
0.01,0.009000000000000001,6.5973445725385655,3.77115496751381e-10,initial_noise_theory_from_H0
0.01,0.009000000000000001,6.660176425610362,1.8302520345957471e-10,initial_noise_theory_from_H0
0.01,0.009000000000000001,6.7230082786821574,8.670751698785653e-11,initial_noise_theory_from_H0
0.01,0.009000000000000001,6.785840131753953,4.037678308647665e-11,initial_noise_theory_from_H0
0.01,0.009000000000000001,6.8486719848257485,1.8362120384178702e-11,initial_noise_theory_from_H0
0.01,0.009000000000000001,6.911503837897545,8.181318749322938e-12,initial_noise_theory_from_H0
0.01,0.009000000000000001,6.974335690969341,3.5679966703853082e-12,initial_noise_theory_from_H0
0.01,0.009000000000000001,7.037167544041137,1.5188661328033773e-12,initial_noise_theory_from_H0
0.01,0.009000000000000001,7.099999397112932,6.344587023697718e-13,initial_noise_theory_from_H0
0.01,0.009000000000000001,7.162831250184728,2.5828178957490684e-13,initial_noise_theory_from_H0
0.01,0.009000000000000001,7.225663103256525,1.0256159980374142e-13,initial_noise_theory_from_H0
0.01,0.009000000000000001,7.288494956328321,3.978026259272711e-14,initial_noise_theory_from_H0
0.01,0.009000000000000001,7.351326809400116,1.5039710726437338e-14,initial_noise_theory_from_H0
0.01,0.009000000000000001,7.414158662471912,5.5469565330110146e-15,initial_noise_theory_from_H0
0.01,0.009000000000000001,7.476990515543707,1.9939633682506895e-15,initial_noise_theory_from_H0
0.01,0.009000000000000001,7.539822368615503,6.970174057637655e-16,initial_noise_theory_from_H0
0.01,0.009000000000000001,7.6026542216873,2.3765035828599844e-16,initial_noise_theory_from_H0
0.01,0.009000000000000001,7.665486074759095,7.887045740220127e-17,initial_noise_theory_from_H0
0.01,0.009000000000000001,7.728317927830891,2.549597348395824e-17,initial_noise_theory_from_H0
0.01,0.009000000000000001,7.791149780902686,8.031576573810279e-18,initial_noise_theory_from_H0
0.01,0.009000000000000001,7.853981633974482,2.4618781018076512e-18,initial_noise_theory_from_H0
0.01,0.009000000000000001,7.916813487046279,7.335233609500329e-19,initial_noise_theory_from_H0
0.01,0.009000000000000001,7.979645340118075,2.1180514991366948e-19,initial_noise_theory_from_H0
0.01,0.009000000000000001,8.042477193189871,5.947076070224577e-20,initial_noise_theory_from_H0
0.01,0.009000000000000001,8.105309046261667,1.6189478884033962e-20,initial_noise_theory_from_H0
0.01,0.009000000000000001,8.168140899333462,4.2815383341774965e-21,initial_noise_theory_from_H0
0.01,0.009000000000000001,8.230972752405258,1.100400916739279e-21,initial_noise_theory_from_H0
0.01,0.009000000000000001,8.293804605477055,2.7400075734910146e-22,initial_noise_theory_from_H0
0.01,0.009000000000000001,8.35663645854885,6.602557859554037e-23,initial_noise_theory_from_H0
0.01,0.009000000000000001,8.419468311620646,1.537500983341044e-23,initial_noise_theory_from_H0
0.01,0.009000000000000001,8.482300164692441,3.473091673295067e-24,initial_noise_theory_from_H0
0.01,0.009000000000000001,8.545132017764239,7.589986296264003e-25,initial_noise_theory_from_H0
0.01,0.009000000000000001,8.607963870836034,1.6076920260522954e-25,initial_noise_theory_from_H0
0.01,0.009000000000000001,8.67079572390783,3.286058205532645e-26,initial_noise_theory_from_H0
0.01,0.009000000000000001,8.733627576979625,6.485207116638518e-27,initial_noise_theory_from_H0
0.01,0.009000000000000001,8.79645943005142,1.2361297399036122e-27,initial_noise_theory_from_H0
0.01,0.009000000000000001,8.859291283123216,2.2767857034970924e-28,initial_noise_theory_from_H0
0.01,0.009000000000000001,8.922123136195014,4.054364524762525e-29,initial_noise_theory_from_H0
0.01,0.009000000000000001,8.984954989266809,6.944587326356416e-30,initial_noise_theory_from_H0
0.01,0.009000000000000001,9.047786842338605,1.1512691827961258e-30,initial_noise_theory_from_H0
0.01,0.009000000000000001,9.1106186954104,1.82716596554562e-31,initial_noise_theory_from_H0
0.01,0.009000000000000001,9.173450548482196,2.8004759760500286e-32,initial_noise_theory_from_H0
0.01,0.009000000000000001,9.236282401553993,4.1500135424163315e-33,initial_noise_theory_from_H0
0.01,0.009000000000000001,9.299114254625788,5.880865187006121e-34,initial_noise_theory_from_H0
0.01,0.009000000000000001,9.361946107697584,8.037351382072556e-35,initial_noise_theory_from_H0
0.01,0.009000000000000001,9.42477796076938,1.0541208574894295e-35,initial_noise_theory_from_H0
0.01,0.009000000000000001,9.487609813841175,1.3284402605961227e-36,initial_noise_theory_from_H0
0.01,0.009000000000000001,9.55044166691297,1.6166775376329344e-37,initial_noise_theory_from_H0
0.01,0.009000000000000001,9.613273519984768,1.8838316430303952e-38,initial_noise_theory_from_H0
0.01,0.009000000000000001,9.676105373056563,2.1135289701091546e-39,initial_noise_theory_from_H0
0.01,0.009000000000000001,9.738937226128359,2.2553686881042673e-40,initial_noise_theory_from_H0
0.01,0.009000000000000001,9.801769079200154,2.320406051337555e-41,initial_noise_theory_from_H0
0.01,0.009000000000000001,9.86460093227195,2.2863082449723413e-42,initial_noise_theory_from_H0
0.01,0.009000000000000001,9.927432785343747,2.150903806968672e-43,initial_noise_theory_from_H0
0.01,0.009000000000000001,9.990264638415542,1.9521262166163802e-44,initial_noise_theory_from_H0
0.01,0.009000000000000001,10.053096491487338,1.6874626228670765e-45,initial_noise_theory_from_H0
0.01,0.009000000000000001,10.115928344559133,1.4043279934934278e-46,initial_noise_theory_from_H0
0.01,0.009000000000000001,10.178760197630929,1.116607331427423e-47,initial_noise_theory_from_H0
0.01,0.009000000000000001,10.241592050702724,8.509865522931681e-49,initial_noise_theory_from_H0
0.01,0.009000000000000001,10.30442390377452,6.251686874309077e-50,initial_noise_theory_from_H0
0.01,0.009000000000000001,10.367255756846316,4.3788711828775055e-51,initial_noise_theory_from_H0
0.01,0.009000000000000001,10.430087609918115,2.9627750408027826e-52,initial_noise_theory_from_H0
0.01,0.009000000000000001,10.49291946298991,1.9255754424199737e-53,initial_noise_theory_from_H0
0.01,0.009000000000000001,10.555751316061706,1.2041577978841792e-54,initial_noise_theory_from_H0
0.01,0.009000000000000001,10.618583169133501,7.282540214046177e-56,initial_noise_theory_from_H0
0.01,0.009000000000000001,10.681415022205297,4.2162630506214747e-57,initial_noise_theory_from_H0
0.01,0.009000000000000001,10.744246875277092,2.3499008399068908e-58,initial_noise_theory_from_H0
0.01,0.009000000000000001,10.807078728348888,1.2624794810107084e-59,initial_noise_theory_from_H0
0.01,0.009000000000000001,10.869910581420683,6.498178587049885e-61,initial_noise_theory_from_H0
0.01,0.009000000000000001,10.932742434492479,3.209066834143112e-62,initial_noise_theory_from_H0
0.01,0.009000000000000001,10.995574287564274,1.5188912665989398e-63,initial_noise_theory_from_H0
0.01,0.009000000000000001,11.058406140636071,6.845892234038012e-65,initial_noise_theory_from_H0
0.01,0.009000000000000001,11.121237993707869,2.945637740500331e-66,initial_noise_theory_from_H0
0.01,0.009000000000000001,11.184069846779664,1.2079267972912363e-67,initial_noise_theory_from_H0
0.01,0.009000000000000001,11.24690169985146,4.684475866575013e-69,initial_noise_theory_from_H0
0.01,0.009000000000000001,11.309733552923255,1.732078612341022e-70,initial_noise_theory_from_H0
0.01,0.009000000000000001,11.37256540599505,6.059265520362231e-72,initial_noise_theory_from_H0
0.01,0.009000000000000001,11.435397259066846,2.0011606156251264e-73,initial_noise_theory_from_H0
0.01,0.009000000000000001,11.498229112138642,6.278428331291285e-75,initial_noise_theory_from_H0
0.01,0.009000000000000001,11.561060965210437,1.8569362254399223e-76,initial_noise_theory_from_H0
0.01,0.009000000000000001,11.623892818282235,5.193270380653191e-78,initial_noise_theory_from_H0
0.01,0.009000000000000001,11.68672467135403,1.3697238471626927e-79,initial_noise_theory_from_H0
0.01,0.009000000000000001,11.749556524425827,3.402057587808279e-81,initial_noise_theory_from_H0
0.01,0.009000000000000001,11.812388377497623,7.975046491476126e-83,initial_noise_theory_from_H0
0.01,0.009000000000000001,11.875220230569418,1.7624194999232436e-84,initial_noise_theory_from_H0
0.01,0.009000000000000001,11.938052083641214,3.6737578921238174e-86,initial_noise_theory_from_H0
0.01,0.009000000000000001,12.00088393671301,7.199941387546268e-88,initial_noise_theory_from_H0
0.01,0.009000000000000001,12.063715789784805,1.323892504816982e-89,initial_noise_theory_from_H0
0.01,0.009000000000000001,12.1265476428566,2.278054814896479e-91,initial_noise_theory_from_H0
0.01,0.009000000000000001,12.189379495928398,3.6839392251176906e-93,initial_noise_theory_from_H0
0.01,0.009000000000000001,12.252211349000193,5.589448491990743e-95,initial_noise_theory_from_H0
0.01,0.009000000000000001,12.315043202071989,7.956605754740814e-97,initial_noise_theory_from_H0
0.01,0.009000000000000001,12.377875055143784,1.0633430151734952e-98,initial_noise_theory_from_H0
0.01,0.009000000000000001,12.440706908215581,1.32764062636539e-100,initial_noise_theory_from_H0
0.01,0.009000000000000001,12.503538761287377,1.5544836188365317e-102,initial_noise_theory_from_H0
0.01,0.009000000000000001,12.566370614359172,1.7014606172914126e-104,initial_noise_theory_from_H0
0.01,0.009000000000000001,12.629202467430968,1.7372143265172167e-106,initial_noise_theory_from_H0
0.01,0.009000000000000001,12.692034320502763,1.6545507801789679e-108,initial_noise_theory_from_H0
0.01,0.009000000000000001,12.75486617357456,1.470638285144417e-110,initial_noise_theory_from_H0
0.01,0.009000000000000001,12.817698026646356,1.216913608365753e-112,initial_noise_theory_from_H0
0.01,0.009000000000000001,12.880529879718152,9.412258562235628e-115,initial_noise_theory_from_H0
0.01,0.009000000000000001,12.943361732789947,6.782323681700292e-117,initial_noise_theory_from_H0
0.01,0.009000000000000001,13.006193585861743,4.534488514581582e-119,initial_noise_theory_from_H0
0.01,0.009000000000000001,13.06902543893354,2.817867569002769e-121,initial_noise_theory_from_H0
0.01,0.009000000000000001,13.131857292005336,1.6246469083572355e-123,initial_noise_theory_from_H0
0.01,0.009000000000000001,13.194689145077131,8.701789299270853e-126,initial_noise_theory_from_H0
0.01,0.009000000000000001,13.257520998148927,4.3327407581818377e-128,initial_noise_theory_from_H0
0.01,0.009000000000000001,13.320352851220724,2.0022364639306247e-130,initial_noise_theory_from_H0
0.01,0.009000000000000001,13.38318470429252,8.558545238230287e-133,initial_noise_theory_from_H0
0.01,0.009000000000000001,13.446016557364315,3.3951646410049917e-135,initial_noise_theory_from_H0
0.01,0.009000000000000001,13.50884841043611,1.2403742243805068e-137,initial_noise_theory_from_H0
0.01,0.009000000000000001,13.571680263507906,4.190653556668004e-140,initial_noise_theory_from_H0
0.01,0.009000000000000001,13.634512116579701,1.3129492308712756e-142,initial_noise_theory_from_H0
0.01,0.009000000000000001,13.697343969651497,3.7789476864459426e-145,initial_noise_theory_from_H0
0.01,0.009000000000000001,13.760175822723294,1.0082431372802437e-147,initial_noise_theory_from_H0
0.01,0.009000000000000001,13.82300767579509,2.4732152980546613e-150,initial_noise_theory_from_H0
0.01,0.009000000000000001,13.885839528866887,5.58271770855096e-153,initial_noise_theory_from_H0
0.01,0.009000000000000001,13.948671381938683,1.1623083026747574e-155,initial_noise_theory_from_H0
0.01,0.009000000000000001,14.011503235010478,2.2219308844130363e-158,initial_noise_theory_from_H0
0.01,0.009000000000000001,14.074335088082274,3.9135706229833956e-161,initial_noise_theory_from_H0
0.01,0.009000000000000001,14.137166941154069,0.0,initial_noise_theory_from_H0
0.01,0.009000000000000001,14.199998794225865,0.0,initial_noise_theory_from_H0
0.01,0.009000000000000001,14.26283064729766,0.0,initial_noise_theory_from_H0
0.01,0.009000000000000001,14.325662500369456,0.0,initial_noise_theory_from_H0
0.01,0.009000000000000001,14.388494353441251,0.0,initial_noise_theory_from_H0
0.01,0.009000000000000001,14.45132620651305,0.0,initial_noise_theory_from_H0
0.01,0.009000000000000001,14.514158059584846,0.0,initial_noise_theory_from_H0
0.01,0.009000000000000001,14.576989912656641,0.0,initial_noise_theory_from_H0
0.01,0.009000000000000001,14.639821765728437,0.0,initial_noise_theory_from_H0
0.01,0.009000000000000001,14.702653618800232,0.0,initial_noise_theory_from_H0
0.01,0.009000000000000001,14.765485471872028,0.0,initial_noise_theory_from_H0
0.01,0.009000000000000001,14.828317324943823,0.0,initial_noise_theory_from_H0
0.01,0.009000000000000001,14.891149178015619,0.0,initial_noise_theory_from_H0
0.01,0.009000000000000001,14.953981031087414,0.0,initial_noise_theory_from_H0
0.01,0.009000000000000001,15.01681288415921,0.0,initial_noise_theory_from_H0
0.01,0.009000000000000001,15.079644737231005,0.0,initial_noise_theory_from_H0
0.01,0.009000000000000001,15.142476590302804,0.0,initial_noise_theory_from_H0
0.01,0.009000000000000001,15.2053084433746,0.0,initial_noise_theory_from_H0
0.01,0.009000000000000001,15.268140296446395,0.0,initial_noise_theory_from_H0
0.01,0.009000000000000001,15.33097214951819,0.0,initial_noise_theory_from_H0
0.01,0.009000000000000001,15.393804002589986,0.0,initial_noise_theory_from_H0
0.01,0.009000000000000001,15.456635855661782,0.0,initial_noise_theory_from_H0
0.01,0.009000000000000001,15.519467708733577,0.0,initial_noise_theory_from_H0
0.01,0.009000000000000001,15.582299561805373,0.0,initial_noise_theory_from_H0
0.01,0.009000000000000001,15.645131414877168,0.0,initial_noise_theory_from_H0
0.01,0.009000000000000001,15.707963267948964,0.0,initial_noise_theory_from_H0
0.01,0.009000000000000001,15.770795121020763,0.0,initial_noise_theory_from_H0
0.01,0.009000000000000001,15.833626974092558,0.0,initial_noise_theory_from_H0
0.01,0.009000000000000001,15.896458827164354,0.0,initial_noise_theory_from_H0
0.01,0.009000000000000001,15.95929068023615,0.0,initial_noise_theory_from_H0
0.01,0.009000000000000001,16.022122533307947,0.0,initial_noise_theory_from_H0
0.01,0.009000000000000001,16.084954386379742,0.0,initial_noise_theory_from_H0
0.01,0.009000000000000001,16.147786239451538,0.0,initial_noise_theory_from_H0
0.01,0.009000000000000001,16.210618092523333,0.0,initial_noise_theory_from_H0
0.01,0.009000000000000001,16.27344994559513,0.0,initial_noise_theory_from_H0
0.01,0.009000000000000001,16.336281798666924,0.0,initial_noise_theory_from_H0
0.01,0.009000000000000001,16.39911365173872,0.0,initial_noise_theory_from_H0
0.01,0.009000000000000001,16.461945504810515,0.0,initial_noise_theory_from_H0
0.01,0.009000000000000001,16.524777357882314,0.0,initial_noise_theory_from_H0
0.01,0.009000000000000001,16.58760921095411,0.0,initial_noise_theory_from_H0
0.01,0.009000000000000001,16.650441064025905,0.0,initial_noise_theory_from_H0
0.01,0.009000000000000001,16.7132729170977,0.0,initial_noise_theory_from_H0
0.01,0.009000000000000001,16.776104770169496,0.0,initial_noise_theory_from_H0
0.01,0.009000000000000001,16.838936623241292,0.0,initial_noise_theory_from_H0
0.01,0.009000000000000001,16.901768476313087,0.0,initial_noise_theory_from_H0
0.01,0.009000000000000001,16.964600329384883,0.0,initial_noise_theory_from_H0
0.01,0.009000000000000001,17.02743218245668,0.0,initial_noise_theory_from_H0
0.01,0.009000000000000001,17.090264035528477,0.0,initial_noise_theory_from_H0
0.01,0.009000000000000001,17.153095888600273,0.0,initial_noise_theory_from_H0
0.01,0.009000000000000001,17.21592774167207,0.0,initial_noise_theory_from_H0
0.01,0.009000000000000001,17.278759594743864,0.0,initial_noise_theory_from_H0
0.01,0.009000000000000001,17.34159144781566,0.0,initial_noise_theory_from_H0
0.01,0.009000000000000001,17.404423300887455,0.0,initial_noise_theory_from_H0
0.01,0.009000000000000001,17.46725515395925,0.0,initial_noise_theory_from_H0
0.01,0.009000000000000001,17.530087007031046,0.0,initial_noise_theory_from_H0
0.01,0.009000000000000001,17.59291886010284,0.0,initial_noise_theory_from_H0
0.01,0.009000000000000001,17.655750713174637,0.0,initial_noise_theory_from_H0
0.01,0.009000000000000001,17.718582566246432,0.0,initial_noise_theory_from_H0
0.01,0.009000000000000001,17.78141441931823,0.0,initial_noise_theory_from_H0
0.01,0.009000000000000001,17.844246272390027,0.0,initial_noise_theory_from_H0
0.01,0.009000000000000001,17.907078125461823,0.0,initial_noise_theory_from_H0
0.01,0.009000000000000001,17.969909978533618,0.0,initial_noise_theory_from_H0
0.01,0.009000000000000001,18.032741831605414,0.0,initial_noise_theory_from_H0
0.01,0.009000000000000001,18.09557368467721,0.0,initial_noise_theory_from_H0
0.01,0.009000000000000001,18.158405537749005,0.0,initial_noise_theory_from_H0
0.01,0.009000000000000001,18.2212373908208,0.0,initial_noise_theory_from_H0
0.01,0.009000000000000001,18.284069243892596,0.0,initial_noise_theory_from_H0
0.01,0.009000000000000001,18.34690109696439,0.0,initial_noise_theory_from_H0
0.01,0.009000000000000001,18.409732950036187,0.0,initial_noise_theory_from_H0
0.01,0.009000000000000001,18.472564803107986,0.0,initial_noise_theory_from_H0
0.01,0.009000000000000001,18.53539665617978,0.0,initial_noise_theory_from_H0
0.01,0.009000000000000001,18.598228509251577,0.0,initial_noise_theory_from_H0
0.01,0.009000000000000001,18.661060362323372,0.0,initial_noise_theory_from_H0
0.01,0.009000000000000001,18.723892215395168,0.0,initial_noise_theory_from_H0
0.01,0.009000000000000001,18.786724068466963,0.0,initial_noise_theory_from_H0
0.01,0.009000000000000001,18.84955592153876,0.0,initial_noise_theory_from_H0
0.01,0.009000000000000001,18.912387774610554,0.0,initial_noise_theory_from_H0
0.01,0.009000000000000001,18.97521962768235,0.0,initial_noise_theory_from_H0
0.01,0.009000000000000001,19.038051480754145,0.0,initial_noise_theory_from_H0
0.01,0.009000000000000001,19.10088333382594,0.0,initial_noise_theory_from_H0
0.01,0.009000000000000001,19.16371518689774,0.0,initial_noise_theory_from_H0
0.01,0.009000000000000001,19.226547039969535,0.0,initial_noise_theory_from_H0
0.01,0.009000000000000001,19.28937889304133,0.0,initial_noise_theory_from_H0
0.01,0.009000000000000001,19.352210746113126,0.0,initial_noise_theory_from_H0
0.01,0.009000000000000001,19.415042599184922,0.0,initial_noise_theory_from_H0
0.01,0.009000000000000001,19.477874452256717,0.0,initial_noise_theory_from_H0
0.01,0.009000000000000001,19.540706305328513,0.0,initial_noise_theory_from_H0
0.01,0.009000000000000001,19.60353815840031,0.0,initial_noise_theory_from_H0
0.01,0.009000000000000001,19.666370011472104,0.0,initial_noise_theory_from_H0
0.01,0.009000000000000001,19.7292018645439,0.0,initial_noise_theory_from_H0
0.01,0.009000000000000001,19.7920337176157,0.0,initial_noise_theory_from_H0
0.01,0.009000000000000001,19.854865570687494,0.0,initial_noise_theory_from_H0
0.01,0.009000000000000001,19.91769742375929,0.0,initial_noise_theory_from_H0
0.01,0.009000000000000001,19.980529276831085,0.0,initial_noise_theory_from_H0
0.01,0.009000000000000001,20.04336112990288,0.0,initial_noise_theory_from_H0
0.01,0.009000000000000001,20.106192982974676,0.0,initial_noise_theory_from_H0
0.01,0.009000000000000001,20.16902483604647,0.0,initial_noise_theory_from_H0
0.01,0.009000000000000001,20.231856689118267,0.0,initial_noise_theory_from_H0
0.01,0.009000000000000001,20.294688542190062,0.0,initial_noise_theory_from_H0
0.01,0.009000000000000001,20.357520395261858,0.0,initial_noise_theory_from_H0
0.01,0.009000000000000001,20.420352248333653,0.0,initial_noise_theory_from_H0
0.01,0.009000000000000001,20.48318410140545,0.0,initial_noise_theory_from_H0
0.01,0.009000000000000001,20.546015954477248,0.0,initial_noise_theory_from_H0
0.01,0.009000000000000001,20.60884780754904,0.0,initial_noise_theory_from_H0
0.01,0.009000000000000001,20.67167966062084,0.0,initial_noise_theory_from_H0
0.01,0.009000000000000001,20.73451151369263,0.0,initial_noise_theory_from_H0
0.01,0.009000000000000001,20.79734336676443,0.0,initial_noise_theory_from_H0
0.01,0.009000000000000001,20.86017521983623,0.0,initial_noise_theory_from_H0
0.01,0.009000000000000001,20.92300707290802,0.0,initial_noise_theory_from_H0
0.01,0.009000000000000001,20.98583892597982,0.0,initial_noise_theory_from_H0
0.01,0.009000000000000001,21.048670779051612,0.0,initial_noise_theory_from_H0
0.01,0.009000000000000001,21.11150263212341,0.0,initial_noise_theory_from_H0
0.01,0.009000000000000001,21.174334485195203,0.0,initial_noise_theory_from_H0
0.01,0.009000000000000001,21.237166338267002,0.0,initial_noise_theory_from_H0
0.01,0.009000000000000001,21.299998191338794,0.0,initial_noise_theory_from_H0
0.01,0.009000000000000001,21.362830044410593,0.0,initial_noise_theory_from_H0
0.01,0.009000000000000001,21.425661897482385,0.0,initial_noise_theory_from_H0
0.01,0.009000000000000001,21.488493750554184,0.0,initial_noise_theory_from_H0
0.01,0.009000000000000001,21.551325603625983,0.0,initial_noise_theory_from_H0
0.01,0.009000000000000001,21.614157456697775,0.0,initial_noise_theory_from_H0
0.01,0.009000000000000001,21.676989309769574,0.0,initial_noise_theory_from_H0
0.01,0.009000000000000001,21.739821162841366,0.0,initial_noise_theory_from_H0
0.01,0.009000000000000001,21.802653015913165,0.0,initial_noise_theory_from_H0
0.01,0.009000000000000001,21.865484868984957,0.0,initial_noise_theory_from_H0
0.01,0.009000000000000001,21.928316722056756,0.0,initial_noise_theory_from_H0
0.01,0.009000000000000001,21.99114857512855,0.0,initial_noise_theory_from_H0
0.01,0.009000000000000001,22.053980428200347,0.0,initial_noise_theory_from_H0
0.01,0.009000000000000001,22.116812281272143,0.0,initial_noise_theory_from_H0
0.01,0.009000000000000001,22.17964413434394,0.0,initial_noise_theory_from_H0
0.01,0.009000000000000001,22.242475987415737,0.0,initial_noise_theory_from_H0
0.01,0.009000000000000001,22.30530784048753,0.0,initial_noise_theory_from_H0
0.01,0.009000000000000001,22.36813969355933,0.0,initial_noise_theory_from_H0
0.01,0.009000000000000001,22.43097154663112,0.0,initial_noise_theory_from_H0
0.01,0.009000000000000001,22.49380339970292,0.0,initial_noise_theory_from_H0
0.01,0.009000000000000001,22.55663525277471,0.0,initial_noise_theory_from_H0
0.01,0.009000000000000001,22.61946710584651,0.0,initial_noise_theory_from_H0
0.01,0.009000000000000001,22.682298958918306,0.0,initial_noise_theory_from_H0
0.01,0.009000000000000001,22.7451308119901,0.0,initial_noise_theory_from_H0
0.01,0.009000000000000001,22.8079626650619,0.0,initial_noise_theory_from_H0
0.01,0.009000000000000001,22.870794518133692,0.0,initial_noise_theory_from_H0
0.01,0.009000000000000001,22.93362637120549,0.0,initial_noise_theory_from_H0
0.01,0.009000000000000001,22.996458224277283,0.0,initial_noise_theory_from_H0
0.01,0.009000000000000001,23.059290077349083,0.0,initial_noise_theory_from_H0
0.01,0.009000000000000001,23.122121930420874,0.0,initial_noise_theory_from_H0
0.01,0.009000000000000001,23.184953783492674,0.0,initial_noise_theory_from_H0
0.01,0.009000000000000001,23.24778563656447,0.0,initial_noise_theory_from_H0
0.01,0.009000000000000001,23.310617489636265,0.0,initial_noise_theory_from_H0
0.01,0.009000000000000001,23.37344934270806,0.0,initial_noise_theory_from_H0
0.01,0.009000000000000001,23.436281195779856,0.0,initial_noise_theory_from_H0
0.01,0.009000000000000001,23.499113048851655,0.0,initial_noise_theory_from_H0
0.01,0.009000000000000001,23.561944901923447,0.0,initial_noise_theory_from_H0
0.01,0.009000000000000001,23.624776754995246,0.0,initial_noise_theory_from_H0
0.01,0.009000000000000001,23.687608608067038,0.0,initial_noise_theory_from_H0
0.01,0.009000000000000001,23.750440461138837,0.0,initial_noise_theory_from_H0
0.01,0.009000000000000001,23.813272314210632,0.0,initial_noise_theory_from_H0
0.01,0.009000000000000001,23.876104167282428,0.0,initial_noise_theory_from_H0
0.01,0.009000000000000001,23.938936020354223,0.0,initial_noise_theory_from_H0
0.01,0.009000000000000001,24.00176787342602,0.0,initial_noise_theory_from_H0
0.01,0.009000000000000001,24.064599726497814,0.0,initial_noise_theory_from_H0
0.01,0.009000000000000001,24.12743157956961,0.0,initial_noise_theory_from_H0
0.01,0.009000000000000001,24.19026343264141,0.0,initial_noise_theory_from_H0
0.01,0.009000000000000001,24.2530952857132,0.0,initial_noise_theory_from_H0
0.01,0.009000000000000001,24.315927138785,0.0,initial_noise_theory_from_H0
0.01,0.009000000000000001,24.378758991856795,0.0,initial_noise_theory_from_H0
0.01,0.009000000000000001,24.44159084492859,0.0,initial_noise_theory_from_H0
0.01,0.009000000000000001,24.504422698000386,0.0,initial_noise_theory_from_H0
0.01,0.009000000000000001,24.567254551072182,0.0,initial_noise_theory_from_H0
0.01,0.009000000000000001,24.630086404143977,0.0,initial_noise_theory_from_H0
0.01,0.009000000000000001,24.692918257215773,0.0,initial_noise_theory_from_H0
0.01,0.009000000000000001,24.75575011028757,0.0,initial_noise_theory_from_H0
0.01,0.009000000000000001,24.818581963359364,0.0,initial_noise_theory_from_H0
0.01,0.009000000000000001,24.881413816431163,0.0,initial_noise_theory_from_H0
0.01,0.009000000000000001,24.94424566950296,0.0,initial_noise_theory_from_H0
0.01,0.009000000000000001,25.007077522574754,0.0,initial_noise_theory_from_H0
0.01,0.009000000000000001,25.06990937564655,0.0,initial_noise_theory_from_H0
0.01,0.009000000000000001,25.132741228718345,0.0,initial_noise_theory_from_H0
0.01,0.009000000000000001,25.19557308179014,0.0,initial_noise_theory_from_H0
0.01,0.009000000000000001,25.258404934861936,0.0,initial_noise_theory_from_H0
0.01,0.009000000000000001,25.32123678793373,0.0,initial_noise_theory_from_H0
0.01,0.009000000000000001,25.384068641005527,0.0,initial_noise_theory_from_H0
0.01,0.009000000000000001,25.446900494077322,0.0,initial_noise_theory_from_H0
0.01,0.009000000000000001,25.50973234714912,0.0,initial_noise_theory_from_H0
0.01,0.009000000000000001,25.572564200220917,0.0,initial_noise_theory_from_H0
0.01,0.009000000000000001,25.635396053292713,0.0,initial_noise_theory_from_H0
0.01,0.009000000000000001,25.698227906364508,0.0,initial_noise_theory_from_H0
0.01,0.009000000000000001,25.761059759436304,0.0,initial_noise_theory_from_H0
0.01,0.009000000000000001,25.8238916125081,0.0,initial_noise_theory_from_H0
0.01,0.009000000000000001,25.886723465579895,0.0,initial_noise_theory_from_H0
0.01,0.009000000000000001,25.94955531865169,0.0,initial_noise_theory_from_H0
0.01,0.009000000000000001,26.012387171723486,0.0,initial_noise_theory_from_H0
0.01,0.009000000000000001,26.075219024795285,0.0,initial_noise_theory_from_H0
0.01,0.009000000000000001,26.13805087786708,0.0,initial_noise_theory_from_H0
0.01,0.009000000000000001,26.200882730938876,0.0,initial_noise_theory_from_H0
0.01,0.009000000000000001,26.26371458401067,0.0,initial_noise_theory_from_H0
0.01,0.009000000000000001,26.326546437082467,0.0,initial_noise_theory_from_H0
0.01,0.009000000000000001,26.389378290154262,0.0,initial_noise_theory_from_H0
0.01,0.009000000000000001,26.452210143226058,0.0,initial_noise_theory_from_H0
0.01,0.009000000000000001,26.515041996297853,0.0,initial_noise_theory_from_H0
0.01,0.009000000000000001,26.57787384936965,0.0,initial_noise_theory_from_H0
0.01,0.009000000000000001,26.640705702441448,0.0,initial_noise_theory_from_H0
0.01,0.009000000000000001,26.70353755551324,0.0,initial_noise_theory_from_H0
0.01,0.009000000000000001,26.76636940858504,0.0,initial_noise_theory_from_H0
0.01,0.009000000000000001,26.829201261656834,0.0,initial_noise_theory_from_H0
0.01,0.009000000000000001,26.89203311472863,0.0,initial_noise_theory_from_H0
0.01,0.009000000000000001,26.954864967800425,0.0,initial_noise_theory_from_H0
0.01,0.009000000000000001,27.01769682087222,0.0,initial_noise_theory_from_H0
0.01,0.009000000000000001,27.080528673944016,0.0,initial_noise_theory_from_H0
0.01,0.009000000000000001,27.143360527015812,0.0,initial_noise_theory_from_H0
0.01,0.009000000000000001,27.20619238008761,0.0,initial_noise_theory_from_H0
0.01,0.009000000000000001,27.269024233159403,0.0,initial_noise_theory_from_H0
0.01,0.009000000000000001,27.331856086231202,0.0,initial_noise_theory_from_H0
0.01,0.009000000000000001,27.394687939302994,0.0,initial_noise_theory_from_H0
0.01,0.009000000000000001,27.457519792374793,0.0,initial_noise_theory_from_H0
0.01,0.009000000000000001,27.52035164544659,0.0,initial_noise_theory_from_H0
0.01,0.009000000000000001,27.583183498518384,0.0,initial_noise_theory_from_H0
0.01,0.009000000000000001,27.64601535159018,0.0,initial_noise_theory_from_H0
0.01,0.009000000000000001,27.708847204661975,0.0,initial_noise_theory_from_H0
0.01,0.009000000000000001,27.771679057733774,0.0,initial_noise_theory_from_H0
0.01,0.009000000000000001,27.834510910805566,0.0,initial_noise_theory_from_H0
0.01,0.009000000000000001,27.897342763877365,0.0,initial_noise_theory_from_H0
0.01,0.009000000000000001,27.960174616949157,0.0,initial_noise_theory_from_H0
0.01,0.009000000000000001,28.023006470020956,0.0,initial_noise_theory_from_H0
0.01,0.009000000000000001,28.085838323092748,0.0,initial_noise_theory_from_H0
0.01,0.009000000000000001,28.148670176164547,0.0,initial_noise_theory_from_H0
0.01,0.009000000000000001,28.211502029236343,0.0,initial_noise_theory_from_H0
0.01,0.009000000000000001,28.274333882308138,0.0,initial_noise_theory_from_H0
0.01,0.009000000000000001,28.337165735379937,0.0,initial_noise_theory_from_H0
0.01,0.009000000000000001,28.39999758845173,0.0,initial_noise_theory_from_H0
0.01,0.009000000000000001,28.462829441523528,0.0,initial_noise_theory_from_H0
0.01,0.009000000000000001,28.52566129459532,0.0,initial_noise_theory_from_H0
0.01,0.009000000000000001,28.58849314766712,0.0,initial_noise_theory_from_H0
0.01,0.009000000000000001,28.65132500073891,0.0,initial_noise_theory_from_H0
0.01,0.009000000000000001,28.71415685381071,0.0,initial_noise_theory_from_H0
0.01,0.009000000000000001,28.776988706882502,0.0,initial_noise_theory_from_H0
0.01,0.009000000000000001,28.8398205599543,0.0,initial_noise_theory_from_H0
0.01,0.009000000000000001,28.9026524130261,0.0,initial_noise_theory_from_H0
0.01,0.009000000000000001,28.965484266097892,0.0,initial_noise_theory_from_H0
0.01,0.009000000000000001,29.02831611916969,0.0,initial_noise_theory_from_H0
0.01,0.009000000000000001,29.091147972241483,0.0,initial_noise_theory_from_H0
0.01,0.009000000000000001,29.153979825313282,0.0,initial_noise_theory_from_H0
0.01,0.009000000000000001,29.216811678385074,0.0,initial_noise_theory_from_H0
0.01,0.009000000000000001,29.279643531456873,0.0,initial_noise_theory_from_H0
0.01,0.009000000000000001,29.342475384528665,0.0,initial_noise_theory_from_H0
0.01,0.009000000000000001,29.405307237600464,0.0,initial_noise_theory_from_H0
0.01,0.009000000000000001,29.468139090672256,0.0,initial_noise_theory_from_H0
0.01,0.009000000000000001,29.530970943744055,0.0,initial_noise_theory_from_H0
0.01,0.009000000000000001,29.593802796815854,0.0,initial_noise_theory_from_H0
0.01,0.009000000000000001,29.656634649887646,0.0,initial_noise_theory_from_H0
0.01,0.009000000000000001,29.719466502959445,0.0,initial_noise_theory_from_H0
0.01,0.009000000000000001,29.782298356031237,0.0,initial_noise_theory_from_H0
0.01,0.009000000000000001,29.845130209103036,0.0,initial_noise_theory_from_H0
0.01,0.009000000000000001,29.90796206217483,0.0,initial_noise_theory_from_H0
0.01,0.009000000000000001,29.970793915246627,0.0,initial_noise_theory_from_H0
0.01,0.009000000000000001,30.03362576831842,0.0,initial_noise_theory_from_H0
0.01,0.009000000000000001,30.09645762139022,0.0,initial_noise_theory_from_H0
0.01,0.009000000000000001,30.15928947446201,0.0,initial_noise_theory_from_H0
0.01,0.009000000000000001,30.22212132753381,0.0,initial_noise_theory_from_H0
0.01,0.009000000000000001,30.28495318060561,0.0,initial_noise_theory_from_H0
0.01,0.009000000000000001,30.3477850336774,0.0,initial_noise_theory_from_H0
0.01,0.009000000000000001,30.4106168867492,0.0,initial_noise_theory_from_H0
0.01,0.009000000000000001,30.47344873982099,0.0,initial_noise_theory_from_H0
0.01,0.009000000000000001,30.53628059289279,0.0,initial_noise_theory_from_H0
0.01,0.009000000000000001,30.599112445964582,0.0,initial_noise_theory_from_H0
0.01,0.009000000000000001,30.66194429903638,0.0,initial_noise_theory_from_H0
0.01,0.009000000000000001,30.724776152108173,0.0,initial_noise_theory_from_H0
0.01,0.009000000000000001,30.787608005179973,0.0,initial_noise_theory_from_H0
0.01,0.009000000000000001,30.85043985825177,0.0,initial_noise_theory_from_H0
0.01,0.009000000000000001,30.913271711323564,0.0,initial_noise_theory_from_H0
0.01,0.009000000000000001,30.976103564395363,0.0,initial_noise_theory_from_H0
0.01,0.009000000000000001,31.038935417467155,0.0,initial_noise_theory_from_H0
0.01,0.009000000000000001,31.101767270538954,0.0,initial_noise_theory_from_H0
0.01,0.009000000000000001,31.164599123610746,0.0,initial_noise_theory_from_H0
0.01,0.009000000000000001,31.227430976682545,0.0,initial_noise_theory_from_H0
0.01,0.009000000000000001,31.290262829754337,0.0,initial_noise_theory_from_H0
0.01,0.009000000000000001,31.353094682826136,0.0,initial_noise_theory_from_H0
0.01,0.009000000000000001,31.415926535897928,0.0,initial_noise_theory_from_H0
0.01,0.009000000000000001,31.478758388969727,0.0,initial_noise_theory_from_H0
0.01,0.009000000000000001,31.541590242041526,0.0,initial_noise_theory_from_H0
0.01,0.009000000000000001,31.604422095113318,0.0,initial_noise_theory_from_H0
0.01,0.009000000000000001,31.667253948185117,0.0,initial_noise_theory_from_H0
0.01,0.009000000000000001,31.73008580125691,0.0,initial_noise_theory_from_H0
0.01,0.009000000000000001,31.792917654328708,0.0,initial_noise_theory_from_H0
0.01,0.009000000000000001,31.8557495074005,0.0,initial_noise_theory_from_H0
0.01,0.009000000000000001,31.9185813604723,0.0,initial_noise_theory_from_H0
0.01,0.009000000000000001,31.98141321354409,0.0,initial_noise_theory_from_H0
0.01,0.009000000000000001,32.04424506661589,0.0,initial_noise_theory_from_H0
0.01,0.009000000000000001,32.107076919687685,0.0,initial_noise_theory_from_H0
0.01,0.009000000000000001,32.169908772759484,0.0,initial_noise_theory_from_H0
0.01,0.009000000000000001,32.232740625831276,0.0,initial_noise_theory_from_H0
0.01,0.009000000000000001,32.295572478903075,0.0,initial_noise_theory_from_H0
0.01,0.009000000000000001,32.35840433197487,0.0,initial_noise_theory_from_H0
0.01,0.009000000000000001,32.421236185046666,0.0,initial_noise_theory_from_H0
0.01,0.009000000000000001,32.484068038118465,0.0,initial_noise_theory_from_H0
0.01,0.009000000000000001,32.54689989119026,0.0,initial_noise_theory_from_H0
0.01,0.009000000000000001,32.60973174426206,0.0,initial_noise_theory_from_H0
0.01,0.009000000000000001,32.67256359733385,0.0,initial_noise_theory_from_H0
0.01,0.009000000000000001,32.73539545040565,0.0,initial_noise_theory_from_H0
0.01,0.009000000000000001,32.79822730347744,0.0,initial_noise_theory_from_H0
0.01,0.009000000000000001,32.86105915654924,0.0,initial_noise_theory_from_H0
0.01,0.009000000000000001,32.92389100962103,0.0,initial_noise_theory_from_H0
0.01,0.009000000000000001,32.98672286269283,0.0,initial_noise_theory_from_H0
0.01,0.009000000000000001,33.04955471576463,0.0,initial_noise_theory_from_H0
0.01,0.009000000000000001,33.11238656883642,0.0,initial_noise_theory_from_H0
0.01,0.009000000000000001,33.17521842190822,0.0,initial_noise_theory_from_H0
0.01,0.009000000000000001,33.23805027498001,0.0,initial_noise_theory_from_H0
0.01,0.009000000000000001,33.30088212805181,0.0,initial_noise_theory_from_H0
0.01,0.009000000000000001,33.3637139811236,0.0,initial_noise_theory_from_H0
0.01,0.009000000000000001,33.4265458341954,0.0,initial_noise_theory_from_H0
0.01,0.009000000000000001,33.48937768726719,0.0,initial_noise_theory_from_H0
0.01,0.009000000000000001,33.55220954033899,0.0,initial_noise_theory_from_H0
0.01,0.009000000000000001,33.61504139341079,0.0,initial_noise_theory_from_H0
0.01,0.009000000000000001,33.677873246482584,0.0,initial_noise_theory_from_H0
0.01,0.009000000000000001,33.74070509955438,0.0,initial_noise_theory_from_H0
0.01,0.009000000000000001,33.803536952626175,0.0,initial_noise_theory_from_H0
0.01,0.009000000000000001,33.866368805697974,0.0,initial_noise_theory_from_H0
0.01,0.009000000000000001,33.929200658769766,0.0,initial_noise_theory_from_H0
0.01,0.009000000000000001,33.992032511841565,0.0,initial_noise_theory_from_H0
0.01,0.009000000000000001,34.05486436491336,0.0,initial_noise_theory_from_H0
0.01,0.009000000000000001,34.117696217985156,0.0,initial_noise_theory_from_H0
0.01,0.009000000000000001,34.180528071056955,0.0,initial_noise_theory_from_H0
0.01,0.009000000000000001,34.24335992412875,0.0,initial_noise_theory_from_H0
0.01,0.009000000000000001,34.306191777200546,0.0,initial_noise_theory_from_H0
0.01,0.009000000000000001,34.36902363027234,0.0,initial_noise_theory_from_H0
0.01,0.009000000000000001,34.43185548334414,0.0,initial_noise_theory_from_H0
0.01,0.009000000000000001,34.49468733641593,0.0,initial_noise_theory_from_H0
0.01,0.009000000000000001,34.55751918948773,0.0,initial_noise_theory_from_H0
0.01,0.009000000000000001,34.62035104255952,0.0,initial_noise_theory_from_H0
0.01,0.009000000000000001,34.68318289563132,0.0,initial_noise_theory_from_H0
0.01,0.009000000000000001,34.74601474870311,0.0,initial_noise_theory_from_H0
0.01,0.009000000000000001,34.80884660177491,0.0,initial_noise_theory_from_H0
0.01,0.009000000000000001,34.87167845484671,0.0,initial_noise_theory_from_H0
0.01,0.009000000000000001,34.9345103079185,0.0,initial_noise_theory_from_H0
0.01,0.009000000000000001,34.9973421609903,0.0,initial_noise_theory_from_H0
0.01,0.009000000000000001,35.06017401406209,0.0,initial_noise_theory_from_H0
0.01,0.009000000000000001,35.12300586713389,0.0,initial_noise_theory_from_H0
0.01,0.009000000000000001,35.18583772020568,0.0,initial_noise_theory_from_H0
0.01,0.009000000000000001,35.24866957327748,0.0,initial_noise_theory_from_H0
0.01,0.009000000000000001,35.311501426349274,0.0,initial_noise_theory_from_H0
0.01,0.009000000000000001,35.37433327942107,0.0,initial_noise_theory_from_H0
0.01,0.009000000000000001,35.437165132492865,0.0,initial_noise_theory_from_H0
0.01,0.009000000000000001,35.499996985564664,0.0,initial_noise_theory_from_H0
0.01,0.009000000000000001,35.56282883863646,0.0,initial_noise_theory_from_H0
0.01,0.009000000000000001,35.625660691708255,0.0,initial_noise_theory_from_H0
0.01,0.009000000000000001,35.688492544780054,0.0,initial_noise_theory_from_H0
0.01,0.009000000000000001,35.751324397851846,0.0,initial_noise_theory_from_H0
0.01,0.009000000000000001,35.814156250923645,0.0,initial_noise_theory_from_H0
0.01,0.009000000000000001,35.87698810399544,0.0,initial_noise_theory_from_H0
0.01,0.009000000000000001,35.939819957067236,0.0,initial_noise_theory_from_H0
0.01,0.009000000000000001,36.00265181013903,0.0,initial_noise_theory_from_H0
0.01,0.009000000000000001,36.06548366321083,0.0,initial_noise_theory_from_H0
0.01,0.009000000000000001,36.12831551628262,0.0,initial_noise_theory_from_H0
0.01,0.009000000000000001,36.19114736935442,0.0,initial_noise_theory_from_H0
0.01,0.009000000000000001,36.25397922242622,0.0,initial_noise_theory_from_H0
0.01,0.009000000000000001,36.31681107549801,0.0,initial_noise_theory_from_H0
0.01,0.009000000000000001,36.37964292856981,0.0,initial_noise_theory_from_H0
0.01,0.009000000000000001,36.4424747816416,0.0,initial_noise_theory_from_H0
0.01,0.009000000000000001,36.5053066347134,0.0,initial_noise_theory_from_H0
0.01,0.009000000000000001,36.56813848778519,0.0,initial_noise_theory_from_H0
0.01,0.009000000000000001,36.63097034085699,0.0,initial_noise_theory_from_H0
0.01,0.009000000000000001,36.69380219392878,0.0,initial_noise_theory_from_H0
0.01,0.009000000000000001,36.75663404700058,0.0,initial_noise_theory_from_H0
0.01,0.009000000000000001,36.81946590007237,0.0,initial_noise_theory_from_H0
0.01,0.009000000000000001,36.88229775314417,0.0,initial_noise_theory_from_H0
0.01,0.009000000000000001,36.94512960621597,0.0,initial_noise_theory_from_H0
0.01,0.009000000000000001,37.00796145928776,0.0,initial_noise_theory_from_H0
0.01,0.009000000000000001,37.07079331235956,0.0,initial_noise_theory_from_H0
0.01,0.009000000000000001,37.133625165431354,0.0,initial_noise_theory_from_H0
0.01,0.009000000000000001,37.19645701850315,0.0,initial_noise_theory_from_H0
0.01,0.009000000000000001,37.259288871574945,0.0,initial_noise_theory_from_H0
0.01,0.009000000000000001,37.322120724646744,0.0,initial_noise_theory_from_H0
0.01,0.009000000000000001,37.384952577718536,0.0,initial_noise_theory_from_H0
0.01,0.009000000000000001,37.447784430790335,0.0,initial_noise_theory_from_H0
0.01,0.009000000000000001,37.51061628386213,0.0,initial_noise_theory_from_H0
0.01,0.009000000000000001,37.573448136933926,0.0,initial_noise_theory_from_H0
0.01,0.009000000000000001,37.636279990005725,0.0,initial_noise_theory_from_H0
0.01,0.009000000000000001,37.69911184307752,0.0,initial_noise_theory_from_H0
0.01,0.009000000000000001,37.76194369614932,0.0,initial_noise_theory_from_H0
0.01,0.009000000000000001,37.82477554922111,0.0,initial_noise_theory_from_H0
0.01,0.009000000000000001,37.88760740229291,0.0,initial_noise_theory_from_H0
0.01,0.009000000000000001,37.9504392553647,0.0,initial_noise_theory_from_H0
0.01,0.009000000000000001,38.0132711084365,0.0,initial_noise_theory_from_H0
0.01,0.009000000000000001,38.07610296150829,0.0,initial_noise_theory_from_H0
0.01,0.009000000000000001,38.13893481458009,0.0,initial_noise_theory_from_H0
0.01,0.009000000000000001,38.20176666765188,0.0,initial_noise_theory_from_H0
0.01,0.009000000000000001,38.26459852072368,0.0,initial_noise_theory_from_H0
0.01,0.009000000000000001,38.32743037379548,0.0,initial_noise_theory_from_H0
0.01,0.009000000000000001,38.39026222686727,0.0,initial_noise_theory_from_H0
0.01,0.009000000000000001,38.45309407993907,0.0,initial_noise_theory_from_H0
0.01,0.009000000000000001,38.51592593301086,0.0,initial_noise_theory_from_H0
0.01,0.009000000000000001,38.57875778608266,0.0,initial_noise_theory_from_H0
0.01,0.009000000000000001,38.64158963915445,0.0,initial_noise_theory_from_H0
0.01,0.009000000000000001,38.70442149222625,0.0,initial_noise_theory_from_H0
0.01,0.009000000000000001,38.767253345298045,0.0,initial_noise_theory_from_H0
0.01,0.009000000000000001,38.830085198369844,0.0,initial_noise_theory_from_H0
0.01,0.009000000000000001,38.89291705144164,0.0,initial_noise_theory_from_H0
0.01,0.009000000000000001,38.955748904513435,0.0,initial_noise_theory_from_H0
0.01,0.009000000000000001,39.018580757585234,0.0,initial_noise_theory_from_H0
0.01,0.009000000000000001,39.081412610657026,0.0,initial_noise_theory_from_H0
0.01,0.009000000000000001,39.144244463728825,0.0,initial_noise_theory_from_H0
0.01,0.009000000000000001,39.20707631680062,0.0,initial_noise_theory_from_H0
0.01,0.009000000000000001,39.269908169872416,0.0,initial_noise_theory_from_H0
0.01,0.009000000000000001,39.33274002294421,0.0,initial_noise_theory_from_H0
0.01,0.009000000000000001,39.39557187601601,0.0,initial_noise_theory_from_H0
0.01,0.009000000000000001,39.4584037290878,0.0,initial_noise_theory_from_H0
0.01,0.009000000000000001,39.5212355821596,0.0,initial_noise_theory_from_H0
0.01,0.009000000000000001,39.5840674352314,0.0,initial_noise_theory_from_H0
0.01,0.009000000000000001,39.64689928830319,0.0,initial_noise_theory_from_H0
0.01,0.009000000000000001,39.70973114137499,0.0,initial_noise_theory_from_H0
0.01,0.009000000000000001,39.77256299444678,0.0,initial_noise_theory_from_H0
0.01,0.009000000000000001,39.83539484751858,0.0,initial_noise_theory_from_H0
0.01,0.009000000000000001,39.89822670059037,0.0,initial_noise_theory_from_H0
0.01,0.009000000000000001,39.96105855366217,0.0,initial_noise_theory_from_H0
0.01,0.009000000000000001,40.02389040673396,0.0,initial_noise_theory_from_H0
0.01,0.009000000000000001,40.08672225980576,0.0,initial_noise_theory_from_H0
0.01,0.009000000000000001,40.14955411287755,0.0,initial_noise_theory_from_H0
0.01,0.009000000000000001,40.21238596594935,0.0,initial_noise_theory_from_H0
0.01,0.009000000000000001,40.27521781902115,0.0,initial_noise_theory_from_H0
0.01,0.009000000000000001,40.33804967209294,0.0,initial_noise_theory_from_H0
0.01,0.009000000000000001,40.40088152516474,0.0,initial_noise_theory_from_H0
0.01,0.009000000000000001,40.463713378236534,0.0,initial_noise_theory_from_H0
0.01,0.009000000000000001,40.52654523130833,0.0,initial_noise_theory_from_H0
0.01,0.009000000000000001,40.589377084380125,0.0,initial_noise_theory_from_H0
0.01,0.009000000000000001,40.652208937451924,0.0,initial_noise_theory_from_H0
0.01,0.009000000000000001,40.715040790523716,0.0,initial_noise_theory_from_H0
0.01,0.009000000000000001,40.777872643595515,0.0,initial_noise_theory_from_H0
0.01,0.009000000000000001,40.84070449666731,0.0,initial_noise_theory_from_H0
0.01,0.009000000000000001,40.903536349739106,0.0,initial_noise_theory_from_H0
0.01,0.009000000000000001,40.9663682028109,0.0,initial_noise_theory_from_H0
0.01,0.009000000000000001,41.029200055882704,0.0,initial_noise_theory_from_H0
0.01,0.009000000000000001,41.092031908954496,0.0,initial_noise_theory_from_H0
0.01,0.009000000000000001,41.15486376202629,0.0,initial_noise_theory_from_H0
0.01,0.009000000000000001,41.21769561509808,0.0,initial_noise_theory_from_H0
0.01,0.009000000000000001,41.280527468169886,0.0,initial_noise_theory_from_H0
0.01,0.009000000000000001,41.34335932124168,0.0,initial_noise_theory_from_H0
0.01,0.009000000000000001,41.40619117431347,0.0,initial_noise_theory_from_H0
0.01,0.009000000000000001,41.46902302738526,0.0,initial_noise_theory_from_H0
0.01,0.009000000000000001,41.53185488045707,0.0,initial_noise_theory_from_H0
0.01,0.009000000000000001,41.59468673352886,0.0,initial_noise_theory_from_H0
0.01,0.009000000000000001,41.65751858660065,0.0,initial_noise_theory_from_H0
0.01,0.009000000000000001,41.72035043967246,0.0,initial_noise_theory_from_H0
0.01,0.009000000000000001,41.78318229274425,0.0,initial_noise_theory_from_H0
0.01,0.009000000000000001,41.84601414581604,0.0,initial_noise_theory_from_H0
0.01,0.009000000000000001,41.908845998887834,0.0,initial_noise_theory_from_H0
0.01,0.009000000000000001,41.97167785195964,0.0,initial_noise_theory_from_H0
0.01,0.009000000000000001,42.03450970503143,0.0,initial_noise_theory_from_H0
0.01,0.009000000000000001,42.097341558103224,0.0,initial_noise_theory_from_H0
0.01,0.009000000000000001,42.160173411175016,0.0,initial_noise_theory_from_H0
0.01,0.009000000000000001,42.22300526424682,0.0,initial_noise_theory_from_H0
0.01,0.009000000000000001,42.285837117318614,0.0,initial_noise_theory_from_H0
0.01,0.009000000000000001,42.348668970390406,0.0,initial_noise_theory_from_H0
0.01,0.009000000000000001,42.41150082346221,0.0,initial_noise_theory_from_H0
0.01,0.009000000000000001,42.474332676534004,0.0,initial_noise_theory_from_H0
0.01,0.009000000000000001,42.537164529605796,0.0,initial_noise_theory_from_H0
0.01,0.009000000000000001,42.59999638267759,0.0,initial_noise_theory_from_H0
0.01,0.009000000000000001,42.662828235749394,0.0,initial_noise_theory_from_H0
0.01,0.009000000000000001,42.725660088821186,0.0,initial_noise_theory_from_H0
0.01,0.009000000000000001,42.78849194189298,0.0,initial_noise_theory_from_H0
0.01,0.009000000000000001,42.85132379496477,0.0,initial_noise_theory_from_H0
0.01,0.009000000000000001,42.91415564803658,0.0,initial_noise_theory_from_H0
0.01,0.009000000000000001,42.97698750110837,0.0,initial_noise_theory_from_H0
0.01,0.009000000000000001,43.03981935418016,0.0,initial_noise_theory_from_H0
0.01,0.009000000000000001,43.10265120725197,0.0,initial_noise_theory_from_H0
0.01,0.009000000000000001,43.16548306032376,0.0,initial_noise_theory_from_H0
0.01,0.009000000000000001,43.22831491339555,0.0,initial_noise_theory_from_H0
0.01,0.009000000000000001,43.29114676646734,0.0,initial_noise_theory_from_H0
0.01,0.009000000000000001,43.35397861953915,0.0,initial_noise_theory_from_H0
0.01,0.009000000000000001,43.41681047261094,0.0,initial_noise_theory_from_H0
0.01,0.009000000000000001,43.47964232568273,0.0,initial_noise_theory_from_H0
0.01,0.009000000000000001,43.54247417875453,0.0,initial_noise_theory_from_H0
0.01,0.009000000000000001,43.60530603182633,0.0,initial_noise_theory_from_H0
0.01,0.009000000000000001,43.66813788489812,0.0,initial_noise_theory_from_H0
0.01,0.009000000000000001,43.730969737969914,0.0,initial_noise_theory_from_H0
0.01,0.009000000000000001,43.79380159104172,0.0,initial_noise_theory_from_H0
0.01,0.009000000000000001,43.85663344411351,0.0,initial_noise_theory_from_H0
0.01,0.009000000000000001,43.919465297185305,0.0,initial_noise_theory_from_H0
0.01,0.009000000000000001,43.9822971502571,0.0,initial_noise_theory_from_H0
0.01,0.009000000000000001,44.0451290033289,0.0,initial_noise_theory_from_H0
0.01,0.009000000000000001,44.107960856400695,0.0,initial_noise_theory_from_H0
0.01,0.009000000000000001,44.17079270947249,0.0,initial_noise_theory_from_H0
0.01,0.009000000000000001,44.233624562544286,0.0,initial_noise_theory_from_H0
0.01,0.009000000000000001,44.296456415616085,0.0,initial_noise_theory_from_H0
0.01,0.009000000000000001,44.35928826868788,0.0,initial_noise_theory_from_H0
0.01,0.009000000000000001,44.42212012175967,0.0,initial_noise_theory_from_H0
0.01,0.009000000000000001,44.484951974831475,0.0,initial_noise_theory_from_H0
0.01,0.009000000000000001,44.54778382790327,0.0,initial_noise_theory_from_H0
0.01,0.009000000000000001,44.61061568097506,0.0,initial_noise_theory_from_H0
0.01,0.009000000000000001,44.67344753404686,0.0,initial_noise_theory_from_H0
0.01,0.009000000000000001,44.73627938711866,0.0,initial_noise_theory_from_H0
0.01,0.009000000000000001,44.79911124019045,0.0,initial_noise_theory_from_H0
0.01,0.009000000000000001,44.86194309326224,0.0,initial_noise_theory_from_H0
0.01,0.009000000000000001,44.92477494633405,0.0,initial_noise_theory_from_H0
0.01,0.009000000000000001,44.98760679940584,0.0,initial_noise_theory_from_H0
0.01,0.009000000000000001,45.05043865247763,0.0,initial_noise_theory_from_H0
0.01,0.009000000000000001,45.11327050554942,0.0,initial_noise_theory_from_H0
0.01,0.009000000000000001,45.17610235862123,0.0,initial_noise_theory_from_H0
0.01,0.009000000000000001,45.23893421169302,0.0,initial_noise_theory_from_H0
0.01,0.009000000000000001,45.30176606476481,0.0,initial_noise_theory_from_H0
0.01,0.009000000000000001,45.36459791783661,0.0,initial_noise_theory_from_H0
0.01,0.009000000000000001,45.42742977090841,0.0,initial_noise_theory_from_H0
0.01,0.009000000000000001,45.4902616239802,0.0,initial_noise_theory_from_H0
0.1,0.099,0.06283185307179587,0.12284919764922728,L10_continuous_numeric
0.1,0.099,0.12566370614359174,0.18964683689451464,L10_continuous_numeric
0.1,0.099,0.18849555921538758,0.26316395852693464,L10_continuous_numeric
0.1,0.099,0.25132741228718347,0.3846752796764886,L10_continuous_numeric
0.1,0.099,0.3141592653589793,0.4144931648725535,L10_continuous_numeric
0.1,0.099,0.37699111843077515,0.5572196938820374,L10_continuous_numeric
0.1,0.099,0.43982297150257105,0.67076856252042,L10_continuous_numeric
0.1,0.099,0.5026548245743669,0.7542636838572448,L10_continuous_numeric
0.1,0.099,0.5654866776461628,0.7926701469934944,L10_continuous_numeric
0.1,0.099,0.6283185307179586,0.885917283372092,L10_continuous_numeric
0.1,0.099,0.6911503837897545,0.9469663263046527,L10_continuous_numeric
0.1,0.099,0.7539822368615503,1.038821964055197,L10_continuous_numeric
0.1,0.099,0.8168140899333463,1.1279912741691724,L10_continuous_numeric
0.1,0.099,0.8796459430051421,1.1771962450478552,L10_continuous_numeric
0.1,0.099,0.9424777960769378,1.2374676120632822,L10_continuous_numeric
0.1,0.099,1.0053096491487339,1.3514297405255573,L10_continuous_numeric
0.1,0.099,1.0681415022205298,1.3869052086225082,L10_continuous_numeric
0.1,0.099,1.1309733552923256,1.511698641128961,L10_continuous_numeric
0.1,0.099,1.1938052083641213,1.582217806003188,L10_continuous_numeric
0.1,0.099,1.2566370614359172,1.5978640151202506,L10_continuous_numeric
0.1,0.099,1.3194689145077132,1.6455624995433142,L10_continuous_numeric
0.1,0.099,1.382300767579509,1.6987825438932058,L10_continuous_numeric
0.1,0.099,1.4451326206513047,1.6928626229335304,L10_continuous_numeric
0.1,0.099,1.5079644737231006,1.6719424168219013,L10_continuous_numeric
0.1,0.099,1.5707963267948966,1.6955588505996535,L10_continuous_numeric
0.1,0.099,1.6336281798666925,1.681053850525471,L10_continuous_numeric
0.1,0.099,1.6964600329384882,1.7242329676341401,L10_continuous_numeric
0.1,0.099,1.7592918860102842,1.6845688846797437,L10_continuous_numeric
0.1,0.099,1.8221237390820801,1.652508041109547,L10_continuous_numeric
0.1,0.099,1.8849555921538756,1.6325043006110995,L10_continuous_numeric
0.1,0.099,1.9477874452256716,1.5968480621746277,L10_continuous_numeric
0.1,0.099,2.0106192982974678,1.5932034603667087,L10_continuous_numeric
0.1,0.099,2.0734511513692637,1.500611162406809,L10_continuous_numeric
0.1,0.099,2.1362830044410597,1.4730563951393698,L10_continuous_numeric
0.1,0.099,2.199114857512855,1.467849568159792,L10_continuous_numeric
0.1,0.099,2.261946710584651,1.4083824328790173,L10_continuous_numeric
0.1,0.099,2.324778563656447,1.3698713069262796,L10_continuous_numeric
0.1,0.099,2.3876104167282426,1.3184854366846142,L10_continuous_numeric
0.1,0.099,2.4504422698000385,1.3152047572512566,L10_continuous_numeric
0.1,0.099,2.5132741228718345,1.2691015077681571,L10_continuous_numeric
0.1,0.099,2.57610597594363,1.2143790935055332,L10_continuous_numeric
0.1,0.099,2.6389378290154264,1.2010486309199526,L10_continuous_numeric
0.1,0.099,2.701769682087222,1.1537733479594388,L10_continuous_numeric
0.1,0.099,2.764601535159018,1.1473059794836458,L10_continuous_numeric
0.1,0.099,2.827433388230814,1.1362099852070808,L10_continuous_numeric
0.1,0.099,2.8902652413026093,1.1228094674933213,L10_continuous_numeric
0.1,0.099,2.9530970943744057,1.0881109168902314,L10_continuous_numeric
0.1,0.099,3.015928947446201,1.0420083347219973,L10_continuous_numeric
0.1,0.099,3.078760800517997,1.0548463667068095,L10_continuous_numeric
0.1,0.099,3.141592653589793,1.0252375125764646,L10_continuous_numeric
0.1,0.099,3.204424506661589,1.004212078862781,L10_continuous_numeric
0.1,0.099,3.267256359733385,0.9599414387765528,L10_continuous_numeric
0.1,0.099,3.330088212805181,0.9621172443514256,L10_continuous_numeric
0.1,0.099,3.3929200658769765,0.9568757965676179,L10_continuous_numeric
0.1,0.099,3.4557519189487724,0.921136876208488,L10_continuous_numeric
0.1,0.099,3.5185837720205684,0.9176122541400507,L10_continuous_numeric
0.1,0.099,3.581415625092364,0.8990373575241957,L10_continuous_numeric
0.1,0.099,3.6442474781641603,0.8790403664832723,L10_continuous_numeric
0.1,0.099,3.707079331235956,0.8560355706983035,L10_continuous_numeric
0.1,0.099,3.7699111843077513,0.8372863602976734,L10_continuous_numeric
0.1,0.099,3.8327430373795477,0.8293504964186147,L10_continuous_numeric
0.1,0.099,3.895574890451343,0.8400153849289742,L10_continuous_numeric
0.1,0.099,3.9584067435231396,0.8035703890582991,L10_continuous_numeric
0.1,0.099,4.0212385965949355,0.7989688815727282,L10_continuous_numeric
0.1,0.099,4.084070449666731,0.7923760588059116,L10_continuous_numeric
0.1,0.099,4.1469023027385274,0.7852157776381271,L10_continuous_numeric
0.1,0.099,4.209734155810323,0.7622023674042504,L10_continuous_numeric
0.1,0.099,4.272566008882119,0.7403010764765741,L10_continuous_numeric
0.1,0.099,4.335397861953915,0.7423870060126766,L10_continuous_numeric
0.1,0.099,4.39822971502571,0.7454138827999585,L10_continuous_numeric
0.1,0.099,4.461061568097507,0.7243384115177732,L10_continuous_numeric
0.1,0.099,4.523893421169302,0.7101034728695405,L10_continuous_numeric
0.1,0.099,4.586725274241098,0.6915022166334733,L10_continuous_numeric
0.1,0.099,4.649557127312894,0.6936823617776274,L10_continuous_numeric
0.1,0.099,4.71238898038469,0.6847802828063152,L10_continuous_numeric
0.1,0.099,4.775220833456485,0.6832763184496828,L10_continuous_numeric
0.1,0.099,4.838052686528282,0.672699621654798,L10_continuous_numeric
0.1,0.099,4.900884539600077,0.6599658216109046,L10_continuous_numeric
0.1,0.099,4.9637163926718735,0.650196594172276,L10_continuous_numeric
0.1,0.099,5.026548245743669,0.6397038335778961,L10_continuous_numeric
0.1,0.099,5.0893800988154645,0.6243762195542273,L10_continuous_numeric
0.1,0.099,5.15221195188726,0.6126029995314042,L10_continuous_numeric
0.1,0.099,5.215043804959057,0.6151996934145856,L10_continuous_numeric
0.1,0.099,5.277875658030853,0.618198626590768,L10_continuous_numeric
0.1,0.099,5.340707511102648,0.6141725291683854,L10_continuous_numeric
0.1,0.099,5.403539364174444,0.596471316677599,L10_continuous_numeric
0.1,0.099,5.466371217246239,0.5922449797514495,L10_continuous_numeric
0.1,0.099,5.529203070318036,0.5759537671701155,L10_continuous_numeric
0.1,0.099,5.592034923389832,0.578915495613437,L10_continuous_numeric
0.1,0.099,5.654866776461628,0.5714542059907417,L10_continuous_numeric
0.1,0.099,5.717698629533423,0.5694249704590366,L10_continuous_numeric
0.1,0.099,5.780530482605219,0.5593955599638966,L10_continuous_numeric
0.1,0.099,5.843362335677015,0.5550542931182247,L10_continuous_numeric
0.1,0.099,5.906194188748811,0.5484687065013062,L10_continuous_numeric
0.1,0.099,5.969026041820607,0.5346638529427299,L10_continuous_numeric
0.1,0.099,6.031857894892402,0.5385272295572318,L10_continuous_numeric
0.1,0.099,6.094689747964199,0.536047699309128,L10_continuous_numeric
0.1,0.099,6.157521601035994,0.5329936303418071,L10_continuous_numeric
0.1,0.099,6.220353454107791,0.5206330468870243,L10_continuous_numeric
0.1,0.099,6.283185307179586,0.5145221889210713,L10_continuous_numeric
0.1,0.099,6.346017160251382,0.5155207195193078,L10_continuous_numeric
0.1,0.099,6.408849013323178,0.5054692845738485,L10_continuous_numeric
0.1,0.099,6.471680866394974,0.5103766920734444,L10_continuous_numeric
0.1,0.099,6.53451271946677,0.4988938207084787,L10_continuous_numeric
0.1,0.099,6.5973445725385655,0.49347571951214014,L10_continuous_numeric
0.1,0.099,6.660176425610362,0.4959904714413872,L10_continuous_numeric
0.1,0.099,6.7230082786821574,0.48831781975812827,L10_continuous_numeric
0.1,0.099,6.785840131753953,0.4870134088320121,L10_continuous_numeric
0.1,0.099,6.8486719848257485,0.48219983382523823,L10_continuous_numeric
0.1,0.099,6.911503837897545,0.47965457247781096,L10_continuous_numeric
0.1,0.099,6.974335690969341,0.47784443004081234,L10_continuous_numeric
0.1,0.099,7.037167544041137,0.4677721517106929,L10_continuous_numeric
0.1,0.099,7.099999397112932,0.47192160704399905,L10_continuous_numeric
0.1,0.099,7.162831250184728,0.4692811161559886,L10_continuous_numeric
0.1,0.099,7.225663103256525,0.4563570960498036,L10_continuous_numeric
0.1,0.099,7.288494956328321,0.4598449734018653,L10_continuous_numeric
0.1,0.099,7.351326809400116,0.4589124130929523,L10_continuous_numeric
0.1,0.099,7.414158662471912,0.45435428478239337,L10_continuous_numeric
0.1,0.099,7.476990515543707,0.4488195123522276,L10_continuous_numeric
0.1,0.099,7.539822368615503,0.4449322615198036,L10_continuous_numeric
0.1,0.099,7.6026542216873,0.4404697172002949,L10_continuous_numeric
0.1,0.099,7.665486074759095,0.44219118888598835,L10_continuous_numeric
0.1,0.099,7.728317927830891,0.43562354938513276,L10_continuous_numeric
0.1,0.099,7.791149780902686,0.4305091429982273,L10_continuous_numeric
0.1,0.099,7.853981633974482,0.4363153213347203,L10_continuous_numeric
0.1,0.099,7.916813487046279,0.43372700964875516,L10_continuous_numeric
0.1,0.099,7.979645340118075,0.42380213665439975,L10_continuous_numeric
0.1,0.099,8.042477193189871,0.4223606185373467,L10_continuous_numeric
0.1,0.099,8.105309046261667,0.4200089606078019,L10_continuous_numeric
0.1,0.099,8.168140899333462,0.417505538721426,L10_continuous_numeric
0.1,0.099,8.230972752405258,0.41818959066608574,L10_continuous_numeric
0.1,0.099,8.293804605477055,0.4130391894753711,L10_continuous_numeric
0.1,0.099,8.35663645854885,0.40994984947656116,L10_continuous_numeric
0.1,0.099,8.419468311620646,0.4175658925319664,L10_continuous_numeric
0.1,0.099,8.482300164692441,0.4056285173568257,L10_continuous_numeric
0.1,0.099,8.545132017764239,0.4029039189192997,L10_continuous_numeric
0.1,0.099,8.607963870836034,0.4031956510741965,L10_continuous_numeric
0.1,0.099,8.67079572390783,0.4043637971406023,L10_continuous_numeric
0.1,0.099,8.733627576979625,0.4000097237506057,L10_continuous_numeric
0.1,0.099,8.79645943005142,0.39954438603771164,L10_continuous_numeric
0.1,0.099,8.859291283123216,0.3956516579678175,L10_continuous_numeric
0.1,0.099,8.922123136195014,0.39121513005799424,L10_continuous_numeric
0.1,0.099,8.984954989266809,0.3942079453582573,L10_continuous_numeric
0.1,0.099,9.047786842338605,0.38247138449675167,L10_continuous_numeric
0.1,0.099,9.1106186954104,0.3915364232255434,L10_continuous_numeric
0.1,0.099,9.173450548482196,0.38758814171478595,L10_continuous_numeric
0.1,0.099,9.236282401553993,0.3855902938442038,L10_continuous_numeric
0.1,0.099,9.299114254625788,0.3851996642068364,L10_continuous_numeric
0.1,0.099,9.361946107697584,0.38450204568928614,L10_continuous_numeric
0.1,0.099,9.42477796076938,0.3827482085269339,L10_continuous_numeric
0.1,0.099,9.487609813841175,0.37914693068588207,L10_continuous_numeric
0.1,0.099,9.55044166691297,0.3758164657460112,L10_continuous_numeric
0.1,0.099,9.613273519984768,0.3785459401108321,L10_continuous_numeric
0.1,0.099,9.676105373056563,0.3772379141864436,L10_continuous_numeric
0.1,0.099,9.738937226128359,0.3744708014259757,L10_continuous_numeric
0.1,0.099,9.801769079200154,0.37057399610387853,L10_continuous_numeric
0.1,0.099,9.86460093227195,0.36948264482340476,L10_continuous_numeric
0.1,0.099,9.927432785343747,0.3752386381054486,L10_continuous_numeric
0.1,0.099,9.990264638415542,0.36440394889116334,L10_continuous_numeric
0.1,0.099,10.053096491487338,0.3656379099494932,L10_continuous_numeric
0.1,0.099,10.115928344559133,0.3641231208961409,L10_continuous_numeric
0.1,0.099,10.178760197630929,0.3615782492038857,L10_continuous_numeric
0.1,0.099,10.241592050702724,0.36467730845188906,L10_continuous_numeric
0.1,0.099,10.30442390377452,0.3647957778207659,L10_continuous_numeric
0.1,0.099,10.367255756846316,0.35634155266163153,L10_continuous_numeric
0.1,0.099,10.430087609918115,0.35844935332376426,L10_continuous_numeric
0.1,0.099,10.49291946298991,0.3618757019741118,L10_continuous_numeric
0.1,0.099,10.555751316061706,0.35955871012377705,L10_continuous_numeric
0.1,0.099,10.618583169133501,0.3586278170977672,L10_continuous_numeric
0.1,0.099,10.681415022205297,0.35423598701321235,L10_continuous_numeric
0.1,0.099,10.744246875277092,0.35452730843076585,L10_continuous_numeric
0.1,0.099,10.807078728348888,0.35312424877383997,L10_continuous_numeric
0.1,0.099,10.869910581420683,0.35669672912450956,L10_continuous_numeric
0.1,0.099,10.932742434492479,0.35644442850096675,L10_continuous_numeric
0.1,0.099,10.995574287564274,0.35228441603391686,L10_continuous_numeric
0.1,0.099,11.058406140636071,0.3475427038490181,L10_continuous_numeric
0.1,0.099,11.121237993707869,0.3509706168814537,L10_continuous_numeric
0.1,0.099,11.184069846779664,0.352974416099784,L10_continuous_numeric
0.1,0.099,11.24690169985146,0.3475704711692073,L10_continuous_numeric
0.1,0.099,11.309733552923255,0.34891136791041505,L10_continuous_numeric
0.1,0.099,11.37256540599505,0.346619899962845,L10_continuous_numeric
0.1,0.099,11.435397259066846,0.3489728552064381,L10_continuous_numeric
0.1,0.099,11.498229112138642,0.3455865046172256,L10_continuous_numeric
0.1,0.099,11.561060965210437,0.34966075400883934,L10_continuous_numeric
0.1,0.099,11.623892818282235,0.34584098614776526,L10_continuous_numeric
0.1,0.099,11.68672467135403,0.34419952672411525,L10_continuous_numeric
0.1,0.099,11.749556524425827,0.3464850890846766,L10_continuous_numeric
0.1,0.099,11.812388377497623,0.34714410193541384,L10_continuous_numeric
0.1,0.099,11.875220230569418,0.3444630775320771,L10_continuous_numeric
0.1,0.099,11.938052083641214,0.3456731286880133,L10_continuous_numeric
0.1,0.099,12.00088393671301,0.336693978064463,L10_continuous_numeric
0.1,0.099,12.063715789784805,0.34309042488610886,L10_continuous_numeric
0.1,0.099,12.1265476428566,0.3405701943712061,L10_continuous_numeric
0.1,0.099,12.189379495928398,0.3415033817207052,L10_continuous_numeric
0.1,0.099,12.252211349000193,0.34771388725040364,L10_continuous_numeric
0.1,0.099,12.315043202071989,0.34136670878966163,L10_continuous_numeric
0.1,0.099,12.377875055143784,0.3400366639093047,L10_continuous_numeric
0.1,0.099,12.440706908215581,0.340955662696873,L10_continuous_numeric
0.1,0.099,12.503538761287377,0.3358782103409466,L10_continuous_numeric
0.1,0.099,12.566370614359172,0.3393361235026157,L10_continuous_numeric
0.1,0.099,12.629202467430968,0.33766672554323285,L10_continuous_numeric
0.1,0.099,12.692034320502763,0.341313187039783,L10_continuous_numeric
0.1,0.099,12.75486617357456,0.34015772065323646,L10_continuous_numeric
0.1,0.099,12.817698026646356,0.3403544550533274,L10_continuous_numeric
0.1,0.099,12.880529879718152,0.33959982069338385,L10_continuous_numeric
0.1,0.099,12.943361732789947,0.33815334443429274,L10_continuous_numeric
0.1,0.099,13.006193585861743,0.3410118653383773,L10_continuous_numeric
0.1,0.099,13.06902543893354,0.33983650051030656,L10_continuous_numeric
0.1,0.099,13.131857292005336,0.33736246200787545,L10_continuous_numeric
0.1,0.099,13.194689145077131,0.3396018124332366,L10_continuous_numeric
0.1,0.099,13.257520998148927,0.3366751670452007,L10_continuous_numeric
0.1,0.099,13.320352851220724,0.33816837229627744,L10_continuous_numeric
0.1,0.099,13.38318470429252,0.3370036405385577,L10_continuous_numeric
0.1,0.099,13.446016557364315,0.33875866208282834,L10_continuous_numeric
0.1,0.099,13.50884841043611,0.3364297754342034,L10_continuous_numeric
0.1,0.099,13.571680263507906,0.3381618067084757,L10_continuous_numeric
0.1,0.099,13.634512116579701,0.33947302867386836,L10_continuous_numeric
0.1,0.099,13.697343969651497,0.3374683587010397,L10_continuous_numeric
0.1,0.099,13.760175822723294,0.3342644161238199,L10_continuous_numeric
0.1,0.099,13.82300767579509,0.3391030707088993,L10_continuous_numeric
0.1,0.099,13.885839528866887,0.33970669752916116,L10_continuous_numeric
0.1,0.099,13.948671381938683,0.3393248990357608,L10_continuous_numeric
0.1,0.099,14.011503235010478,0.3399484250050914,L10_continuous_numeric
0.1,0.099,14.074335088082274,0.34107337857067793,L10_continuous_numeric
0.1,0.099,14.137166941154069,0.3367262305857169,L10_continuous_numeric
0.1,0.099,14.199998794225865,0.33878126694422145,L10_continuous_numeric
0.1,0.099,14.26283064729766,0.33994875969792404,L10_continuous_numeric
0.1,0.099,14.325662500369456,0.3381205642508258,L10_continuous_numeric
0.1,0.099,14.388494353441251,0.33797090147702497,L10_continuous_numeric
0.1,0.099,14.45132620651305,0.33865140869432087,L10_continuous_numeric
0.1,0.099,14.514158059584846,0.3388226774177039,L10_continuous_numeric
0.1,0.099,14.576989912656641,0.338193432515325,L10_continuous_numeric
0.1,0.099,14.639821765728437,0.3406484546105505,L10_continuous_numeric
0.1,0.099,14.702653618800232,0.33665875474224005,L10_continuous_numeric
0.1,0.099,14.765485471872028,0.3376414220233375,L10_continuous_numeric
0.1,0.099,14.828317324943823,0.3389643537903609,L10_continuous_numeric
0.1,0.099,14.891149178015619,0.3380402641130212,L10_continuous_numeric
0.1,0.099,14.953981031087414,0.33905131535601646,L10_continuous_numeric
0.1,0.099,15.01681288415921,0.3382336963338926,L10_continuous_numeric
0.1,0.099,15.079644737231005,0.3411782865971867,L10_continuous_numeric
0.1,0.099,15.142476590302804,0.3435036889330516,L10_continuous_numeric
0.1,0.099,15.2053084433746,0.3419989084268719,L10_continuous_numeric
0.1,0.099,15.268140296446395,0.3388211705135485,L10_continuous_numeric
0.1,0.099,15.33097214951819,0.33941526814861867,L10_continuous_numeric
0.1,0.099,15.393804002589986,0.339534078068664,L10_continuous_numeric
0.1,0.099,15.456635855661782,0.34036828606862257,L10_continuous_numeric
0.1,0.099,15.519467708733577,0.3437533608796265,L10_continuous_numeric
0.1,0.099,15.582299561805373,0.339385880434095,L10_continuous_numeric
0.1,0.099,15.645131414877168,0.3418029876700389,L10_continuous_numeric
0.1,0.099,15.707963267948964,0.3425968964177544,L10_continuous_numeric
0.1,0.099,15.770795121020763,0.34015191108075304,L10_continuous_numeric
0.1,0.099,15.833626974092558,0.34409523165816597,L10_continuous_numeric
0.1,0.099,15.896458827164354,0.34816567116061947,L10_continuous_numeric
0.1,0.099,15.95929068023615,0.3429114146495665,L10_continuous_numeric
0.1,0.099,16.022122533307947,0.34363936624487085,L10_continuous_numeric
0.1,0.099,16.084954386379742,0.3497565695846608,L10_continuous_numeric
0.1,0.099,16.147786239451538,0.3446467778636814,L10_continuous_numeric
0.1,0.099,16.210618092523333,0.34680682914276,L10_continuous_numeric
0.1,0.099,16.27344994559513,0.3480127656098637,L10_continuous_numeric
0.1,0.099,16.336281798666924,0.3454534016351633,L10_continuous_numeric
0.1,0.099,16.39911365173872,0.3461953137109167,L10_continuous_numeric
0.1,0.099,16.461945504810515,0.34819751554800427,L10_continuous_numeric
0.1,0.099,16.524777357882314,0.34471687100122017,L10_continuous_numeric
0.1,0.099,16.58760921095411,0.3495353104284477,L10_continuous_numeric
0.1,0.099,16.650441064025905,0.35103506244023835,L10_continuous_numeric
0.1,0.099,16.7132729170977,0.34916190434287486,L10_continuous_numeric
0.1,0.099,16.776104770169496,0.35077131119928745,L10_continuous_numeric
0.1,0.099,16.838936623241292,0.3505213676275624,L10_continuous_numeric
0.1,0.099,16.901768476313087,0.3499046481315003,L10_continuous_numeric
0.1,0.099,16.964600329384883,0.35055612123658975,L10_continuous_numeric
0.1,0.099,17.02743218245668,0.35349728836390054,L10_continuous_numeric
0.1,0.099,17.090264035528477,0.3515745302029135,L10_continuous_numeric
0.1,0.099,17.153095888600273,0.34829537307420955,L10_continuous_numeric
0.1,0.099,17.21592774167207,0.34884087088682747,L10_continuous_numeric
0.1,0.099,17.278759594743864,0.3516344128165755,L10_continuous_numeric
0.1,0.099,17.34159144781566,0.3529586229345221,L10_continuous_numeric
0.1,0.099,17.404423300887455,0.35545392049529534,L10_continuous_numeric
0.1,0.099,17.46725515395925,0.3541209870520312,L10_continuous_numeric
0.1,0.099,17.530087007031046,0.355940950484059,L10_continuous_numeric
0.1,0.099,17.59291886010284,0.3556754385848186,L10_continuous_numeric
0.1,0.099,17.655750713174637,0.3551525198854238,L10_continuous_numeric
0.1,0.099,17.718582566246432,0.353752139428969,L10_continuous_numeric
0.1,0.099,17.78141441931823,0.3578520885339886,L10_continuous_numeric
0.1,0.099,17.844246272390027,0.3572973500763206,L10_continuous_numeric
0.1,0.099,17.907078125461823,0.3609712436934169,L10_continuous_numeric
0.1,0.099,17.969909978533618,0.36026116966403077,L10_continuous_numeric
0.1,0.099,18.032741831605414,0.3631743658941328,L10_continuous_numeric
0.1,0.099,18.09557368467721,0.3566346342584695,L10_continuous_numeric
0.1,0.099,18.158405537749005,0.364072210868384,L10_continuous_numeric
0.1,0.099,18.2212373908208,0.3622082930454187,L10_continuous_numeric
0.1,0.099,18.284069243892596,0.36506710747113685,L10_continuous_numeric
0.1,0.099,18.34690109696439,0.3645477621151806,L10_continuous_numeric
0.1,0.099,18.409732950036187,0.3656559580396329,L10_continuous_numeric
0.1,0.099,18.472564803107986,0.3613615993186215,L10_continuous_numeric
0.1,0.099,18.53539665617978,0.3635525114012361,L10_continuous_numeric
0.1,0.099,18.598228509251577,0.3665596674260577,L10_continuous_numeric
0.1,0.099,18.661060362323372,0.364272711174473,L10_continuous_numeric
0.1,0.099,18.723892215395168,0.36194318284773125,L10_continuous_numeric
0.1,0.099,18.786724068466963,0.3656984034485851,L10_continuous_numeric
0.1,0.099,18.84955592153876,0.3656439778445415,L10_continuous_numeric
0.1,0.099,18.912387774610554,0.36923593178055547,L10_continuous_numeric
0.1,0.099,18.97521962768235,0.36667886096516633,L10_continuous_numeric
0.1,0.099,19.038051480754145,0.36802178467435537,L10_continuous_numeric
0.1,0.099,19.10088333382594,0.36815333175897613,L10_continuous_numeric
0.1,0.099,19.16371518689774,0.37074959960091547,L10_continuous_numeric
0.1,0.099,19.226547039969535,0.3692628782634059,L10_continuous_numeric
0.1,0.099,19.28937889304133,0.37241590760270665,L10_continuous_numeric
0.1,0.099,19.352210746113126,0.3717813850283135,L10_continuous_numeric
0.1,0.099,19.415042599184922,0.37039751510940305,L10_continuous_numeric
0.1,0.099,19.477874452256717,0.37518516517326933,L10_continuous_numeric
0.1,0.099,19.540706305328513,0.3767883953159001,L10_continuous_numeric
0.1,0.099,19.60353815840031,0.3740855570002288,L10_continuous_numeric
0.1,0.099,19.666370011472104,0.3744775572324819,L10_continuous_numeric
0.1,0.099,19.7292018645439,0.3764251394265811,L10_continuous_numeric
0.1,0.099,19.7920337176157,0.37493096850296764,L10_continuous_numeric
0.1,0.099,19.854865570687494,0.3752977564499898,L10_continuous_numeric
0.1,0.099,19.91769742375929,0.3818766832873172,L10_continuous_numeric
0.1,0.099,19.980529276831085,0.3730745618812578,L10_continuous_numeric
0.1,0.099,20.04336112990288,0.3796767297953229,L10_continuous_numeric
0.1,0.099,20.106192982974676,0.37881579609768373,L10_continuous_numeric
0.1,0.099,20.16902483604647,0.3769548965371659,L10_continuous_numeric
0.1,0.099,20.231856689118267,0.38099212916884784,L10_continuous_numeric
0.1,0.099,20.294688542190062,0.3764093002323173,L10_continuous_numeric
0.1,0.099,20.357520395261858,0.3809468896712741,L10_continuous_numeric
0.1,0.099,20.420352248333653,0.3798309189579104,L10_continuous_numeric
0.1,0.099,20.48318410140545,0.38023267910449343,L10_continuous_numeric
0.1,0.099,20.546015954477248,0.3844521185817293,L10_continuous_numeric
0.1,0.099,20.60884780754904,0.383074855580637,L10_continuous_numeric
0.1,0.099,20.67167966062084,0.38203233428889793,L10_continuous_numeric
0.1,0.099,20.73451151369263,0.38518291492133544,L10_continuous_numeric
0.1,0.099,20.79734336676443,0.3858909597791542,L10_continuous_numeric
0.1,0.099,20.86017521983623,0.383029962192826,L10_continuous_numeric
0.1,0.099,20.92300707290802,0.38596679779938525,L10_continuous_numeric
0.1,0.099,20.98583892597982,0.38476480857941586,L10_continuous_numeric
0.1,0.099,21.048670779051612,0.38503151019901855,L10_continuous_numeric
0.1,0.099,21.11150263212341,0.3848955016432297,L10_continuous_numeric
0.1,0.099,21.174334485195203,0.3908649463915147,L10_continuous_numeric
0.1,0.099,21.237166338267002,0.3913855249807365,L10_continuous_numeric
0.1,0.099,21.299998191338794,0.3890823725826521,L10_continuous_numeric
0.1,0.099,21.362830044410593,0.3906720639277175,L10_continuous_numeric
0.1,0.099,21.425661897482385,0.3885848597795776,L10_continuous_numeric
0.1,0.099,21.488493750554184,0.3924943693881366,L10_continuous_numeric
0.1,0.099,21.551325603625983,0.39283737169304794,L10_continuous_numeric
0.1,0.099,21.614157456697775,0.39117331822772694,L10_continuous_numeric
0.1,0.099,21.676989309769574,0.3925687695230071,L10_continuous_numeric
0.1,0.099,21.739821162841366,0.39220111459855445,L10_continuous_numeric
0.1,0.099,21.802653015913165,0.3966199173474793,L10_continuous_numeric
0.1,0.099,21.865484868984957,0.3962878578265772,L10_continuous_numeric
0.1,0.099,21.928316722056756,0.39833346944656584,L10_continuous_numeric
0.1,0.099,21.99114857512855,0.39714329093154677,L10_continuous_numeric
0.1,0.099,22.053980428200347,0.39851486351275106,L10_continuous_numeric
0.1,0.099,22.116812281272143,0.39783772015186475,L10_continuous_numeric
0.1,0.099,22.17964413434394,0.3961011748092403,L10_continuous_numeric
0.1,0.099,22.242475987415737,0.3990938572144345,L10_continuous_numeric
0.1,0.099,22.30530784048753,0.4013821069558338,L10_continuous_numeric
0.1,0.099,22.36813969355933,0.40115476394201693,L10_continuous_numeric
0.1,0.099,22.43097154663112,0.3980767830797647,L10_continuous_numeric
0.1,0.099,22.49380339970292,0.3985431735719847,L10_continuous_numeric
0.1,0.099,22.55663525277471,0.4003838719517109,L10_continuous_numeric
0.1,0.099,22.61946710584651,0.4011668754716265,L10_continuous_numeric
0.1,0.099,22.682298958918306,0.40530272165424236,L10_continuous_numeric
0.1,0.099,22.7451308119901,0.4021543947912736,L10_continuous_numeric
0.1,0.099,22.8079626650619,0.40432232149161934,L10_continuous_numeric
0.1,0.099,22.870794518133692,0.4052693037761375,L10_continuous_numeric
0.1,0.099,22.93362637120549,0.4056241514940718,L10_continuous_numeric
0.1,0.099,22.996458224277283,0.40545920471900093,L10_continuous_numeric
0.1,0.099,23.059290077349083,0.40289180438433864,L10_continuous_numeric
0.1,0.099,23.122121930420874,0.40407537200154486,L10_continuous_numeric
0.1,0.099,23.184953783492674,0.4077927863782344,L10_continuous_numeric
0.1,0.099,23.24778563656447,0.4085566822220447,L10_continuous_numeric
0.1,0.099,23.310617489636265,0.4106114534864081,L10_continuous_numeric
0.1,0.099,23.37344934270806,0.4102893770535195,L10_continuous_numeric
0.1,0.099,23.436281195779856,0.4043983435065392,L10_continuous_numeric
0.1,0.099,23.499113048851655,0.41249977232613805,L10_continuous_numeric
0.1,0.099,23.561944901923447,0.41182940497526493,L10_continuous_numeric
0.1,0.099,23.624776754995246,0.4134304998744381,L10_continuous_numeric
0.1,0.099,23.687608608067038,0.4151138566027513,L10_continuous_numeric
0.1,0.099,23.750440461138837,0.4159230845246901,L10_continuous_numeric
0.1,0.099,23.813272314210632,0.41555573358148895,L10_continuous_numeric
0.1,0.099,23.876104167282428,0.4142348843026716,L10_continuous_numeric
0.1,0.099,23.938936020354223,0.4135809849697318,L10_continuous_numeric
0.1,0.099,24.00176787342602,0.4180521828901177,L10_continuous_numeric
0.1,0.099,24.064599726497814,0.41311350332402996,L10_continuous_numeric
0.1,0.099,24.12743157956961,0.4169295239542227,L10_continuous_numeric
0.1,0.099,24.19026343264141,0.41611527896041284,L10_continuous_numeric
0.1,0.099,24.2530952857132,0.4159448635629949,L10_continuous_numeric
0.1,0.099,24.315927138785,0.4204364126251414,L10_continuous_numeric
0.1,0.099,24.378758991856795,0.42195706407833605,L10_continuous_numeric
0.1,0.099,24.44159084492859,0.4206461857106268,L10_continuous_numeric
0.1,0.099,24.504422698000386,0.4221935569052497,L10_continuous_numeric
0.1,0.099,24.567254551072182,0.41849834808240977,L10_continuous_numeric
0.1,0.099,24.630086404143977,0.4223839580572532,L10_continuous_numeric
0.1,0.099,24.692918257215773,0.4235579167099931,L10_continuous_numeric
0.1,0.099,24.75575011028757,0.4216118802855533,L10_continuous_numeric
0.1,0.099,24.818581963359364,0.4211711772245057,L10_continuous_numeric
0.1,0.099,24.881413816431163,0.42415257053689737,L10_continuous_numeric
0.1,0.099,24.94424566950296,0.4223155868552802,L10_continuous_numeric
0.1,0.099,25.007077522574754,0.4196421907965994,L10_continuous_numeric
0.1,0.099,25.06990937564655,0.42217222337199745,L10_continuous_numeric
0.1,0.099,25.132741228718345,0.42633465553687744,L10_continuous_numeric
0.1,0.099,25.19557308179014,0.4248942410933028,L10_continuous_numeric
0.1,0.099,25.258404934861936,0.4259644704699148,L10_continuous_numeric
0.1,0.099,25.32123678793373,0.426842733193426,L10_continuous_numeric
0.1,0.099,25.384068641005527,0.4294546527139555,L10_continuous_numeric
0.1,0.099,25.446900494077322,0.4292704861902145,L10_continuous_numeric
0.1,0.099,25.50973234714912,0.4268441862273484,L10_continuous_numeric
0.1,0.099,25.572564200220917,0.4304025507711446,L10_continuous_numeric
0.1,0.099,25.635396053292713,0.4322807157584983,L10_continuous_numeric
0.1,0.099,25.698227906364508,0.43092603909083416,L10_continuous_numeric
0.1,0.099,25.761059759436304,0.4353319047297039,L10_continuous_numeric
0.1,0.099,25.8238916125081,0.43187867015591763,L10_continuous_numeric
0.1,0.099,25.886723465579895,0.4318365631299529,L10_continuous_numeric
0.1,0.099,25.94955531865169,0.42783999572653647,L10_continuous_numeric
0.1,0.099,26.012387171723486,0.4372003966416211,L10_continuous_numeric
0.1,0.099,26.075219024795285,0.43000689018958205,L10_continuous_numeric
0.1,0.099,26.13805087786708,0.43121113038256254,L10_continuous_numeric
0.1,0.099,26.200882730938876,0.4331463715539595,L10_continuous_numeric
0.1,0.099,26.26371458401067,0.4360663554896936,L10_continuous_numeric
0.1,0.099,26.326546437082467,0.4337890770003531,L10_continuous_numeric
0.1,0.099,26.389378290154262,0.43932810969628744,L10_continuous_numeric
0.1,0.099,26.452210143226058,0.43926230349877604,L10_continuous_numeric
0.1,0.099,26.515041996297853,0.4387624910309447,L10_continuous_numeric
0.1,0.099,26.57787384936965,0.4375802662940511,L10_continuous_numeric
0.1,0.099,26.640705702441448,0.43675102113030456,L10_continuous_numeric
0.1,0.099,26.70353755551324,0.438908010368645,L10_continuous_numeric
0.1,0.099,26.76636940858504,0.4413050930647381,L10_continuous_numeric
0.1,0.099,26.829201261656834,0.4372315126320866,L10_continuous_numeric
0.1,0.099,26.89203311472863,0.4434366062776245,L10_continuous_numeric
0.1,0.099,26.954864967800425,0.4389124397857581,L10_continuous_numeric
0.1,0.099,27.01769682087222,0.439707602489048,L10_continuous_numeric
0.1,0.099,27.080528673944016,0.44286259322224975,L10_continuous_numeric
0.1,0.099,27.143360527015812,0.4429117926973709,L10_continuous_numeric
0.1,0.099,27.20619238008761,0.44379073432170146,L10_continuous_numeric
0.1,0.099,27.269024233159403,0.4440300787226645,L10_continuous_numeric
0.1,0.099,27.331856086231202,0.4445472643342168,L10_continuous_numeric
0.1,0.099,27.394687939302994,0.4437748342967386,L10_continuous_numeric
0.1,0.099,27.457519792374793,0.44302739188720863,L10_continuous_numeric
0.1,0.099,27.52035164544659,0.44428128033286596,L10_continuous_numeric
0.1,0.099,27.583183498518384,0.4423898537990513,L10_continuous_numeric
0.1,0.099,27.64601535159018,0.44577469023101457,L10_continuous_numeric
0.1,0.099,27.708847204661975,0.4425550958594929,L10_continuous_numeric
0.1,0.099,27.771679057733774,0.4479572840969915,L10_continuous_numeric
0.1,0.099,27.834510910805566,0.4482751499936871,L10_continuous_numeric
0.1,0.099,27.897342763877365,0.44809990620005236,L10_continuous_numeric
0.1,0.099,27.960174616949157,0.44669315389310416,L10_continuous_numeric
0.1,0.099,28.023006470020956,0.45059953536345404,L10_continuous_numeric
0.1,0.099,28.085838323092748,0.44794498561850454,L10_continuous_numeric
0.1,0.099,28.148670176164547,0.45159370803601595,L10_continuous_numeric
0.1,0.099,28.211502029236343,0.44869139601812286,L10_continuous_numeric
0.1,0.099,28.274333882308138,0.4500608550509438,L10_continuous_numeric
0.1,0.099,28.337165735379937,0.4512685232427203,L10_continuous_numeric
0.1,0.099,28.39999758845173,0.4502261195466917,L10_continuous_numeric
0.1,0.099,28.462829441523528,0.44896353005300166,L10_continuous_numeric
0.1,0.099,28.52566129459532,0.45121127906571634,L10_continuous_numeric
0.1,0.099,28.58849314766712,0.45541845084406085,L10_continuous_numeric
0.1,0.099,28.65132500073891,0.4485048224674622,L10_continuous_numeric
0.1,0.099,28.71415685381071,0.4576650374931671,L10_continuous_numeric
0.1,0.099,28.776988706882502,0.4562300890582719,L10_continuous_numeric
0.1,0.099,28.8398205599543,0.4541049317578903,L10_continuous_numeric
0.1,0.099,28.9026524130261,0.45784087791381156,L10_continuous_numeric
0.1,0.099,28.965484266097892,0.45881476733696963,L10_continuous_numeric
0.1,0.099,29.02831611916969,0.45530937435923685,L10_continuous_numeric
0.1,0.099,29.091147972241483,0.4567552044613632,L10_continuous_numeric
0.1,0.099,29.153979825313282,0.45689798724845376,L10_continuous_numeric
0.1,0.099,29.216811678385074,0.4616500572402519,L10_continuous_numeric
0.1,0.099,29.279643531456873,0.45785821022897333,L10_continuous_numeric
0.1,0.099,29.342475384528665,0.45380337466702214,L10_continuous_numeric
0.1,0.099,29.405307237600464,0.4588917400715769,L10_continuous_numeric
0.1,0.099,29.468139090672256,0.46019421958982304,L10_continuous_numeric
0.1,0.099,29.530970943744055,0.45713579581428837,L10_continuous_numeric
0.1,0.099,29.593802796815854,0.4590630790089231,L10_continuous_numeric
0.1,0.099,29.656634649887646,0.46119889317101886,L10_continuous_numeric
0.1,0.099,29.719466502959445,0.45721036736880233,L10_continuous_numeric
0.1,0.099,29.782298356031237,0.45957161854644535,L10_continuous_numeric
0.1,0.099,29.845130209103036,0.46216556243731777,L10_continuous_numeric
0.1,0.099,29.90796206217483,0.46306934390437665,L10_continuous_numeric
0.1,0.099,29.970793915246627,0.46100205942442385,L10_continuous_numeric
0.1,0.099,30.03362576831842,0.46699133732018755,L10_continuous_numeric
0.1,0.099,30.09645762139022,0.46502252925351206,L10_continuous_numeric
0.1,0.099,30.15928947446201,0.46089403857997985,L10_continuous_numeric
0.1,0.099,30.22212132753381,0.46409431544420876,L10_continuous_numeric
0.1,0.099,30.28495318060561,0.46764664076152035,L10_continuous_numeric
0.1,0.099,30.3477850336774,0.4640154462253985,L10_continuous_numeric
0.1,0.099,30.4106168867492,0.4617619853782915,L10_continuous_numeric
0.1,0.099,30.47344873982099,0.4666314091520537,L10_continuous_numeric
0.1,0.099,30.53628059289279,0.4684031139398043,L10_continuous_numeric
0.1,0.099,30.599112445964582,0.464423095774877,L10_continuous_numeric
0.1,0.099,30.66194429903638,0.4678273937306269,L10_continuous_numeric
0.1,0.099,30.724776152108173,0.4672928520308218,L10_continuous_numeric
0.1,0.099,30.787608005179973,0.4683209919247879,L10_continuous_numeric
0.1,0.099,30.85043985825177,0.46728280361733215,L10_continuous_numeric
0.1,0.099,30.913271711323564,0.4679020191906818,L10_continuous_numeric
0.1,0.099,30.976103564395363,0.4700523786418152,L10_continuous_numeric
0.1,0.099,31.038935417467155,0.4679015666187426,L10_continuous_numeric
0.1,0.099,31.101767270538954,0.4661306518557512,L10_continuous_numeric
0.1,0.099,31.164599123610746,0.46916612287992754,L10_continuous_numeric
0.1,0.099,31.227430976682545,0.4676927737388243,L10_continuous_numeric
0.1,0.099,31.290262829754337,0.46953578180216504,L10_continuous_numeric
0.1,0.099,31.353094682826136,0.468459822593648,L10_continuous_numeric
0.1,0.099,31.415926535897928,0.4701774647147854,L10_continuous_numeric
0.1,0.099,31.478758388969727,0.4713891547277383,L10_continuous_numeric
0.1,0.099,31.541590242041526,0.4735603080156698,L10_continuous_numeric
0.1,0.099,31.604422095113318,0.46947048174730416,L10_continuous_numeric
0.1,0.099,31.667253948185117,0.4720198558096761,L10_continuous_numeric
0.1,0.099,31.73008580125691,0.4691236157483052,L10_continuous_numeric
0.1,0.099,31.792917654328708,0.47268207949427915,L10_continuous_numeric
0.1,0.099,31.8557495074005,0.47208572627036266,L10_continuous_numeric
0.1,0.099,31.9185813604723,0.47337526783830636,L10_continuous_numeric
0.1,0.099,31.98141321354409,0.46993389290128557,L10_continuous_numeric
0.1,0.099,32.04424506661589,0.47279784093464144,L10_continuous_numeric
0.1,0.099,32.107076919687685,0.47503172697557217,L10_continuous_numeric
0.1,0.099,32.169908772759484,0.47458648750584326,L10_continuous_numeric
0.1,0.099,32.232740625831276,0.4824617066046256,L10_continuous_numeric
0.1,0.099,32.295572478903075,0.47930887523807186,L10_continuous_numeric
0.1,0.099,32.35840433197487,0.48365407756764167,L10_continuous_numeric
0.1,0.099,32.421236185046666,0.48075780264942847,L10_continuous_numeric
0.1,0.099,32.484068038118465,0.4884289356181091,L10_continuous_numeric
0.1,0.099,32.54689989119026,0.4914459007299231,L10_continuous_numeric
0.1,0.099,32.60973174426206,0.48877234641613276,L10_continuous_numeric
0.1,0.099,32.67256359733385,0.48819762856158627,L10_continuous_numeric
0.1,0.099,32.73539545040565,0.4903305877266764,L10_continuous_numeric
0.1,0.099,32.79822730347744,0.49350476244038394,L10_continuous_numeric
0.1,0.099,32.86105915654924,0.49541618396702963,L10_continuous_numeric
0.1,0.099,32.92389100962103,0.4946751366007204,L10_continuous_numeric
0.1,0.099,32.98672286269283,0.49727018768043846,L10_continuous_numeric
0.1,0.099,33.04955471576463,0.4989955711545735,L10_continuous_numeric
0.1,0.099,33.11238656883642,0.49598276741752134,L10_continuous_numeric
0.1,0.099,33.17521842190822,0.5035540556881771,L10_continuous_numeric
0.1,0.099,33.23805027498001,0.5027007560362713,L10_continuous_numeric
0.1,0.099,33.30088212805181,0.5004461778102932,L10_continuous_numeric
0.1,0.099,33.3637139811236,0.4985727437313007,L10_continuous_numeric
0.1,0.099,33.4265458341954,0.5059477380918928,L10_continuous_numeric
0.1,0.099,33.48937768726719,0.5027065220432608,L10_continuous_numeric
0.1,0.099,33.55220954033899,0.5031505803380883,L10_continuous_numeric
0.1,0.099,33.61504139341079,0.5066871807113056,L10_continuous_numeric
0.1,0.099,33.677873246482584,0.5070067903871103,L10_continuous_numeric
0.1,0.099,33.74070509955438,0.5042003253596897,L10_continuous_numeric
0.1,0.099,33.803536952626175,0.506746223312827,L10_continuous_numeric
0.1,0.099,33.866368805697974,0.5088974283478841,L10_continuous_numeric
0.1,0.099,33.929200658769766,0.5107131947176883,L10_continuous_numeric
0.1,0.099,33.992032511841565,0.5060330834608382,L10_continuous_numeric
0.1,0.099,34.05486436491336,0.5121653851704662,L10_continuous_numeric
0.1,0.099,34.117696217985156,0.5095353740192107,L10_continuous_numeric
0.1,0.099,34.180528071056955,0.5154523164410775,L10_continuous_numeric
0.1,0.099,34.24335992412875,0.5146860535741475,L10_continuous_numeric
0.1,0.099,34.306191777200546,0.5182561394256244,L10_continuous_numeric
0.1,0.099,34.36902363027234,0.5137506565537171,L10_continuous_numeric
0.1,0.099,34.43185548334414,0.5152712661185904,L10_continuous_numeric
0.1,0.099,34.49468733641593,0.520467334405304,L10_continuous_numeric
0.1,0.099,34.55751918948773,0.5211893083324852,L10_continuous_numeric
0.1,0.099,34.62035104255952,0.5240799417374141,L10_continuous_numeric
0.1,0.099,34.68318289563132,0.5179622852196425,L10_continuous_numeric
0.1,0.099,34.74601474870311,0.5151688959743346,L10_continuous_numeric
0.1,0.099,34.80884660177491,0.522292640913048,L10_continuous_numeric
0.1,0.099,34.87167845484671,0.5222754928911038,L10_continuous_numeric
0.1,0.099,34.9345103079185,0.5298580211423343,L10_continuous_numeric
0.1,0.099,34.9973421609903,0.5241393298177449,L10_continuous_numeric
0.1,0.099,35.06017401406209,0.5257260252199629,L10_continuous_numeric
0.1,0.099,35.12300586713389,0.5256049725834305,L10_continuous_numeric
0.1,0.099,35.18583772020568,0.5279886221884356,L10_continuous_numeric
0.1,0.099,35.24866957327748,0.5262477572794831,L10_continuous_numeric
0.1,0.099,35.311501426349274,0.5334767153646058,L10_continuous_numeric
0.1,0.099,35.37433327942107,0.5292114319749208,L10_continuous_numeric
0.1,0.099,35.437165132492865,0.5309236058679203,L10_continuous_numeric
0.1,0.099,35.499996985564664,0.5257445939719089,L10_continuous_numeric
0.1,0.099,35.56282883863646,0.5292956333402498,L10_continuous_numeric
0.1,0.099,35.625660691708255,0.5278501826878418,L10_continuous_numeric
0.1,0.099,35.688492544780054,0.53573025716633,L10_continuous_numeric
0.1,0.099,35.751324397851846,0.5297725060944068,L10_continuous_numeric
0.1,0.099,35.814156250923645,0.5313278877915727,L10_continuous_numeric
0.1,0.099,35.87698810399544,0.5348641316826528,L10_continuous_numeric
0.1,0.099,35.939819957067236,0.5373523934635324,L10_continuous_numeric
0.1,0.099,36.00265181013903,0.534045153021579,L10_continuous_numeric
0.1,0.099,36.06548366321083,0.537566836757765,L10_continuous_numeric
0.1,0.099,36.12831551628262,0.5384173149684536,L10_continuous_numeric
0.1,0.099,36.19114736935442,0.5322567626676016,L10_continuous_numeric
0.1,0.099,36.25397922242622,0.5353814727185908,L10_continuous_numeric
0.1,0.099,36.31681107549801,0.537202887548229,L10_continuous_numeric
0.1,0.099,36.37964292856981,0.5386230015825235,L10_continuous_numeric
0.1,0.099,36.4424747816416,0.5421473491391543,L10_continuous_numeric
0.1,0.099,36.5053066347134,0.5376823811450689,L10_continuous_numeric
0.1,0.099,36.56813848778519,0.5435218929741062,L10_continuous_numeric
0.1,0.099,36.63097034085699,0.5407326225634275,L10_continuous_numeric
0.1,0.099,36.69380219392878,0.5435458765575748,L10_continuous_numeric
0.1,0.099,36.75663404700058,0.5403661976424338,L10_continuous_numeric
0.1,0.099,36.81946590007237,0.5433442569335722,L10_continuous_numeric
0.1,0.099,36.88229775314417,0.54194262458005,L10_continuous_numeric
0.1,0.099,36.94512960621597,0.5486116940469314,L10_continuous_numeric
0.1,0.099,37.00796145928776,0.5447760567457013,L10_continuous_numeric
0.1,0.099,37.07079331235956,0.5471739668492239,L10_continuous_numeric
0.1,0.099,37.133625165431354,0.5412081212123061,L10_continuous_numeric
0.1,0.099,37.19645701850315,0.5475364146220233,L10_continuous_numeric
0.1,0.099,37.259288871574945,0.5451629767849019,L10_continuous_numeric
0.1,0.099,37.322120724646744,0.5434654901171143,L10_continuous_numeric
0.1,0.099,37.384952577718536,0.5509683250141195,L10_continuous_numeric
0.1,0.099,37.447784430790335,0.5487498497388837,L10_continuous_numeric
0.1,0.099,37.51061628386213,0.546137061442422,L10_continuous_numeric
0.1,0.099,37.573448136933926,0.5550066799320797,L10_continuous_numeric
0.1,0.099,37.636279990005725,0.5497245116811593,L10_continuous_numeric
0.1,0.099,37.69911184307752,0.5487481556802671,L10_continuous_numeric
0.1,0.099,37.76194369614932,0.5530196982253704,L10_continuous_numeric
0.1,0.099,37.82477554922111,0.5480722249458886,L10_continuous_numeric
0.1,0.099,37.88760740229291,0.5525862239833119,L10_continuous_numeric
0.1,0.099,37.9504392553647,0.5539240297718955,L10_continuous_numeric
0.1,0.099,38.0132711084365,0.5568508376721286,L10_continuous_numeric
0.1,0.099,38.07610296150829,0.5554920158802785,L10_continuous_numeric
0.1,0.099,38.13893481458009,0.559739672668616,L10_continuous_numeric
0.1,0.099,38.20176666765188,0.5533885940654449,L10_continuous_numeric
0.1,0.099,38.26459852072368,0.5534920497028738,L10_continuous_numeric
0.1,0.099,38.32743037379548,0.5607741461090228,L10_continuous_numeric
0.1,0.099,38.39026222686727,0.5605742398965022,L10_continuous_numeric
0.1,0.099,38.45309407993907,0.5534856219038939,L10_continuous_numeric
0.1,0.099,38.51592593301086,0.5551899576667059,L10_continuous_numeric
0.1,0.099,38.57875778608266,0.5625106761961541,L10_continuous_numeric
0.1,0.099,38.64158963915445,0.5589189489705235,L10_continuous_numeric
0.1,0.099,38.70442149222625,0.5560966718883945,L10_continuous_numeric
0.1,0.099,38.767253345298045,0.5610483377618523,L10_continuous_numeric
0.1,0.099,38.830085198369844,0.5645609313592109,L10_continuous_numeric
0.1,0.099,38.89291705144164,0.5556719630584247,L10_continuous_numeric
0.1,0.099,38.955748904513435,0.5554881139711865,L10_continuous_numeric
0.1,0.099,39.018580757585234,0.56175592019877,L10_continuous_numeric
0.1,0.099,39.081412610657026,0.5620463050266122,L10_continuous_numeric
0.1,0.099,39.144244463728825,0.5640350848323594,L10_continuous_numeric
0.1,0.099,39.20707631680062,0.570674833072301,L10_continuous_numeric
0.1,0.099,39.269908169872416,0.5651982761997988,L10_continuous_numeric
0.1,0.099,39.33274002294421,0.5668658532974646,L10_continuous_numeric
0.1,0.099,39.39557187601601,0.5621012808919862,L10_continuous_numeric
0.1,0.099,39.4584037290878,0.5600824748290828,L10_continuous_numeric
0.1,0.099,39.5212355821596,0.5646169848698928,L10_continuous_numeric
0.1,0.099,39.5840674352314,0.5639655233437806,L10_continuous_numeric
0.1,0.099,39.64689928830319,0.5595219336335053,L10_continuous_numeric
0.1,0.099,39.70973114137499,0.5688896377185549,L10_continuous_numeric
0.1,0.099,39.77256299444678,0.5661846225558766,L10_continuous_numeric
0.1,0.099,39.83539484751858,0.5668885695008467,L10_continuous_numeric
0.1,0.099,39.89822670059037,0.5680107872745169,L10_continuous_numeric
0.1,0.099,39.96105855366217,0.5744820893755025,L10_continuous_numeric
0.1,0.099,40.02389040673396,0.5553195751039346,L10_continuous_numeric
0.1,0.099,40.08672225980576,0.57149485049428,L10_continuous_numeric
0.1,0.099,40.14955411287755,0.5672786796435199,L10_continuous_numeric
0.1,0.099,40.21238596594935,0.5654266491796872,L10_continuous_numeric
0.1,0.099,40.27521781902115,0.574156498127669,L10_continuous_numeric
0.1,0.099,40.33804967209294,0.5728604981446149,L10_continuous_numeric
0.1,0.099,40.40088152516474,0.5681479166496786,L10_continuous_numeric
0.1,0.099,40.463713378236534,0.56634055470786,L10_continuous_numeric
0.1,0.099,40.52654523130833,0.5701780380307485,L10_continuous_numeric
0.1,0.099,40.589377084380125,0.5613017064993104,L10_continuous_numeric
0.1,0.099,40.652208937451924,0.573701571447275,L10_continuous_numeric
0.1,0.099,40.715040790523716,0.5670622591036213,L10_continuous_numeric
0.1,0.099,40.777872643595515,0.5707898263387448,L10_continuous_numeric
0.1,0.099,40.84070449666731,0.569761495684284,L10_continuous_numeric
0.1,0.099,40.903536349739106,0.5820847980402944,L10_continuous_numeric
0.1,0.099,40.9663682028109,0.5758544855436006,L10_continuous_numeric
0.1,0.099,41.029200055882704,0.5731074162296432,L10_continuous_numeric
0.1,0.099,41.092031908954496,0.5640297965617728,L10_continuous_numeric
0.1,0.099,41.15486376202629,0.5750024503930353,L10_continuous_numeric
0.1,0.099,41.21769561509808,0.5636357072000063,L10_continuous_numeric
0.1,0.099,41.280527468169886,0.5722640711874972,L10_continuous_numeric
0.1,0.099,41.34335932124168,0.5736996508828869,L10_continuous_numeric
0.1,0.099,41.40619117431347,0.5844541537763732,L10_continuous_numeric
0.1,0.099,41.46902302738526,0.5719900005603162,L10_continuous_numeric
0.1,0.099,41.53185488045707,0.5777588248902173,L10_continuous_numeric
0.1,0.099,41.59468673352886,0.5622765276235597,L10_continuous_numeric
0.1,0.099,41.65751858660065,0.5736037635284658,L10_continuous_numeric
0.1,0.099,41.72035043967246,0.5741617443071176,L10_continuous_numeric
0.1,0.099,41.78318229274425,0.5766719166435056,L10_continuous_numeric
0.1,0.099,41.84601414581604,0.5719313907552415,L10_continuous_numeric
0.1,0.099,41.908845998887834,0.581808261989888,L10_continuous_numeric
0.1,0.099,41.97167785195964,0.5747810353563249,L10_continuous_numeric
0.1,0.099,42.03450970503143,0.589939384332248,L10_continuous_numeric
0.1,0.099,42.097341558103224,0.5892309649971705,L10_continuous_numeric
0.1,0.099,42.160173411175016,0.5786520468062115,L10_continuous_numeric
0.1,0.099,42.22300526424682,0.5789101191365432,L10_continuous_numeric
0.1,0.099,42.285837117318614,0.5817117605361477,L10_continuous_numeric
0.1,0.099,42.348668970390406,0.576648662680624,L10_continuous_numeric
0.1,0.099,42.41150082346221,0.5833125219825565,L10_continuous_numeric
0.1,0.099,42.474332676534004,0.5727225027747367,L10_continuous_numeric
0.1,0.099,42.537164529605796,0.5771151586666624,L10_continuous_numeric
0.1,0.099,42.59999638267759,0.5813884214045267,L10_continuous_numeric
0.1,0.099,42.662828235749394,0.5703818083288396,L10_continuous_numeric
0.1,0.099,42.725660088821186,0.5816741496574085,L10_continuous_numeric
0.1,0.099,42.78849194189298,0.5822753644582968,L10_continuous_numeric
0.1,0.099,42.85132379496477,0.5737851424921478,L10_continuous_numeric
0.1,0.099,42.91415564803658,0.5841795383998134,L10_continuous_numeric
0.1,0.099,42.97698750110837,0.5840178289324163,L10_continuous_numeric
0.1,0.099,43.03981935418016,0.5860814834636798,L10_continuous_numeric
0.1,0.099,43.10265120725197,0.5901784990290581,L10_continuous_numeric
0.1,0.099,43.16548306032376,0.5824582327349173,L10_continuous_numeric
0.1,0.099,43.22831491339555,0.5670838493762389,L10_continuous_numeric
0.1,0.099,43.29114676646734,0.5662603253366998,L10_continuous_numeric
0.1,0.099,43.35397861953915,0.5801258684702383,L10_continuous_numeric
0.1,0.099,43.41681047261094,0.5712783493109649,L10_continuous_numeric
0.1,0.099,43.47964232568273,0.5809576745805465,L10_continuous_numeric
0.1,0.099,43.54247417875453,0.589502679440061,L10_continuous_numeric
0.1,0.099,43.60530603182633,0.5757206080903683,L10_continuous_numeric
0.1,0.099,43.66813788489812,0.5816785464928756,L10_continuous_numeric
0.1,0.099,43.730969737969914,0.5880143713855985,L10_continuous_numeric
0.1,0.099,43.79380159104172,0.5899251656038158,L10_continuous_numeric
0.1,0.099,43.85663344411351,0.5808981028021514,L10_continuous_numeric
0.1,0.099,43.919465297185305,0.5783383240545674,L10_continuous_numeric
0.1,0.099,43.9822971502571,0.5769885145456052,L10_continuous_numeric
0.1,0.099,44.0451290033289,0.5856884104156636,L10_continuous_numeric
0.1,0.099,44.107960856400695,0.5664685100011695,L10_continuous_numeric
0.1,0.099,44.17079270947249,0.5605579341279666,L10_continuous_numeric
0.1,0.099,44.233624562544286,0.5791634546479142,L10_continuous_numeric
0.1,0.099,44.296456415616085,0.588117855597641,L10_continuous_numeric
0.1,0.099,44.35928826868788,0.5780996821385399,L10_continuous_numeric
0.1,0.099,44.42212012175967,0.5718116764556348,L10_continuous_numeric
0.1,0.099,44.484951974831475,0.5750870730170898,L10_continuous_numeric
0.1,0.099,44.54778382790327,0.5684902470327454,L10_continuous_numeric
0.1,0.099,44.61061568097506,0.5734880739517954,L10_continuous_numeric
0.1,0.099,44.67344753404686,0.5499721732889102,L10_continuous_numeric
0.1,0.099,44.73627938711866,0.5711383466163963,L10_continuous_numeric
0.1,0.099,44.79911124019045,0.5961228632687707,L10_continuous_numeric
0.1,0.099,44.86194309326224,0.5778943866706845,L10_continuous_numeric
0.1,0.099,44.92477494633405,0.5664872920154024,L10_continuous_numeric
0.1,0.099,44.98760679940584,0.5921746259072728,L10_continuous_numeric
0.1,0.099,45.05043865247763,0.5387775080550138,L10_continuous_numeric
0.1,0.099,45.11327050554942,0.5567406110595449,L10_continuous_numeric
0.1,0.099,45.17610235862123,0.5655592988860445,L10_continuous_numeric
0.1,0.099,45.23893421169302,0.6176731788009582,L10_continuous_numeric
0.1,0.099,45.30176606476481,0.5683631699084052,L10_continuous_numeric
0.1,0.099,45.36459791783661,0.5995793377999536,L10_continuous_numeric
0.1,0.099,45.42742977090841,0.5993822615195268,L10_continuous_numeric
0.1,0.099,45.4902616239802,0.5776914055335826,L10_continuous_numeric
0.1,0.099,0.06283185307179587,0.05511620711981932,initial_noise_numeric
0.1,0.099,0.12566370614359174,0.054162617728664805,initial_noise_numeric
0.1,0.099,0.18849555921538758,0.055949822532899374,initial_noise_numeric
0.1,0.099,0.25132741228718347,0.05742001408172196,initial_noise_numeric
0.1,0.099,0.3141592653589793,0.05766204913122214,initial_noise_numeric
0.1,0.099,0.37699111843077515,0.05598271133687786,initial_noise_numeric
0.1,0.099,0.43982297150257105,0.05504159726936858,initial_noise_numeric
0.1,0.099,0.5026548245743669,0.05636946854147794,initial_noise_numeric
0.1,0.099,0.5654866776461628,0.05614235431367099,initial_noise_numeric
0.1,0.099,0.6283185307179586,0.05296802790212656,initial_noise_numeric
0.1,0.099,0.6911503837897545,0.0549472746542214,initial_noise_numeric
0.1,0.099,0.7539822368615503,0.054146281903979576,initial_noise_numeric
0.1,0.099,0.8168140899333463,0.05358951496787631,initial_noise_numeric
0.1,0.099,0.8796459430051421,0.05338854267993235,initial_noise_numeric
0.1,0.099,0.9424777960769378,0.05235669683879163,initial_noise_numeric
0.1,0.099,1.0053096491487339,0.050389580168534835,initial_noise_numeric
0.1,0.099,1.0681415022205298,0.04933201001814889,initial_noise_numeric
0.1,0.099,1.1309733552923256,0.04800617783490757,initial_noise_numeric
0.1,0.099,1.1938052083641213,0.04533660242421563,initial_noise_numeric
0.1,0.099,1.2566370614359172,0.044723989127624215,initial_noise_numeric
0.1,0.099,1.3194689145077132,0.04217208212505682,initial_noise_numeric
0.1,0.099,1.382300767579509,0.03938888635356931,initial_noise_numeric
0.1,0.099,1.4451326206513047,0.036434601764691016,initial_noise_numeric
0.1,0.099,1.5079644737231006,0.03361157918158622,initial_noise_numeric
0.1,0.099,1.5707963267948966,0.03039445769802141,initial_noise_numeric
0.1,0.099,1.6336281798666925,0.027083036414639838,initial_noise_numeric
0.1,0.099,1.6964600329384882,0.024934666291040738,initial_noise_numeric
0.1,0.099,1.7592918860102842,0.021540083023498788,initial_noise_numeric
0.1,0.099,1.8221237390820801,0.018766475978067694,initial_noise_numeric
0.1,0.099,1.8849555921538756,0.015861752436134923,initial_noise_numeric
0.1,0.099,1.9477874452256716,0.013463508677666852,initial_noise_numeric
0.1,0.099,2.0106192982974678,0.010960825453773852,initial_noise_numeric
0.1,0.099,2.0734511513692637,0.009075001965952238,initial_noise_numeric
0.1,0.099,2.1362830044410597,0.007107994097877308,initial_noise_numeric
0.1,0.099,2.199114857512855,0.005486054344346174,initial_noise_numeric
0.1,0.099,2.261946710584651,0.004183773037928721,initial_noise_numeric
0.1,0.099,2.324778563656447,0.003073310987568417,initial_noise_numeric
0.1,0.099,2.3876104167282426,0.0022329519223723043,initial_noise_numeric
0.1,0.099,2.4504422698000385,0.0015539597702794502,initial_noise_numeric
0.1,0.099,2.5132741228718345,0.001081801180069731,initial_noise_numeric
0.1,0.099,2.57610597594363,0.0007237531484792107,initial_noise_numeric
0.1,0.099,2.6389378290154264,0.0004688827619775843,initial_noise_numeric
0.1,0.099,2.701769682087222,0.00029121366053638456,initial_noise_numeric
0.1,0.099,2.764601535159018,0.00017500715393962724,initial_noise_numeric
0.1,0.099,2.827433388230814,0.00010358539452024234,initial_noise_numeric
0.1,0.099,2.8902652413026093,5.811722303808665e-05,initial_noise_numeric
0.1,0.099,2.9530970943744057,3.204379412824468e-05,initial_noise_numeric
0.1,0.099,3.015928947446201,1.6577931103733893e-05,initial_noise_numeric
0.1,0.099,3.078760800517997,8.21595213613574e-06,initial_noise_numeric
0.1,0.099,3.141592653589793,4.0114249607811755e-06,initial_noise_numeric
0.1,0.099,3.204424506661589,2.0005722783546353e-06,initial_noise_numeric
0.1,0.099,3.267256359733385,1.1217856067720918e-06,initial_noise_numeric
0.1,0.099,3.330088212805181,7.743922015468933e-07,initial_noise_numeric
0.1,0.099,3.3929200658769765,6.387732066107455e-07,initial_noise_numeric
0.1,0.099,3.4557519189487724,5.318831223329023e-07,initial_noise_numeric
0.1,0.099,3.5185837720205684,4.4833124341648525e-07,initial_noise_numeric
0.1,0.099,3.581415625092364,3.8289545928534635e-07,initial_noise_numeric
0.1,0.099,3.6442474781641603,3.215205316531063e-07,initial_noise_numeric
0.1,0.099,3.707079331235956,2.7097788380180383e-07,initial_noise_numeric
0.1,0.099,3.7699111843077513,2.205583693272004e-07,initial_noise_numeric
0.1,0.099,3.8327430373795477,1.8556597797318644e-07,initial_noise_numeric
0.1,0.099,3.895574890451343,1.499858791170877e-07,initial_noise_numeric
0.1,0.099,3.9584067435231396,1.2323929338731478e-07,initial_noise_numeric
0.1,0.099,4.0212385965949355,9.900796081665548e-08,initial_noise_numeric
0.1,0.099,4.084070449666731,7.76111597785586e-08,initial_noise_numeric
0.1,0.099,4.1469023027385274,6.102818558427908e-08,initial_noise_numeric
0.1,0.099,4.209734155810323,4.7413453830574605e-08,initial_noise_numeric
0.1,0.099,4.272566008882119,3.7040240116179916e-08,initial_noise_numeric
0.1,0.099,4.335397861953915,2.889291450149506e-08,initial_noise_numeric
0.1,0.099,4.39822971502571,2.1886662018288785e-08,initial_noise_numeric
0.1,0.099,4.461061568097507,1.6219317258206496e-08,initial_noise_numeric
0.1,0.099,4.523893421169302,1.2218844282273859e-08,initial_noise_numeric
0.1,0.099,4.586725274241098,8.832837258571011e-09,initial_noise_numeric
0.1,0.099,4.649557127312894,6.434528577431616e-09,initial_noise_numeric
0.1,0.099,4.71238898038469,4.683808262434532e-09,initial_noise_numeric
0.1,0.099,4.775220833456485,3.363634699099083e-09,initial_noise_numeric
0.1,0.099,4.838052686528282,2.345406420906597e-09,initial_noise_numeric
0.1,0.099,4.900884539600077,1.6161811154654576e-09,initial_noise_numeric
0.1,0.099,4.9637163926718735,1.1317337501716616e-09,initial_noise_numeric
0.1,0.099,5.026548245743669,7.868754426506475e-10,initial_noise_numeric
0.1,0.099,5.0893800988154645,5.602455430581957e-10,initial_noise_numeric
0.1,0.099,5.15221195188726,4.1565278982320485e-10,initial_noise_numeric
0.1,0.099,5.215043804959057,3.2839462733580116e-10,initial_noise_numeric
0.1,0.099,5.277875658030853,2.815631278473833e-10,initial_noise_numeric
0.1,0.099,5.340707511102648,2.4978917840775677e-10,initial_noise_numeric
0.1,0.099,5.403539364174444,2.3075326035962388e-10,initial_noise_numeric
0.1,0.099,5.466371217246239,2.2158263970462101e-10,initial_noise_numeric
0.1,0.099,5.529203070318036,2.1313170093576013e-10,initial_noise_numeric
0.1,0.099,5.592034923389832,2.0605269766066088e-10,initial_noise_numeric
0.1,0.099,5.654866776461628,2.0392630339037298e-10,initial_noise_numeric
0.1,0.099,5.717698629533423,1.980256894278413e-10,initial_noise_numeric
0.1,0.099,5.780530482605219,1.9732315388066417e-10,initial_noise_numeric
0.1,0.099,5.843362335677015,1.9099516320743732e-10,initial_noise_numeric
0.1,0.099,5.906194188748811,1.9050046383118448e-10,initial_noise_numeric
0.1,0.099,5.969026041820607,1.9017442953652213e-10,initial_noise_numeric
0.1,0.099,6.031857894892402,1.9006076551977743e-10,initial_noise_numeric
0.1,0.099,6.094689747964199,1.8108539146806485e-10,initial_noise_numeric
0.1,0.099,6.157521601035994,1.7041673225887196e-10,initial_noise_numeric
0.1,0.099,6.220353454107791,1.7171368247972992e-10,initial_noise_numeric
0.1,0.099,6.283185307179586,1.62208978144439e-10,initial_noise_numeric
0.1,0.099,6.346017160251382,1.5962688600807576e-10,initial_noise_numeric
0.1,0.099,6.408849013323178,1.443900067533197e-10,initial_noise_numeric
0.1,0.099,6.471680866394974,1.367642175888624e-10,initial_noise_numeric
0.1,0.099,6.53451271946677,1.3425881045481945e-10,initial_noise_numeric
0.1,0.099,6.5973445725385655,1.258623811841512e-10,initial_noise_numeric
0.1,0.099,6.660176425610362,1.2249169220542118e-10,initial_noise_numeric
0.1,0.099,6.7230082786821574,1.1601491158029044e-10,initial_noise_numeric
0.1,0.099,6.785840131753953,1.0829489488135818e-10,initial_noise_numeric
0.1,0.099,6.8486719848257485,1.0777760384262314e-10,initial_noise_numeric
0.1,0.099,6.911503837897545,9.672446494842281e-11,initial_noise_numeric
0.1,0.099,6.974335690969341,9.6932435658744e-11,initial_noise_numeric
0.1,0.099,7.037167544041137,9.14975278425179e-11,initial_noise_numeric
0.1,0.099,7.099999397112932,8.637037394933001e-11,initial_noise_numeric
0.1,0.099,7.162831250184728,8.682577138450297e-11,initial_noise_numeric
0.1,0.099,7.225663103256525,7.9970666815267e-11,initial_noise_numeric
0.1,0.099,7.288494956328321,7.962417772845416e-11,initial_noise_numeric
0.1,0.099,7.351326809400116,7.392001146414256e-11,initial_noise_numeric
0.1,0.099,7.414158662471912,7.174013343639157e-11,initial_noise_numeric
0.1,0.099,7.476990515543707,6.91194883997406e-11,initial_noise_numeric
0.1,0.099,7.539822368615503,6.543424642934543e-11,initial_noise_numeric
0.1,0.099,7.6026542216873,6.490042992662376e-11,initial_noise_numeric
0.1,0.099,7.665486074759095,6.280315106024506e-11,initial_noise_numeric
0.1,0.099,7.728317927830891,5.91021371745469e-11,initial_noise_numeric
0.1,0.099,7.791149780902686,5.739824126665335e-11,initial_noise_numeric
0.1,0.099,7.853981633974482,5.537129992647007e-11,initial_noise_numeric
0.1,0.099,7.916813487046279,5.404842498462743e-11,initial_noise_numeric
0.1,0.099,7.979645340118075,5.0405668642696864e-11,initial_noise_numeric
0.1,0.099,8.042477193189871,4.972859001417112e-11,initial_noise_numeric
0.1,0.099,8.105309046261667,4.7303108338326537e-11,initial_noise_numeric
0.1,0.099,8.168140899333462,4.726383948250754e-11,initial_noise_numeric
0.1,0.099,8.230972752405258,4.5393310080781666e-11,initial_noise_numeric
0.1,0.099,8.293804605477055,4.251872000814439e-11,initial_noise_numeric
0.1,0.099,8.35663645854885,4.136525806286392e-11,initial_noise_numeric
0.1,0.099,8.419468311620646,4.0051410143767396e-11,initial_noise_numeric
0.1,0.099,8.482300164692441,3.899407441317112e-11,initial_noise_numeric
0.1,0.099,8.545132017764239,3.717296333071104e-11,initial_noise_numeric
0.1,0.099,8.607963870836034,3.640571811363295e-11,initial_noise_numeric
0.1,0.099,8.67079572390783,3.5319237907300014e-11,initial_noise_numeric
0.1,0.099,8.733627576979625,3.379617158240151e-11,initial_noise_numeric
0.1,0.099,8.79645943005142,3.223717477871485e-11,initial_noise_numeric
0.1,0.099,8.859291283123216,3.1552512495567536e-11,initial_noise_numeric
0.1,0.099,8.922123136195014,3.0738890626759947e-11,initial_noise_numeric
0.1,0.099,8.984954989266809,2.988172180782495e-11,initial_noise_numeric
0.1,0.099,9.047786842338605,2.85461424853417e-11,initial_noise_numeric
0.1,0.099,9.1106186954104,2.731859769927106e-11,initial_noise_numeric
0.1,0.099,9.173450548482196,2.7148258204294024e-11,initial_noise_numeric
0.1,0.099,9.236282401553993,2.70972035216025e-11,initial_noise_numeric
0.1,0.099,9.299114254625788,2.592250652179021e-11,initial_noise_numeric
0.1,0.099,9.361946107697584,2.4578998412791502e-11,initial_noise_numeric
0.1,0.099,9.42477796076938,2.4481443828458986e-11,initial_noise_numeric
0.1,0.099,9.487609813841175,2.3328296517866995e-11,initial_noise_numeric
0.1,0.099,9.55044166691297,2.331777324778998e-11,initial_noise_numeric
0.1,0.099,9.613273519984768,2.175173089593203e-11,initial_noise_numeric
0.1,0.099,9.676105373056563,2.171567659276045e-11,initial_noise_numeric
0.1,0.099,9.738937226128359,2.1311750061233542e-11,initial_noise_numeric
0.1,0.099,9.801769079200154,2.0038907142525267e-11,initial_noise_numeric
0.1,0.099,9.86460093227195,1.9478488468061765e-11,initial_noise_numeric
0.1,0.099,9.927432785343747,1.900429067251801e-11,initial_noise_numeric
0.1,0.099,9.990264638415542,1.834932615764793e-11,initial_noise_numeric
0.1,0.099,10.053096491487338,1.7527060326849694e-11,initial_noise_numeric
0.1,0.099,10.115928344559133,1.6342293277922634e-11,initial_noise_numeric
0.1,0.099,10.178760197630929,1.6111574966761587e-11,initial_noise_numeric
0.1,0.099,10.241592050702724,1.5095874536813532e-11,initial_noise_numeric
0.1,0.099,10.30442390377452,1.4747434730511652e-11,initial_noise_numeric
0.1,0.099,10.367255756846316,1.3860768278360681e-11,initial_noise_numeric
0.1,0.099,10.430087609918115,1.3347912549384283e-11,initial_noise_numeric
0.1,0.099,10.49291946298991,1.3290505156483885e-11,initial_noise_numeric
0.1,0.099,10.555751316061706,1.246279837605674e-11,initial_noise_numeric
0.1,0.099,10.618583169133501,1.2395425579687522e-11,initial_noise_numeric
0.1,0.099,10.681415022205297,1.1579928644663315e-11,initial_noise_numeric
0.1,0.099,10.744246875277092,1.1269673353185486e-11,initial_noise_numeric
0.1,0.099,10.807078728348888,1.1278268789262518e-11,initial_noise_numeric
0.1,0.099,10.869910581420683,1.0488772040287902e-11,initial_noise_numeric
0.1,0.099,10.932742434492479,1.0254456619440975e-11,initial_noise_numeric
0.1,0.099,10.995574287564274,1.0002758136325677e-11,initial_noise_numeric
0.1,0.099,11.058406140636071,9.600273804309922e-12,initial_noise_numeric
0.1,0.099,11.121237993707869,9.663412642649105e-12,initial_noise_numeric
0.1,0.099,11.184069846779664,8.9555990751336e-12,initial_noise_numeric
0.1,0.099,11.24690169985146,8.790971624436245e-12,initial_noise_numeric
0.1,0.099,11.309733552923255,8.453566259817906e-12,initial_noise_numeric
0.1,0.099,11.37256540599505,8.432418474919392e-12,initial_noise_numeric
0.1,0.099,11.435397259066846,7.941237790763746e-12,initial_noise_numeric
0.1,0.099,11.498229112138642,7.72884588923537e-12,initial_noise_numeric
0.1,0.099,11.561060965210437,7.54711855932688e-12,initial_noise_numeric
0.1,0.099,11.623892818282235,7.3296755193836e-12,initial_noise_numeric
0.1,0.099,11.68672467135403,7.04369815223918e-12,initial_noise_numeric
0.1,0.099,11.749556524425827,6.8496324359363305e-12,initial_noise_numeric
0.1,0.099,11.812388377497623,6.637620238569478e-12,initial_noise_numeric
0.1,0.099,11.875220230569418,6.48466881452138e-12,initial_noise_numeric
0.1,0.099,11.938052083641214,6.306028440346436e-12,initial_noise_numeric
0.1,0.099,12.00088393671301,6.0176577784522496e-12,initial_noise_numeric
0.1,0.099,12.063715789784805,5.9379528878445666e-12,initial_noise_numeric
0.1,0.099,12.1265476428566,5.888214526252425e-12,initial_noise_numeric
0.1,0.099,12.189379495928398,5.584291059043279e-12,initial_noise_numeric
0.1,0.099,12.252211349000193,5.3780014973011415e-12,initial_noise_numeric
0.1,0.099,12.315043202071989,5.312993250823959e-12,initial_noise_numeric
0.1,0.099,12.377875055143784,5.085432777890405e-12,initial_noise_numeric
0.1,0.099,12.440706908215581,5.037199031557605e-12,initial_noise_numeric
0.1,0.099,12.503538761287377,4.768439214179122e-12,initial_noise_numeric
0.1,0.099,12.566370614359172,4.762081144673003e-12,initial_noise_numeric
0.1,0.099,12.629202467430968,4.61031112554212e-12,initial_noise_numeric
0.1,0.099,12.692034320502763,4.4296446228689626e-12,initial_noise_numeric
0.1,0.099,12.75486617357456,4.394114137611201e-12,initial_noise_numeric
0.1,0.099,12.817698026646356,4.205829683484163e-12,initial_noise_numeric
0.1,0.099,12.880529879718152,4.210643236528545e-12,initial_noise_numeric
0.1,0.099,12.943361732789947,4.071557572442998e-12,initial_noise_numeric
0.1,0.099,13.006193585861743,3.957963923308026e-12,initial_noise_numeric
0.1,0.099,13.06902543893354,3.813233274895658e-12,initial_noise_numeric
0.1,0.099,13.131857292005336,3.786065944991938e-12,initial_noise_numeric
0.1,0.099,13.194689145077131,3.6759421553559474e-12,initial_noise_numeric
0.1,0.099,13.257520998148927,3.560108231147627e-12,initial_noise_numeric
0.1,0.099,13.320352851220724,3.4094411776939842e-12,initial_noise_numeric
0.1,0.099,13.38318470429252,3.333750719580354e-12,initial_noise_numeric
0.1,0.099,13.446016557364315,3.2482681456137484e-12,initial_noise_numeric
0.1,0.099,13.50884841043611,3.241142056087765e-12,initial_noise_numeric
0.1,0.099,13.571680263507906,3.165529530919598e-12,initial_noise_numeric
0.1,0.099,13.634512116579701,3.1018619360938246e-12,initial_noise_numeric
0.1,0.099,13.697343969651497,3.1696306885615866e-12,initial_noise_numeric
0.1,0.099,13.760175822723294,3.1564380689355442e-12,initial_noise_numeric
0.1,0.099,13.82300767579509,3.237081940608169e-12,initial_noise_numeric
0.1,0.099,13.885839528866887,3.25270852456627e-12,initial_noise_numeric
0.1,0.099,13.948671381938683,3.2919965381043174e-12,initial_noise_numeric
0.1,0.099,14.011503235010478,3.376346503130305e-12,initial_noise_numeric
0.1,0.099,14.074335088082274,3.306880850980658e-12,initial_noise_numeric
0.1,0.099,14.137166941154069,3.3408548111617407e-12,initial_noise_numeric
0.1,0.099,14.199998794225865,3.2805377583916613e-12,initial_noise_numeric
0.1,0.099,14.26283064729766,3.2183041378944093e-12,initial_noise_numeric
0.1,0.099,14.325662500369456,3.1910643764033584e-12,initial_noise_numeric
0.1,0.099,14.388494353441251,3.154658856018948e-12,initial_noise_numeric
0.1,0.099,14.45132620651305,3.045709802299871e-12,initial_noise_numeric
0.1,0.099,14.514158059584846,3.066230024329566e-12,initial_noise_numeric
0.1,0.099,14.576989912656641,3.1356487434717044e-12,initial_noise_numeric
0.1,0.099,14.639821765728437,2.9658576842956246e-12,initial_noise_numeric
0.1,0.099,14.702653618800232,3.0104500911649417e-12,initial_noise_numeric
0.1,0.099,14.765485471872028,2.9525056948508268e-12,initial_noise_numeric
0.1,0.099,14.828317324943823,2.948743830267547e-12,initial_noise_numeric
0.1,0.099,14.891149178015619,2.871600068994381e-12,initial_noise_numeric
0.1,0.099,14.953981031087414,2.8291158322886167e-12,initial_noise_numeric
0.1,0.099,15.01681288415921,2.815464752675613e-12,initial_noise_numeric
0.1,0.099,15.079644737231005,2.851225165336791e-12,initial_noise_numeric
0.1,0.099,15.142476590302804,2.76087800311687e-12,initial_noise_numeric
0.1,0.099,15.2053084433746,2.809430262547451e-12,initial_noise_numeric
0.1,0.099,15.268140296446395,2.71054021272698e-12,initial_noise_numeric
0.1,0.099,15.33097214951819,2.765474196328575e-12,initial_noise_numeric
0.1,0.099,15.393804002589986,2.6857927931464787e-12,initial_noise_numeric
0.1,0.099,15.456635855661782,2.726063979618801e-12,initial_noise_numeric
0.1,0.099,15.519467708733577,2.815994263949072e-12,initial_noise_numeric
0.1,0.099,15.582299561805373,2.7414376782034475e-12,initial_noise_numeric
0.1,0.099,15.645131414877168,2.782781751272691e-12,initial_noise_numeric
0.1,0.099,15.707963267948964,2.842401019348985e-12,initial_noise_numeric
0.1,0.099,15.770795121020763,2.8854934133593684e-12,initial_noise_numeric
0.1,0.099,15.833626974092558,2.84276354523076e-12,initial_noise_numeric
0.1,0.099,15.896458827164354,2.924953164427699e-12,initial_noise_numeric
0.1,0.099,15.95929068023615,2.977904344037279e-12,initial_noise_numeric
0.1,0.099,16.022122533307947,2.95020060360035e-12,initial_noise_numeric
0.1,0.099,16.084954386379742,3.065482220805472e-12,initial_noise_numeric
0.1,0.099,16.147786239451538,3.0246484416815583e-12,initial_noise_numeric
0.1,0.099,16.210618092523333,3.0909821877685092e-12,initial_noise_numeric
0.1,0.099,16.27344994559513,3.1401341604743e-12,initial_noise_numeric
0.1,0.099,16.336281798666924,3.1304643155088493e-12,initial_noise_numeric
0.1,0.099,16.39911365173872,3.164652336471357e-12,initial_noise_numeric
0.1,0.099,16.461945504810515,3.1767422566475947e-12,initial_noise_numeric
0.1,0.099,16.524777357882314,3.1852499239911494e-12,initial_noise_numeric
0.1,0.099,16.58760921095411,3.105370072387421e-12,initial_noise_numeric
0.1,0.099,16.650441064025905,3.1935399095779252e-12,initial_noise_numeric
0.1,0.099,16.7132729170977,3.3407172151693017e-12,initial_noise_numeric
0.1,0.099,16.776104770169496,3.242821295708066e-12,initial_noise_numeric
0.1,0.099,16.838936623241292,3.2985131150378616e-12,initial_noise_numeric
0.1,0.099,16.901768476313087,3.309779111660895e-12,initial_noise_numeric
0.1,0.099,16.964600329384883,3.3765424351679842e-12,initial_noise_numeric
0.1,0.099,17.02743218245668,3.3999139202938396e-12,initial_noise_numeric
0.1,0.099,17.090264035528477,3.3893825670956896e-12,initial_noise_numeric
0.1,0.099,17.153095888600273,3.5348951085548996e-12,initial_noise_numeric
0.1,0.099,17.21592774167207,3.5766763352416975e-12,initial_noise_numeric
0.1,0.099,17.278759594743864,3.696544849054179e-12,initial_noise_numeric
0.1,0.099,17.34159144781566,3.810433743204324e-12,initial_noise_numeric
0.1,0.099,17.404423300887455,3.821692882874958e-12,initial_noise_numeric
0.1,0.099,17.46725515395925,4.069759677897819e-12,initial_noise_numeric
0.1,0.099,17.530087007031046,4.1705626502911654e-12,initial_noise_numeric
0.1,0.099,17.59291886010284,4.117993920617555e-12,initial_noise_numeric
0.1,0.099,17.655750713174637,4.337320415954629e-12,initial_noise_numeric
0.1,0.099,17.718582566246432,4.432743185337628e-12,initial_noise_numeric
0.1,0.099,17.78141441931823,4.5206186560500444e-12,initial_noise_numeric
0.1,0.099,17.844246272390027,4.410701821615106e-12,initial_noise_numeric
0.1,0.099,17.907078125461823,4.496104764787353e-12,initial_noise_numeric
0.1,0.099,17.969909978533618,4.425692631353732e-12,initial_noise_numeric
0.1,0.099,18.032741831605414,4.2113604787843766e-12,initial_noise_numeric
0.1,0.099,18.09557368467721,4.015550691704411e-12,initial_noise_numeric
0.1,0.099,18.158405537749005,3.7890722736394695e-12,initial_noise_numeric
0.1,0.099,18.2212373908208,3.331156763237294e-12,initial_noise_numeric
0.1,0.099,18.284069243892596,3.0530923233884926e-12,initial_noise_numeric
0.1,0.099,18.34690109696439,2.599465656269731e-12,initial_noise_numeric
0.1,0.099,18.409732950036187,2.2168125253431188e-12,initial_noise_numeric
0.1,0.099,18.472564803107986,1.873021673100261e-12,initial_noise_numeric
0.1,0.099,18.53539665617978,1.566981427274067e-12,initial_noise_numeric
0.1,0.099,18.598228509251577,1.301333860003557e-12,initial_noise_numeric
0.1,0.099,18.661060362323372,1.0921989838544389e-12,initial_noise_numeric
0.1,0.099,18.723892215395168,9.075544996410811e-13,initial_noise_numeric
0.1,0.099,18.786724068466963,8.14962437426735e-13,initial_noise_numeric
0.1,0.099,18.84955592153876,7.6893406313358e-13,initial_noise_numeric
0.1,0.099,18.912387774610554,6.949255550082321e-13,initial_noise_numeric
0.1,0.099,18.97521962768235,7.060888812851174e-13,initial_noise_numeric
0.1,0.099,19.038051480754145,6.900580203223384e-13,initial_noise_numeric
0.1,0.099,19.10088333382594,6.800531630547834e-13,initial_noise_numeric
0.1,0.099,19.16371518689774,6.899220319394767e-13,initial_noise_numeric
0.1,0.099,19.226547039969535,6.795215693687456e-13,initial_noise_numeric
0.1,0.099,19.28937889304133,6.844808032055154e-13,initial_noise_numeric
0.1,0.099,19.352210746113126,7.036731813911784e-13,initial_noise_numeric
0.1,0.099,19.415042599184922,6.92789580884272e-13,initial_noise_numeric
0.1,0.099,19.477874452256717,7.049635123793387e-13,initial_noise_numeric
0.1,0.099,19.540706305328513,7.185116981388749e-13,initial_noise_numeric
0.1,0.099,19.60353815840031,7.100451212547288e-13,initial_noise_numeric
0.1,0.099,19.666370011472104,7.116675543931752e-13,initial_noise_numeric
0.1,0.099,19.7292018645439,7.247408737194545e-13,initial_noise_numeric
0.1,0.099,19.7920337176157,7.074951791268059e-13,initial_noise_numeric
0.1,0.099,19.854865570687494,6.816294376415675e-13,initial_noise_numeric
0.1,0.099,19.91769742375929,6.48813838236653e-13,initial_noise_numeric
0.1,0.099,19.980529276831085,6.53971225249849e-13,initial_noise_numeric
0.1,0.099,20.04336112990288,6.049732651036962e-13,initial_noise_numeric
0.1,0.099,20.106192982974676,5.567817643372535e-13,initial_noise_numeric
0.1,0.099,20.16902483604647,5.258959356181645e-13,initial_noise_numeric
0.1,0.099,20.231856689118267,5.188753334193267e-13,initial_noise_numeric
0.1,0.099,20.294688542190062,4.598061592341469e-13,initial_noise_numeric
0.1,0.099,20.357520395261858,4.3508108621686265e-13,initial_noise_numeric
0.1,0.099,20.420352248333653,4.3954551571880474e-13,initial_noise_numeric
0.1,0.099,20.48318410140545,4.165868335105034e-13,initial_noise_numeric
0.1,0.099,20.546015954477248,4.504912839358707e-13,initial_noise_numeric
0.1,0.099,20.60884780754904,4.3903766569584575e-13,initial_noise_numeric
0.1,0.099,20.67167966062084,4.341474266438748e-13,initial_noise_numeric
0.1,0.099,20.73451151369263,4.897774169452242e-13,initial_noise_numeric
0.1,0.099,20.79734336676443,4.534497053630285e-13,initial_noise_numeric
0.1,0.099,20.86017521983623,4.968068239206484e-13,initial_noise_numeric
0.1,0.099,20.92300707290802,4.721128291848403e-13,initial_noise_numeric
0.1,0.099,20.98583892597982,4.915278421904855e-13,initial_noise_numeric
0.1,0.099,21.048670779051612,4.871006678757336e-13,initial_noise_numeric
0.1,0.099,21.11150263212341,4.708270858546135e-13,initial_noise_numeric
0.1,0.099,21.174334485195203,4.848049661404304e-13,initial_noise_numeric
0.1,0.099,21.237166338267002,4.762211279216411e-13,initial_noise_numeric
0.1,0.099,21.299998191338794,4.558999960126851e-13,initial_noise_numeric
0.1,0.099,21.362830044410593,4.721633909540243e-13,initial_noise_numeric
0.1,0.099,21.425661897482385,4.674640764240229e-13,initial_noise_numeric
0.1,0.099,21.488493750554184,4.4510940972927475e-13,initial_noise_numeric
0.1,0.099,21.551325603625983,4.564642314655601e-13,initial_noise_numeric
0.1,0.099,21.614157456697775,4.59777852447127e-13,initial_noise_numeric
0.1,0.099,21.676989309769574,4.5039862778269025e-13,initial_noise_numeric
0.1,0.099,21.739821162841366,4.608229379728158e-13,initial_noise_numeric
0.1,0.099,21.802653015913165,4.5401907246025723e-13,initial_noise_numeric
0.1,0.099,21.865484868984957,4.600981271788134e-13,initial_noise_numeric
0.1,0.099,21.928316722056756,4.636058974285352e-13,initial_noise_numeric
0.1,0.099,21.99114857512855,4.669523905897117e-13,initial_noise_numeric
0.1,0.099,22.053980428200347,4.587759877878654e-13,initial_noise_numeric
0.1,0.099,22.116812281272143,4.478657865019548e-13,initial_noise_numeric
0.1,0.099,22.17964413434394,4.53501847967935e-13,initial_noise_numeric
0.1,0.099,22.242475987415737,4.5163110475368454e-13,initial_noise_numeric
0.1,0.099,22.30530784048753,4.580107655406509e-13,initial_noise_numeric
0.1,0.099,22.36813969355933,4.411455856634354e-13,initial_noise_numeric
0.1,0.099,22.43097154663112,4.355601874299279e-13,initial_noise_numeric
0.1,0.099,22.49380339970292,4.3828905508350076e-13,initial_noise_numeric
0.1,0.099,22.55663525277471,4.275598368567709e-13,initial_noise_numeric
0.1,0.099,22.61946710584651,4.396990953251686e-13,initial_noise_numeric
0.1,0.099,22.682298958918306,4.1910890076471145e-13,initial_noise_numeric
0.1,0.099,22.7451308119901,4.1367681200958155e-13,initial_noise_numeric
0.1,0.099,22.8079626650619,4.1295409030360076e-13,initial_noise_numeric
0.1,0.099,22.870794518133692,3.962891716212783e-13,initial_noise_numeric
0.1,0.099,22.93362637120549,4.0390108205903595e-13,initial_noise_numeric
0.1,0.099,22.996458224277283,3.949215543254108e-13,initial_noise_numeric
0.1,0.099,23.059290077349083,4.0203744089685657e-13,initial_noise_numeric
0.1,0.099,23.122121930420874,3.906252714511129e-13,initial_noise_numeric
0.1,0.099,23.184953783492674,3.83797610494054e-13,initial_noise_numeric
0.1,0.099,23.24778563656447,3.8669198016868306e-13,initial_noise_numeric
0.1,0.099,23.310617489636265,3.9187795699543794e-13,initial_noise_numeric
0.1,0.099,23.37344934270806,3.9532185421983007e-13,initial_noise_numeric
0.1,0.099,23.436281195779856,3.8212243338135316e-13,initial_noise_numeric
0.1,0.099,23.499113048851655,3.827372086762838e-13,initial_noise_numeric
0.1,0.099,23.561944901923447,3.8842845239212536e-13,initial_noise_numeric
0.1,0.099,23.624776754995246,3.8075858817233595e-13,initial_noise_numeric
0.1,0.099,23.687608608067038,3.7522278084373005e-13,initial_noise_numeric
0.1,0.099,23.750440461138837,3.7126841501018e-13,initial_noise_numeric
0.1,0.099,23.813272314210632,3.6312412653530283e-13,initial_noise_numeric
0.1,0.099,23.876104167282428,3.646604245035349e-13,initial_noise_numeric
0.1,0.099,23.938936020354223,3.458103525590741e-13,initial_noise_numeric
0.1,0.099,24.00176787342602,3.391755704565476e-13,initial_noise_numeric
0.1,0.099,24.064599726497814,3.4367303378822706e-13,initial_noise_numeric
0.1,0.099,24.12743157956961,3.34000377437867e-13,initial_noise_numeric
0.1,0.099,24.19026343264141,3.306886460823196e-13,initial_noise_numeric
0.1,0.099,24.2530952857132,3.179843458845341e-13,initial_noise_numeric
0.1,0.099,24.315927138785,3.156003213185188e-13,initial_noise_numeric
0.1,0.099,24.378758991856795,3.066590579706064e-13,initial_noise_numeric
0.1,0.099,24.44159084492859,3.021269424297377e-13,initial_noise_numeric
0.1,0.099,24.504422698000386,2.996434815300239e-13,initial_noise_numeric
0.1,0.099,24.567254551072182,2.816298512821953e-13,initial_noise_numeric
0.1,0.099,24.630086404143977,2.738190389773429e-13,initial_noise_numeric
0.1,0.099,24.692918257215773,2.6868725671730375e-13,initial_noise_numeric
0.1,0.099,24.75575011028757,2.51113591101186e-13,initial_noise_numeric
0.1,0.099,24.818581963359364,2.5117327578181594e-13,initial_noise_numeric
0.1,0.099,24.881413816431163,2.338309176789704e-13,initial_noise_numeric
0.1,0.099,24.94424566950296,2.289502886166846e-13,initial_noise_numeric
0.1,0.099,25.007077522574754,2.1616230226271705e-13,initial_noise_numeric
0.1,0.099,25.06990937564655,2.0296536455642186e-13,initial_noise_numeric
0.1,0.099,25.132741228718345,2.02488288426694e-13,initial_noise_numeric
0.1,0.099,25.19557308179014,1.9545686498666185e-13,initial_noise_numeric
0.1,0.099,25.258404934861936,1.8932321674843167e-13,initial_noise_numeric
0.1,0.099,25.32123678793373,1.8387575118389899e-13,initial_noise_numeric
0.1,0.099,25.384068641005527,1.8328722777239923e-13,initial_noise_numeric
0.1,0.099,25.446900494077322,1.7927937414621573e-13,initial_noise_numeric
0.1,0.099,25.50973234714912,1.8336744510271298e-13,initial_noise_numeric
0.1,0.099,25.572564200220917,1.7310820369681854e-13,initial_noise_numeric
0.1,0.099,25.635396053292713,1.7445084352149228e-13,initial_noise_numeric
0.1,0.099,25.698227906364508,1.710796577910603e-13,initial_noise_numeric
0.1,0.099,25.761059759436304,1.6958752439494313e-13,initial_noise_numeric
0.1,0.099,25.8238916125081,1.6602398120380293e-13,initial_noise_numeric
0.1,0.099,25.886723465579895,1.631443029371378e-13,initial_noise_numeric
0.1,0.099,25.94955531865169,1.6317914386637256e-13,initial_noise_numeric
0.1,0.099,26.012387171723486,1.6312223540875144e-13,initial_noise_numeric
0.1,0.099,26.075219024795285,1.6145289671264525e-13,initial_noise_numeric
0.1,0.099,26.13805087786708,1.5939528450995685e-13,initial_noise_numeric
0.1,0.099,26.200882730938876,1.5882840435520809e-13,initial_noise_numeric
0.1,0.099,26.26371458401067,1.5957610008031705e-13,initial_noise_numeric
0.1,0.099,26.326546437082467,1.5597558084252132e-13,initial_noise_numeric
0.1,0.099,26.389378290154262,1.5682875623277992e-13,initial_noise_numeric
0.1,0.099,26.452210143226058,1.571217900547697e-13,initial_noise_numeric
0.1,0.099,26.515041996297853,1.576914304573142e-13,initial_noise_numeric
0.1,0.099,26.57787384936965,1.5981229556840465e-13,initial_noise_numeric
0.1,0.099,26.640705702441448,1.5829429161611472e-13,initial_noise_numeric
0.1,0.099,26.70353755551324,1.6254890313961727e-13,initial_noise_numeric
0.1,0.099,26.76636940858504,1.6504646328123883e-13,initial_noise_numeric
0.1,0.099,26.829201261656834,1.6891342336953971e-13,initial_noise_numeric
0.1,0.099,26.89203311472863,1.7057475772238981e-13,initial_noise_numeric
0.1,0.099,26.954864967800425,1.7216546114065397e-13,initial_noise_numeric
0.1,0.099,27.01769682087222,1.7691884867411082e-13,initial_noise_numeric
0.1,0.099,27.080528673944016,1.7984150731409115e-13,initial_noise_numeric
0.1,0.099,27.143360527015812,1.801108085734402e-13,initial_noise_numeric
0.1,0.099,27.20619238008761,1.7854446786638935e-13,initial_noise_numeric
0.1,0.099,27.269024233159403,1.7798051510321878e-13,initial_noise_numeric
0.1,0.099,27.331856086231202,1.7858149163508076e-13,initial_noise_numeric
0.1,0.099,27.394687939302994,1.728189739946493e-13,initial_noise_numeric
0.1,0.099,27.457519792374793,1.708747400970519e-13,initial_noise_numeric
0.1,0.099,27.52035164544659,1.6641201213891163e-13,initial_noise_numeric
0.1,0.099,27.583183498518384,1.640372972440692e-13,initial_noise_numeric
0.1,0.099,27.64601535159018,1.6046720654991691e-13,initial_noise_numeric
0.1,0.099,27.708847204661975,1.5435642370840848e-13,initial_noise_numeric
0.1,0.099,27.771679057733774,1.5128008231592267e-13,initial_noise_numeric
0.1,0.099,27.834510910805566,1.465720110961028e-13,initial_noise_numeric
0.1,0.099,27.897342763877365,1.463619656138131e-13,initial_noise_numeric
0.1,0.099,27.960174616949157,1.439394631757503e-13,initial_noise_numeric
0.1,0.099,28.023006470020956,1.4260756303832486e-13,initial_noise_numeric
0.1,0.099,28.085838323092748,1.3969250345589192e-13,initial_noise_numeric
0.1,0.099,28.148670176164547,1.3744869416049402e-13,initial_noise_numeric
0.1,0.099,28.211502029236343,1.3573592012277449e-13,initial_noise_numeric
0.1,0.099,28.274333882308138,1.3768964890484267e-13,initial_noise_numeric
0.1,0.099,28.337165735379937,1.375773754978189e-13,initial_noise_numeric
0.1,0.099,28.39999758845173,1.3503010152655222e-13,initial_noise_numeric
0.1,0.099,28.462829441523528,1.3380744981653653e-13,initial_noise_numeric
0.1,0.099,28.52566129459532,1.341252509784062e-13,initial_noise_numeric
0.1,0.099,28.58849314766712,1.3238935704500825e-13,initial_noise_numeric
0.1,0.099,28.65132500073891,1.324153880002405e-13,initial_noise_numeric
0.1,0.099,28.71415685381071,1.3061874188406589e-13,initial_noise_numeric
0.1,0.099,28.776988706882502,1.2901163262161155e-13,initial_noise_numeric
0.1,0.099,28.8398205599543,1.2915509266835813e-13,initial_noise_numeric
0.1,0.099,28.9026524130261,1.267502632244837e-13,initial_noise_numeric
0.1,0.099,28.965484266097892,1.2896787004321726e-13,initial_noise_numeric
0.1,0.099,29.02831611916969,1.244292210540417e-13,initial_noise_numeric
0.1,0.099,29.091147972241483,1.2485955518149303e-13,initial_noise_numeric
0.1,0.099,29.153979825313282,1.2595590986003772e-13,initial_noise_numeric
0.1,0.099,29.216811678385074,1.23956507760807e-13,initial_noise_numeric
0.1,0.099,29.279643531456873,1.2695317681010665e-13,initial_noise_numeric
0.1,0.099,29.342475384528665,1.2842979644336106e-13,initial_noise_numeric
0.1,0.099,29.405307237600464,1.3907463173917384e-13,initial_noise_numeric
0.1,0.099,29.468139090672256,1.51340975821508e-13,initial_noise_numeric
0.1,0.099,29.530970943744055,1.6777179871972233e-13,initial_noise_numeric
0.1,0.099,29.593802796815854,2.0379893751457837e-13,initial_noise_numeric
0.1,0.099,29.656634649887646,2.289816892674741e-13,initial_noise_numeric
0.1,0.099,29.719466502959445,2.7547051210546224e-13,initial_noise_numeric
0.1,0.099,29.782298356031237,3.1391244609501207e-13,initial_noise_numeric
0.1,0.099,29.845130209103036,3.53108868586175e-13,initial_noise_numeric
0.1,0.099,29.90796206217483,3.971134836327031e-13,initial_noise_numeric
0.1,0.099,29.970793915246627,4.3797297854635043e-13,initial_noise_numeric
0.1,0.099,30.03362576831842,4.4724977481418684e-13,initial_noise_numeric
0.1,0.099,30.09645762139022,4.836163795379243e-13,initial_noise_numeric
0.1,0.099,30.15928947446201,4.859449454449251e-13,initial_noise_numeric
0.1,0.099,30.22212132753381,4.979800526815856e-13,initial_noise_numeric
0.1,0.099,30.28495318060561,4.855861960592468e-13,initial_noise_numeric
0.1,0.099,30.3477850336774,4.938741432235246e-13,initial_noise_numeric
0.1,0.099,30.4106168867492,4.792550865913894e-13,initial_noise_numeric
0.1,0.099,30.47344873982099,4.4852453169354297e-13,initial_noise_numeric
0.1,0.099,30.53628059289279,4.4598433956536353e-13,initial_noise_numeric
0.1,0.099,30.599112445964582,4.2408048608697824e-13,initial_noise_numeric
0.1,0.099,30.66194429903638,4.2467305378922926e-13,initial_noise_numeric
0.1,0.099,30.724776152108173,4.1541393772423657e-13,initial_noise_numeric
0.1,0.099,30.787608005179973,4.0305742079504384e-13,initial_noise_numeric
0.1,0.099,30.85043985825177,3.836009487350944e-13,initial_noise_numeric
0.1,0.099,30.913271711323564,3.8913666416160313e-13,initial_noise_numeric
0.1,0.099,30.976103564395363,3.8153558668849945e-13,initial_noise_numeric
0.1,0.099,31.038935417467155,3.8289122445120307e-13,initial_noise_numeric
0.1,0.099,31.101767270538954,3.6809407324650613e-13,initial_noise_numeric
0.1,0.099,31.164599123610746,3.6487342276863647e-13,initial_noise_numeric
0.1,0.099,31.227430976682545,3.6068786231395543e-13,initial_noise_numeric
0.1,0.099,31.290262829754337,3.53925250250684e-13,initial_noise_numeric
0.1,0.099,31.353094682826136,3.483117658220089e-13,initial_noise_numeric
0.1,0.099,31.415926535897928,3.3855097304743937e-13,initial_noise_numeric
0.1,0.099,31.478758388969727,3.392794590728278e-13,initial_noise_numeric
0.1,0.099,31.541590242041526,3.42132407093646e-13,initial_noise_numeric
0.1,0.099,31.604422095113318,3.3891245037926384e-13,initial_noise_numeric
0.1,0.099,31.667253948185117,3.3117949246399776e-13,initial_noise_numeric
0.1,0.099,31.73008580125691,3.3951876639887057e-13,initial_noise_numeric
0.1,0.099,31.792917654328708,3.3055415032664215e-13,initial_noise_numeric
0.1,0.099,31.8557495074005,3.283918502060953e-13,initial_noise_numeric
0.1,0.099,31.9185813604723,3.2872559768426813e-13,initial_noise_numeric
0.1,0.099,31.98141321354409,3.2772284245831463e-13,initial_noise_numeric
0.1,0.099,32.04424506661589,3.2526206138326205e-13,initial_noise_numeric
0.1,0.099,32.107076919687685,3.2644377718422466e-13,initial_noise_numeric
0.1,0.099,32.169908772759484,3.2931981956573726e-13,initial_noise_numeric
0.1,0.099,32.232740625831276,2.4103530362606235e-13,initial_noise_numeric
0.1,0.099,32.295572478903075,1.1106702188114449e-13,initial_noise_numeric
0.1,0.099,32.35840433197487,8.659506066291858e-14,initial_noise_numeric
0.1,0.099,32.421236185046666,8.652444067690285e-14,initial_noise_numeric
0.1,0.099,32.484068038118465,8.53692092137756e-14,initial_noise_numeric
0.1,0.099,32.54689989119026,8.342810940032955e-14,initial_noise_numeric
0.1,0.099,32.60973174426206,8.330132199752223e-14,initial_noise_numeric
0.1,0.099,32.67256359733385,8.119587374772393e-14,initial_noise_numeric
0.1,0.099,32.73539545040565,7.378021362779432e-14,initial_noise_numeric
0.1,0.099,32.79822730347744,6.575565901914978e-14,initial_noise_numeric
0.1,0.099,32.86105915654924,6.114104714911202e-14,initial_noise_numeric
0.1,0.099,32.92389100962103,6.021815976421335e-14,initial_noise_numeric
0.1,0.099,32.98672286269283,5.899871616559933e-14,initial_noise_numeric
0.1,0.099,33.04955471576463,5.781552725340583e-14,initial_noise_numeric
0.1,0.099,33.11238656883642,5.924705701320452e-14,initial_noise_numeric
0.1,0.099,33.17521842190822,5.714383228198935e-14,initial_noise_numeric
0.1,0.099,33.23805027498001,5.882923072133069e-14,initial_noise_numeric
0.1,0.099,33.30088212805181,6.539827590484368e-14,initial_noise_numeric
0.1,0.099,33.3637139811236,6.82052982058404e-14,initial_noise_numeric
0.1,0.099,33.4265458341954,7.762561898768402e-14,initial_noise_numeric
0.1,0.099,33.48937768726719,8.636135521744606e-14,initial_noise_numeric
0.1,0.099,33.55220954033899,1.1410673978613803e-13,initial_noise_numeric
0.1,0.099,33.61504139341079,1.2062869265259436e-13,initial_noise_numeric
0.1,0.099,33.677873246482584,1.3739498977932936e-13,initial_noise_numeric
0.1,0.099,33.74070509955438,1.5673652191716032e-13,initial_noise_numeric
0.1,0.099,33.803536952626175,1.8739339345249333e-13,initial_noise_numeric
0.1,0.099,33.866368805697974,1.9696710619113122e-13,initial_noise_numeric
0.1,0.099,33.929200658769766,2.0525956101180007e-13,initial_noise_numeric
0.1,0.099,33.992032511841565,2.1553356076994622e-13,initial_noise_numeric
0.1,0.099,34.05486436491336,2.350764169500554e-13,initial_noise_numeric
0.1,0.099,34.117696217985156,2.4021587224113153e-13,initial_noise_numeric
0.1,0.099,34.180528071056955,2.440779580870086e-13,initial_noise_numeric
0.1,0.099,34.24335992412875,2.352381490391832e-13,initial_noise_numeric
0.1,0.099,34.306191777200546,2.3678810838135253e-13,initial_noise_numeric
0.1,0.099,34.36902363027234,2.3586067167592857e-13,initial_noise_numeric
0.1,0.099,34.43185548334414,2.346701469313783e-13,initial_noise_numeric
0.1,0.099,34.49468733641593,2.257827116636339e-13,initial_noise_numeric
0.1,0.099,34.55751918948773,2.2240309136243145e-13,initial_noise_numeric
0.1,0.099,34.62035104255952,2.179706245882247e-13,initial_noise_numeric
0.1,0.099,34.68318289563132,2.1201587863709218e-13,initial_noise_numeric
0.1,0.099,34.74601474870311,2.0984137028900674e-13,initial_noise_numeric
0.1,0.099,34.80884660177491,2.0346835243783652e-13,initial_noise_numeric
0.1,0.099,34.87167845484671,2.0863311371834828e-13,initial_noise_numeric
0.1,0.099,34.9345103079185,1.950176648354857e-13,initial_noise_numeric
0.1,0.099,34.9973421609903,1.925964295808144e-13,initial_noise_numeric
0.1,0.099,35.06017401406209,1.9091474518541636e-13,initial_noise_numeric
0.1,0.099,35.12300586713389,1.771230212018375e-13,initial_noise_numeric
0.1,0.099,35.18583772020568,1.7023980660487876e-13,initial_noise_numeric
0.1,0.099,35.24866957327748,1.585773231290408e-13,initial_noise_numeric
0.1,0.099,35.311501426349274,1.6344234131746354e-13,initial_noise_numeric
0.1,0.099,35.37433327942107,1.5472507380604539e-13,initial_noise_numeric
0.1,0.099,35.437165132492865,1.534482675634085e-13,initial_noise_numeric
0.1,0.099,35.499996985564664,1.6307088189305988e-13,initial_noise_numeric
0.1,0.099,35.56282883863646,1.5670094613911952e-13,initial_noise_numeric
0.1,0.099,35.625660691708255,1.579064177473391e-13,initial_noise_numeric
0.1,0.099,35.688492544780054,1.576390588588357e-13,initial_noise_numeric
0.1,0.099,35.751324397851846,1.5885940128214716e-13,initial_noise_numeric
0.1,0.099,35.814156250923645,1.592892123029017e-13,initial_noise_numeric
0.1,0.099,35.87698810399544,1.606286041998554e-13,initial_noise_numeric
0.1,0.099,35.939819957067236,1.6003828774861015e-13,initial_noise_numeric
0.1,0.099,36.00265181013903,1.6165463231627463e-13,initial_noise_numeric
0.1,0.099,36.06548366321083,1.604615397264315e-13,initial_noise_numeric
0.1,0.099,36.12831551628262,1.6716913711238896e-13,initial_noise_numeric
0.1,0.099,36.19114736935442,1.6525439811901342e-13,initial_noise_numeric
0.1,0.099,36.25397922242622,1.6932885811545633e-13,initial_noise_numeric
0.1,0.099,36.31681107549801,1.694489427870191e-13,initial_noise_numeric
0.1,0.099,36.37964292856981,1.7826555784916006e-13,initial_noise_numeric
0.1,0.099,36.4424747816416,1.770557368872979e-13,initial_noise_numeric
0.1,0.099,36.5053066347134,1.6707730129808712e-13,initial_noise_numeric
0.1,0.099,36.56813848778519,1.8606300020663746e-13,initial_noise_numeric
0.1,0.099,36.63097034085699,1.7415934389524094e-13,initial_noise_numeric
0.1,0.099,36.69380219392878,1.7362533090000616e-13,initial_noise_numeric
0.1,0.099,36.75663404700058,1.648762743333659e-13,initial_noise_numeric
0.1,0.099,36.81946590007237,1.522320593802981e-13,initial_noise_numeric
0.1,0.099,36.88229775314417,1.3488784718047636e-13,initial_noise_numeric
0.1,0.099,36.94512960621597,1.0889954951640474e-13,initial_noise_numeric
0.1,0.099,37.00796145928776,8.223959460461513e-14,initial_noise_numeric
0.1,0.099,37.07079331235956,6.103733334966582e-14,initial_noise_numeric
0.1,0.099,37.133625165431354,4.343746135479215e-14,initial_noise_numeric
0.1,0.099,37.19645701850315,2.970269435694412e-14,initial_noise_numeric
0.1,0.099,37.259288871574945,2.4413578841512293e-14,initial_noise_numeric
0.1,0.099,37.322120724646744,2.2954587710091623e-14,initial_noise_numeric
0.1,0.099,37.384952577718536,2.2615368758190836e-14,initial_noise_numeric
0.1,0.099,37.447784430790335,2.3382794470562285e-14,initial_noise_numeric
0.1,0.099,37.51061628386213,2.3677436746228095e-14,initial_noise_numeric
0.1,0.099,37.573448136933926,2.501580744013116e-14,initial_noise_numeric
0.1,0.099,37.636279990005725,2.6765860805480147e-14,initial_noise_numeric
0.1,0.099,37.69911184307752,2.8842513286555884e-14,initial_noise_numeric
0.1,0.099,37.76194369614932,3.3532294460730716e-14,initial_noise_numeric
0.1,0.099,37.82477554922111,3.685511624557624e-14,initial_noise_numeric
0.1,0.099,37.88760740229291,4.274352935070558e-14,initial_noise_numeric
0.1,0.099,37.9504392553647,4.9249947821184634e-14,initial_noise_numeric
0.1,0.099,38.0132711084365,5.319679985210443e-14,initial_noise_numeric
0.1,0.099,38.07610296150829,6.17978518710977e-14,initial_noise_numeric
0.1,0.099,38.13893481458009,6.384466572898768e-14,initial_noise_numeric
0.1,0.099,38.20176666765188,7.010765849788408e-14,initial_noise_numeric
0.1,0.099,38.26459852072368,7.537294918043694e-14,initial_noise_numeric
0.1,0.099,38.32743037379548,7.342583946851915e-14,initial_noise_numeric
0.1,0.099,38.39026222686727,8.065631961170103e-14,initial_noise_numeric
0.1,0.099,38.45309407993907,7.675727479292898e-14,initial_noise_numeric
0.1,0.099,38.51592593301086,8.030293099107004e-14,initial_noise_numeric
0.1,0.099,38.57875778608266,7.812437549314361e-14,initial_noise_numeric
0.1,0.099,38.64158963915445,7.741074353054469e-14,initial_noise_numeric
0.1,0.099,38.70442149222625,7.937382460330766e-14,initial_noise_numeric
0.1,0.099,38.767253345298045,7.208415120641004e-14,initial_noise_numeric
0.1,0.099,38.830085198369844,7.325884699306138e-14,initial_noise_numeric
0.1,0.099,38.89291705144164,6.901196457047727e-14,initial_noise_numeric
0.1,0.099,38.955748904513435,6.65161026864678e-14,initial_noise_numeric
0.1,0.099,39.018580757585234,6.569400855244805e-14,initial_noise_numeric
0.1,0.099,39.081412610657026,5.7125728651108e-14,initial_noise_numeric
0.1,0.099,39.144244463728825,5.554430717733704e-14,initial_noise_numeric
0.1,0.099,39.20707631680062,4.919152573676101e-14,initial_noise_numeric
0.1,0.099,39.269908169872416,4.8606016986157736e-14,initial_noise_numeric
0.1,0.099,39.33274002294421,4.566076969865037e-14,initial_noise_numeric
0.1,0.099,39.39557187601601,4.073392576108778e-14,initial_noise_numeric
0.1,0.099,39.4584037290878,4.392053653839173e-14,initial_noise_numeric
0.1,0.099,39.5212355821596,4.099099562847154e-14,initial_noise_numeric
0.1,0.099,39.5840674352314,4.2119509828569053e-14,initial_noise_numeric
0.1,0.099,39.64689928830319,4.114830817492721e-14,initial_noise_numeric
0.1,0.099,39.70973114137499,3.907232199424015e-14,initial_noise_numeric
0.1,0.099,39.77256299444678,4.19691025918166e-14,initial_noise_numeric
0.1,0.099,39.83539484751858,3.95473694603185e-14,initial_noise_numeric
0.1,0.099,39.89822670059037,4.131109462279075e-14,initial_noise_numeric
0.1,0.099,39.96105855366217,3.989645113698854e-14,initial_noise_numeric
0.1,0.099,40.02389040673396,4.03305754645843e-14,initial_noise_numeric
0.1,0.099,40.08672225980576,4.081470938502027e-14,initial_noise_numeric
0.1,0.099,40.14955411287755,3.943227534454792e-14,initial_noise_numeric
0.1,0.099,40.21238596594935,4.177499098663272e-14,initial_noise_numeric
0.1,0.099,40.27521781902115,4.0527487644447815e-14,initial_noise_numeric
0.1,0.099,40.33804967209294,4.119629532856813e-14,initial_noise_numeric
0.1,0.099,40.40088152516474,4.063644122307267e-14,initial_noise_numeric
0.1,0.099,40.463713378236534,4.1824389250357993e-14,initial_noise_numeric
0.1,0.099,40.52654523130833,4.3365970760204027e-14,initial_noise_numeric
0.1,0.099,40.589377084380125,4.2159269592063636e-14,initial_noise_numeric
0.1,0.099,40.652208937451924,4.324917363215157e-14,initial_noise_numeric
0.1,0.099,40.715040790523716,4.415671122604655e-14,initial_noise_numeric
0.1,0.099,40.777872643595515,4.439875078162043e-14,initial_noise_numeric
0.1,0.099,40.84070449666731,4.7100380849267314e-14,initial_noise_numeric
0.1,0.099,40.903536349739106,4.4850829757606724e-14,initial_noise_numeric
0.1,0.099,40.9663682028109,4.6824868437510106e-14,initial_noise_numeric
0.1,0.099,41.029200055882704,4.5776153351876626e-14,initial_noise_numeric
0.1,0.099,41.092031908954496,4.6871867359349194e-14,initial_noise_numeric
0.1,0.099,41.15486376202629,4.7226896793414666e-14,initial_noise_numeric
0.1,0.099,41.21769561509808,4.449246950185178e-14,initial_noise_numeric
0.1,0.099,41.280527468169886,4.428114539956645e-14,initial_noise_numeric
0.1,0.099,41.34335932124168,4.048736504042591e-14,initial_noise_numeric
0.1,0.099,41.40619117431347,3.985020781135798e-14,initial_noise_numeric
0.1,0.099,41.46902302738526,3.531435742330899e-14,initial_noise_numeric
0.1,0.099,41.53185488045707,3.3178418392690236e-14,initial_noise_numeric
0.1,0.099,41.59468673352886,3.003197971194973e-14,initial_noise_numeric
0.1,0.099,41.65751858660065,2.7224610951837107e-14,initial_noise_numeric
0.1,0.099,41.72035043967246,2.684167489095861e-14,initial_noise_numeric
0.1,0.099,41.78318229274425,2.50165180505811e-14,initial_noise_numeric
0.1,0.099,41.84601414581604,2.5936790878172766e-14,initial_noise_numeric
0.1,0.099,41.908845998887834,2.5258470633978522e-14,initial_noise_numeric
0.1,0.099,41.97167785195964,2.5164712455828324e-14,initial_noise_numeric
0.1,0.099,42.03450970503143,2.5264445224015004e-14,initial_noise_numeric
0.1,0.099,42.097341558103224,2.53583167675613e-14,initial_noise_numeric
0.1,0.099,42.160173411175016,2.5270354478796137e-14,initial_noise_numeric
0.1,0.099,42.22300526424682,2.539675114541756e-14,initial_noise_numeric
0.1,0.099,42.285837117318614,2.559830014674074e-14,initial_noise_numeric
0.1,0.099,42.348668970390406,2.5231393400412194e-14,initial_noise_numeric
0.1,0.099,42.41150082346221,2.6575987169311123e-14,initial_noise_numeric
0.1,0.099,42.474332676534004,2.60957538675271e-14,initial_noise_numeric
0.1,0.099,42.537164529605796,2.967192419478276e-14,initial_noise_numeric
0.1,0.099,42.59999638267759,3.1105267684033856e-14,initial_noise_numeric
0.1,0.099,42.662828235749394,3.66723389977935e-14,initial_noise_numeric
0.1,0.099,42.725660088821186,5.976627463142096e-14,initial_noise_numeric
0.1,0.099,42.78849194189298,6.83867468510322e-14,initial_noise_numeric
0.1,0.099,42.85132379496477,1.2336652268058084e-13,initial_noise_numeric
0.1,0.099,42.91415564803658,1.3158430652102253e-13,initial_noise_numeric
0.1,0.099,42.97698750110837,2.0621858214440312e-13,initial_noise_numeric
0.1,0.099,43.03981935418016,2.4969657266588395e-13,initial_noise_numeric
0.1,0.099,43.10265120725197,2.748367147917748e-13,initial_noise_numeric
0.1,0.099,43.16548306032376,4.111871400918778e-13,initial_noise_numeric
0.1,0.099,43.22831491339555,4.123865844184068e-13,initial_noise_numeric
0.1,0.099,43.29114676646734,5.537630984044254e-13,initial_noise_numeric
0.1,0.099,43.35397861953915,5.851367913071157e-13,initial_noise_numeric
0.1,0.099,43.41681047261094,5.90160554708609e-13,initial_noise_numeric
0.1,0.099,43.47964232568273,7.524217401021684e-13,initial_noise_numeric
0.1,0.099,43.54247417875453,7.09599415845879e-13,initial_noise_numeric
0.1,0.099,43.60530603182633,7.988984863917309e-13,initial_noise_numeric
0.1,0.099,43.66813788489812,8.384005939291127e-13,initial_noise_numeric
0.1,0.099,43.730969737969914,8.16634974336597e-13,initial_noise_numeric
0.1,0.099,43.79380159104172,8.665981242602682e-13,initial_noise_numeric
0.1,0.099,43.85663344411351,8.370364307435494e-13,initial_noise_numeric
0.1,0.099,43.919465297185305,7.649909935500881e-13,initial_noise_numeric
0.1,0.099,43.9822971502571,8.360774549987158e-13,initial_noise_numeric
0.1,0.099,44.0451290033289,6.676134864910135e-13,initial_noise_numeric
0.1,0.099,44.107960856400695,7.061147855141076e-13,initial_noise_numeric
0.1,0.099,44.17079270947249,5.74987123311212e-13,initial_noise_numeric
0.1,0.099,44.233624562544286,4.550669245189278e-13,initial_noise_numeric
0.1,0.099,44.296456415616085,4.460722927828102e-13,initial_noise_numeric
0.1,0.099,44.35928826868788,2.751462540593044e-13,initial_noise_numeric
0.1,0.099,44.42212012175967,2.866375252596538e-13,initial_noise_numeric
0.1,0.099,44.484951974831475,1.90629956785483e-13,initial_noise_numeric
0.1,0.099,44.54778382790327,1.3726866539020108e-13,initial_noise_numeric
0.1,0.099,44.61061568097506,9.100963067474966e-14,initial_noise_numeric
0.1,0.099,44.67344753404686,6.444974901974032e-14,initial_noise_numeric
0.1,0.099,44.73627938711866,4.309982562194241e-14,initial_noise_numeric
0.1,0.099,44.79911124019045,2.915006734155666e-14,initial_noise_numeric
0.1,0.099,44.86194309326224,2.8252276646215517e-14,initial_noise_numeric
0.1,0.099,44.92477494633405,2.399145977948734e-14,initial_noise_numeric
0.1,0.099,44.98760679940584,2.3056602346157912e-14,initial_noise_numeric
0.1,0.099,45.05043865247763,2.369583424987037e-14,initial_noise_numeric
0.1,0.099,45.11327050554942,2.3337269382502375e-14,initial_noise_numeric
0.1,0.099,45.17610235862123,2.3264114703295044e-14,initial_noise_numeric
0.1,0.099,45.23893421169302,2.2758884234576115e-14,initial_noise_numeric
0.1,0.099,45.30176606476481,2.283249810547653e-14,initial_noise_numeric
0.1,0.099,45.36459791783661,2.4011997492362763e-14,initial_noise_numeric
0.1,0.099,45.42742977090841,2.5630766603599987e-14,initial_noise_numeric
0.1,0.099,45.4902616239802,3.6342220653153773e-14,initial_noise_numeric
0.1,0.099,0.06283185307179587,0.08930628368854474,continuous_theory_from_H0
0.1,0.099,0.12566370614359174,0.17764915987547114,continuous_theory_from_H0
0.1,0.099,0.18849555921538758,0.2662732136986269,continuous_theory_from_H0
0.1,0.099,0.25132741228718347,0.35502838323608055,continuous_theory_from_H0
0.1,0.099,0.3141592653589793,0.443733805117108,continuous_theory_from_H0
0.1,0.099,0.37699111843077515,0.53227848980014,continuous_theory_from_H0
0.1,0.099,0.43982297150257105,0.6205137623741016,continuous_theory_from_H0
0.1,0.099,0.5026548245743669,0.7082064261627984,continuous_theory_from_H0
0.1,0.099,0.5654866776461628,0.7951864250135509,continuous_theory_from_H0
0.1,0.099,0.6283185307179586,0.8812393354376836,continuous_theory_from_H0
0.1,0.099,0.6911503837897545,0.9659520329451183,continuous_theory_from_H0
0.1,0.099,0.7539822368615503,1.0490266479585706,continuous_theory_from_H0
0.1,0.099,0.8168140899333463,1.1296994421553639,continuous_theory_from_H0
0.1,0.099,0.8796459430051421,1.207542194415869,continuous_theory_from_H0
0.1,0.099,0.9424777960769378,1.2818162442420478,continuous_theory_from_H0
0.1,0.099,1.0053096491487339,1.3520056672739293,continuous_theory_from_H0
0.1,0.099,1.0681415022205298,1.417407753479524,continuous_theory_from_H0
0.1,0.099,1.1309733552923256,1.4770281589481193,continuous_theory_from_H0
0.1,0.099,1.1938052083641213,1.5304292233942864,continuous_theory_from_H0
0.1,0.099,1.2566370614359172,1.5767962213655566,continuous_theory_from_H0
0.1,0.099,1.3194689145077132,1.6156651124582988,continuous_theory_from_H0
0.1,0.099,1.382300767579509,1.646671836849298,continuous_theory_from_H0
0.1,0.099,1.4451326206513047,1.6692498697678302,continuous_theory_from_H0
0.1,0.099,1.5079644737231006,1.683420166980601,continuous_theory_from_H0
0.1,0.099,1.5707963267948966,1.689095593815291,continuous_theory_from_H0
0.1,0.099,1.6336281798666925,1.6867095749126981,continuous_theory_from_H0
0.1,0.099,1.6964600329384882,1.6767533998443354,continuous_theory_from_H0
0.1,0.099,1.7592918860102842,1.659856901821493,continuous_theory_from_H0
0.1,0.099,1.8221237390820801,1.6369894166989074,continuous_theory_from_H0
0.1,0.099,1.8849555921538756,1.609071265021985,continuous_theory_from_H0
0.1,0.099,1.9477874452256716,1.5772231468800038,continuous_theory_from_H0
0.1,0.099,2.0106192982974678,1.5425477354092985,continuous_theory_from_H0
0.1,0.099,2.0734511513692637,1.5060811565378551,continuous_theory_from_H0
0.1,0.099,2.1362830044410597,1.4687250683238617,continuous_theory_from_H0
0.1,0.099,2.199114857512855,1.4312683589538386,continuous_theory_from_H0
0.1,0.099,2.261946710584651,1.3943062802986839,continuous_theory_from_H0
0.1,0.099,2.324778563656447,1.3582726483355172,continuous_theory_from_H0
0.1,0.099,2.3876104167282426,1.3234566664134415,continuous_theory_from_H0
0.1,0.099,2.4504422698000385,1.2900162641113866,continuous_theory_from_H0
0.1,0.099,2.5132741228718345,1.2580150948302253,continuous_theory_from_H0
0.1,0.099,2.57610597594363,1.2274500368344496,continuous_theory_from_H0
0.1,0.099,2.6389378290154264,1.1982778396216889,continuous_theory_from_H0
0.1,0.099,2.701769682087222,1.1704330103185774,continuous_theory_from_H0
0.1,0.099,2.764601535159018,1.1438409029257324,continuous_theory_from_H0
0.1,0.099,2.827433388230814,1.1184253633930403,continuous_theory_from_H0
0.1,0.099,2.8902652413026093,1.0941128317913027,continuous_theory_from_H0
0.1,0.099,2.9530970943744057,1.0708341676602855,continuous_theory_from_H0
0.1,0.099,3.015928947446201,1.0485252181030766,continuous_theory_from_H0
0.1,0.099,3.078760800517997,1.027126769585063,continuous_theory_from_H0
0.1,0.099,3.141592653589793,1.0065842403512946,continuous_theory_from_H0
0.1,0.099,3.204424506661589,0.986847295824442,continuous_theory_from_H0
0.1,0.099,3.267256359733385,0.967869463486615,continuous_theory_from_H0
0.1,0.099,3.330088212805181,0.9496077755465071,continuous_theory_from_H0
0.1,0.099,3.3929200658769765,0.9320224463779532,continuous_theory_from_H0
0.1,0.099,3.4557519189487724,0.9150765837177556,continuous_theory_from_H0
0.1,0.099,3.5185837720205684,0.8987359304372438,continuous_theory_from_H0
0.1,0.099,3.581415625092364,0.8829686334120485,continuous_theory_from_H0
0.1,0.099,3.6442474781641603,0.8677450362842565,continuous_theory_from_H0
0.1,0.099,3.707079331235956,0.8530374932963881,continuous_theory_from_H0
0.1,0.099,3.7699111843077513,0.8388202017414487,continuous_theory_from_H0
0.1,0.099,3.8327430373795477,0.8250690508932281,continuous_theory_from_H0
0.1,0.099,3.895574890451343,0.8117614855562408,continuous_theory_from_H0
0.1,0.099,3.9584067435231396,0.7988763826109038,continuous_theory_from_H0
0.1,0.099,4.0212385965949355,0.7863939391326082,continuous_theory_from_H0
0.1,0.099,4.084070449666731,0.7742955708382606,continuous_theory_from_H0
0.1,0.099,4.1469023027385274,0.7625638197649537,continuous_theory_from_H0
0.1,0.099,4.209734155810323,0.7511822702162232,continuous_theory_from_H0
0.1,0.099,4.272566008882119,0.7401354721248081,continuous_theory_from_H0
0.1,0.099,4.335397861953915,0.7294088710795211,continuous_theory_from_H0
0.1,0.099,4.39822971502571,0.7189887443498139,continuous_theory_from_H0
0.1,0.099,4.461061568097507,0.7088621423167178,continuous_theory_from_H0
0.1,0.099,4.523893421169302,0.6990168347845412,continuous_theory_from_H0
0.1,0.099,4.586725274241098,0.6894412617053011,continuous_theory_from_H0
0.1,0.099,4.649557127312894,0.6801244878984727,continuous_theory_from_H0
0.1,0.099,4.71238898038469,0.6710561613931598,continuous_theory_from_H0
0.1,0.099,4.775220833456485,0.6622264750590394,continuous_theory_from_H0
0.1,0.099,4.838052686528282,0.6536261312271038,continuous_theory_from_H0
0.1,0.099,4.900884539600077,0.6452463090318845,continuous_theory_from_H0
0.1,0.099,4.9637163926718735,0.6370786342340126,continuous_theory_from_H0
0.1,0.099,5.026548245743669,0.6291151513060874,continuous_theory_from_H0
0.1,0.099,5.0893800988154645,0.6213482975862593,continuous_theory_from_H0
0.1,0.099,5.15221195188726,0.6137708793230123,continuous_theory_from_H0
0.1,0.099,5.215043804959057,0.6063760494516506,continuous_theory_from_H0
0.1,0.099,5.277875658030853,0.5991572869581786,continuous_theory_from_H0
0.1,0.099,5.340707511102648,0.5921083776998471,continuous_theory_from_H0
0.1,0.099,5.403539364174444,0.5852233965638024,continuous_theory_from_H0
0.1,0.099,5.466371217246239,0.5784966908561726,continuous_theory_from_H0
0.1,0.099,5.529203070318036,0.571922864823716,continuous_theory_from_H0
0.1,0.099,5.592034923389832,0.5654967652189552,continuous_theory_from_H0
0.1,0.099,5.654866776461628,0.5592134678276335,continuous_theory_from_H0
0.1,0.099,5.717698629533423,0.5530682648844727,continuous_theory_from_H0
0.1,0.099,5.780530482605219,0.5470566533096416,continuous_theory_from_H0
0.1,0.099,5.843362335677015,0.5411743237041615,continuous_theory_from_H0
0.1,0.099,5.906194188748811,0.5354171500477342,continuous_theory_from_H0
0.1,0.099,5.969026041820607,0.5297811800472317,continuous_theory_from_H0
0.1,0.099,6.031857894892402,0.5242626260884066,continuous_theory_from_H0
0.1,0.099,6.094689747964199,0.5188578567472889,continuous_theory_from_H0
0.1,0.099,6.157521601035994,0.5135633888212962,continuous_theory_from_H0
0.1,0.099,6.220353454107791,0.5083758798433032,continuous_theory_from_H0
0.1,0.099,6.283185307179586,0.5032921210448702,continuous_theory_from_H0
0.1,0.099,6.346017160251382,0.49830903073749533,continuous_theory_from_H0
0.1,0.099,6.408849013323178,0.4934236480832061,continuous_theory_from_H0
0.1,0.099,6.471680866394974,0.4886331272280294,continuous_theory_from_H0
0.1,0.099,6.53451271946677,0.48393473177391366,continuous_theory_from_H0
0.1,0.099,6.5973445725385655,0.47932582956654307,continuous_theory_from_H0
0.1,0.099,6.660176425610362,0.47480388777817945,continuous_theory_from_H0
0.1,0.099,6.7230082786821574,0.4703664682662339,continuous_theory_from_H0
0.1,0.099,6.785840131753953,0.46601122318969473,continuous_theory_from_H0
0.1,0.099,6.8486719848257485,0.4617358908668535,continuous_theory_from_H0
0.1,0.099,6.911503837897545,0.45753829185897293,continuous_theory_from_H0
0.1,0.099,6.974335690969341,0.45341632526564885,continuous_theory_from_H0
0.1,0.099,7.037167544041137,0.4493679652186342,continuous_theory_from_H0
0.1,0.099,7.099999397112932,0.4453912575618321,continuous_theory_from_H0
0.1,0.099,7.162831250184728,0.4414843167060266,continuous_theory_from_H0
0.1,0.099,7.225663103256525,0.4376453226477132,continuous_theory_from_H0
0.1,0.099,7.288494956328321,0.4338725181421295,continuous_theory_from_H0
0.1,0.099,7.351326809400116,0.43016420602125666,continuous_theory_from_H0
0.1,0.099,7.414158662471912,0.42651874664819517,continuous_theory_from_H0
0.1,0.099,7.476990515543707,0.42293455549989106,continuous_theory_from_H0
0.1,0.099,7.539822368615503,0.4194101008707253,continuous_theory_from_H0
0.1,0.099,7.6026542216873,0.41594390168997547,continuous_theory_from_H0
0.1,0.099,7.665486074759095,0.412534525446615,continuous_theory_from_H0
0.1,0.099,7.728317927830891,0.40918058621534176,continuous_theory_from_H0
0.1,0.099,7.791149780902686,0.40588074277812125,continuous_theory_from_H0
0.1,0.099,7.853981633974482,0.40263369683589634,continuous_theory_from_H0
0.1,0.099,7.916813487046279,0.3994381913054526,continuous_theory_from_H0
0.1,0.099,7.979645340118075,0.3962930086967483,continuous_theory_from_H0
0.1,0.099,8.042477193189871,0.3931969695663049,continuous_theory_from_H0
0.1,0.099,8.105309046261667,0.3901489310425351,continuous_theory_from_H0
0.1,0.099,8.168140899333462,0.387147785419131,continuous_theory_from_H0
0.1,0.099,8.230972752405258,0.3841924588128781,continuous_theory_from_H0
0.1,0.099,8.293804605477055,0.38128190988247745,continuous_theory_from_H0
0.1,0.099,8.35663645854885,0.37841512860516563,continuous_theory_from_H0
0.1,0.099,8.419468311620646,0.37559113510811215,continuous_theory_from_H0
0.1,0.099,8.482300164692441,0.37280897855175577,continuous_theory_from_H0
0.1,0.099,8.545132017764239,0.37006773606240456,continuous_theory_from_H0
0.1,0.099,8.607963870836034,0.36736651171158413,continuous_theory_from_H0
0.1,0.099,8.67079572390783,0.36470443553976106,continuous_theory_from_H0
0.1,0.099,8.733627576979625,0.36208066262220884,continuous_theory_from_H0
0.1,0.099,8.79645943005142,0.3594943721749074,continuous_theory_from_H0
0.1,0.099,8.859291283123216,0.3569447666984896,continuous_theory_from_H0
0.1,0.099,8.922123136195014,0.35443107115835937,continuous_theory_from_H0
0.1,0.099,8.984954989266809,0.35195253219920997,continuous_theory_from_H0
0.1,0.099,9.047786842338605,0.34950841739227106,continuous_theory_from_H0
0.1,0.099,9.1106186954104,0.34709801451370365,continuous_theory_from_H0
0.1,0.099,9.173450548482196,0.3447206308526509,continuous_theory_from_H0
0.1,0.099,9.236282401553993,0.3423755925475308,continuous_theory_from_H0
0.1,0.099,9.299114254625788,0.3400622439492367,continuous_theory_from_H0
0.1,0.099,9.361946107697584,0.3377799470099801,continuous_theory_from_H0
0.1,0.099,9.42477796076938,0.33552808069658024,continuous_theory_from_H0
0.1,0.099,9.487609813841175,0.33330604042706646,continuous_theory_from_H0
0.1,0.099,9.55044166691297,0.33111323752952,continuous_theory_from_H0
0.1,0.099,9.613273519984768,0.3289490987221374,continuous_theory_from_H0
0.1,0.099,9.676105373056563,0.32681306561355217,continuous_theory_from_H0
0.1,0.099,9.738937226128359,0.324704594222497,continuous_theory_from_H0
0.1,0.099,9.801769079200154,0.32262315451594253,continuous_theory_from_H0
0.1,0.099,9.86460093227195,0.3205682299648856,continuous_theory_from_H0
0.1,0.099,9.927432785343747,0.3185393171170065,continuous_theory_from_H0
0.1,0.099,9.990264638415542,0.31653592518545304,continuous_theory_from_H0
0.1,0.099,10.053096491487338,0.31455757565304393,continuous_theory_from_H0
0.1,0.099,10.115928344559133,0.31260380189122383,continuous_theory_from_H0
0.1,0.099,10.178760197630929,0.3106741487931298,continuous_theory_from_H0
0.1,0.099,10.241592050702724,0.30876817242016585,continuous_theory_from_H0
0.1,0.099,10.30442390377452,0.30688543966150633,continuous_theory_from_H0
0.1,0.099,10.367255756846316,0.3050255279059821,continuous_theory_from_H0
0.1,0.099,10.430087609918115,0.30318802472582546,continuous_theory_from_H0
0.1,0.099,10.49291946298991,0.3013725275717786,continuous_theory_from_H0
0.1,0.099,10.555751316061706,0.29957864347908947,continuous_theory_from_H0
0.1,0.099,10.618583169133501,0.29780598878394693,continuous_theory_from_H0
0.1,0.099,10.681415022205297,0.29605418884992374,continuous_theory_from_H0
0.1,0.099,10.744246875277092,0.2943228778040178,continuous_theory_from_H0
0.1,0.099,10.807078728348888,0.29261169828190137,continuous_theory_from_H0
0.1,0.099,10.869910581420683,0.290920301182006,continuous_theory_from_H0
0.1,0.099,10.932742434492479,0.2892483454280864,continuous_theory_from_H0
0.1,0.099,10.995574287564274,0.28759549773992593,continuous_theory_from_H0
0.1,0.099,11.058406140636071,0.2859614324118582,continuous_theory_from_H0
0.1,0.099,11.121237993707869,0.2843458310987968,continuous_theory_from_H0
0.1,0.099,11.184069846779664,0.2827483826094777,continuous_theory_from_H0
0.1,0.099,11.24690169985146,0.2811687827066315,continuous_theory_from_H0
0.1,0.099,11.309733552923255,0.27960673391381685,continuous_theory_from_H0
0.1,0.099,11.37256540599505,0.2780619453286577,continuous_theory_from_H0
0.1,0.099,11.435397259066846,0.27653413244223646,continuous_theory_from_H0
0.1,0.099,11.498229112138642,0.27502301696441006,continuous_theory_from_H0
0.1,0.099,11.561060965210437,0.27352832665482085,continuous_theory_from_H0
0.1,0.099,11.623892818282235,0.2720497951593894,continuous_theory_from_H0
0.1,0.099,11.68672467135403,0.27058716185208087,continuous_theory_from_H0
0.1,0.099,11.749556524425827,0.2691401716817488,continuous_theory_from_H0
0.1,0.099,11.812388377497623,0.2677085750238672,continuous_theory_from_H0
0.1,0.099,11.875220230569418,0.2662921275369684,continuous_theory_from_H0
0.1,0.099,11.938052083641214,0.264890590023616,continuous_theory_from_H0
0.1,0.099,12.00088393671301,0.26350372829574364,continuous_theory_from_H0
0.1,0.099,12.063715789784805,0.26213131304420334,continuous_theory_from_H0
0.1,0.099,12.1265476428566,0.2607731197123681,continuous_theory_from_H0
0.1,0.099,12.189379495928398,0.2594289283736445,continuous_theory_from_H0
0.1,0.099,12.252211349000193,0.25809852361275404,continuous_theory_from_H0
0.1,0.099,12.315043202071989,0.25678169441064813,continuous_theory_from_H0
0.1,0.099,12.377875055143784,0.25547823403292913,continuous_theory_from_H0
0.1,0.099,12.440706908215581,0.2541879399216517,continuous_theory_from_H0
0.1,0.099,12.503538761287377,0.25291061359038713,continuous_theory_from_H0
0.1,0.099,12.566370614359172,0.2516460605224352,continuous_theory_from_H0
0.1,0.099,12.629202467430968,0.2503940900720748,continuous_theory_from_H0
0.1,0.099,12.692034320502763,0.24915451536874772,continuous_theory_from_H0
0.1,0.099,12.75486617357456,0.24792715322407405,continuous_theory_from_H0
0.1,0.099,12.817698026646356,0.2467118240416031,continuous_theory_from_H0
0.1,0.099,12.880529879718152,0.24550835172920504,continuous_theory_from_H0
0.1,0.099,12.943361732789947,0.24431656361401474,continuous_theory_from_H0
0.1,0.099,13.006193585861743,0.24313629035984077,continuous_theory_from_H0
0.1,0.099,13.06902543893354,0.24196736588695691,continuous_theory_from_H0
0.1,0.099,13.131857292005336,0.24080962729419636,continuous_theory_from_H0
0.1,0.099,13.194689145077131,0.2396629147832716,continuous_theory_from_H0
0.1,0.099,13.257520998148927,0.23852707158524664,continuous_theory_from_H0
0.1,0.099,13.320352851220724,0.23740194388908978,continuous_theory_from_H0
0.1,0.099,13.38318470429252,0.2362873807722396,continuous_theory_from_H0
0.1,0.099,13.446016557364315,0.235183234133117,continuous_theory_from_H0
0.1,0.099,13.50884841043611,0.2340893586255211,continuous_theory_from_H0
0.1,0.099,13.571680263507906,0.2330056115948474,continuous_theory_from_H0
0.1,0.099,13.634512116579701,0.2319318530160693,continuous_theory_from_H0
0.1,0.099,13.697343969651497,0.2308679454334268,continuous_theory_from_H0
0.1,0.099,13.760175822723294,0.22981375390176728,continuous_theory_from_H0
0.1,0.099,13.82300767579509,0.22876914592948652,continuous_theory_from_H0
0.1,0.099,13.885839528866887,0.22773399142301823,continuous_theory_from_H0
0.1,0.099,13.948671381938683,0.22670816263282448,continuous_theory_from_H0
0.1,0.099,14.011503235010478,0.22569153410083873,continuous_theory_from_H0
0.1,0.099,14.074335088082274,0.22468398260931713,continuous_theory_from_H0
0.1,0.099,14.137166941154069,0.22368538713105351,continuous_theory_from_H0
0.1,0.099,14.199998794225865,0.2226956287809161,continuous_theory_from_H0
0.1,0.099,14.26283064729766,0.22171459076866537,continuous_theory_from_H0
0.1,0.099,14.325662500369456,0.22074215835301333,continuous_theory_from_H0
0.1,0.099,14.388494353441251,0.21977821879688664,continuous_theory_from_H0
0.1,0.099,14.45132620651305,0.21882266132385664,continuous_theory_from_H0
0.1,0.099,14.514158059584846,0.21787537707570143,continuous_theory_from_H0
0.1,0.099,14.576989912656641,0.2169362590710648,continuous_theory_from_H0
0.1,0.099,14.639821765728437,0.2160052021651804,continuous_theory_from_H0
0.1,0.099,14.702653618800232,0.21508210301062836,continuous_theory_from_H0
0.1,0.099,14.765485471872028,0.21416686001909377,continuous_theory_from_H0
0.1,0.099,14.828317324943823,0.2132593733240976,continuous_theory_from_H0
0.1,0.099,14.891149178015619,0.21235954474467106,continuous_theory_from_H0
0.1,0.099,14.953981031087414,0.21146727774994556,continuous_theory_from_H0
0.1,0.099,15.01681288415921,0.210582477424632,continuous_theory_from_H0
0.1,0.099,15.079644737231005,0.20970505043536267,continuous_theory_from_H0
0.1,0.099,15.142476590302804,0.2088349049978715,continuous_theory_from_H0
0.1,0.099,15.2053084433746,0.20797195084498774,continuous_theory_from_H0
0.1,0.099,15.268140296446395,0.2071160991954199,continuous_theory_from_H0
0.1,0.099,15.33097214951819,0.20626726272330753,continuous_theory_from_H0
0.1,0.099,15.393804002589986,0.2054253555285185,continuous_theory_from_H0
0.1,0.099,15.456635855661782,0.20459029310767088,continuous_theory_from_H0
0.1,0.099,15.519467708733577,0.20376199232585845,continuous_theory_from_H0
0.1,0.099,15.582299561805373,0.20294037138906065,continuous_theory_from_H0
0.1,0.099,15.645131414877168,0.20212534981721703,continuous_theory_from_H0
0.1,0.099,15.707963267948964,0.20131684841794817,continuous_theory_from_H0
0.1,0.099,15.770795121020763,0.20051478926090452,continuous_theory_from_H0
0.1,0.099,15.833626974092558,0.19971909565272636,continuous_theory_from_H0
0.1,0.099,15.896458827164354,0.19892969211259698,continuous_theory_from_H0
0.1,0.099,15.95929068023615,0.19814650434837414,continuous_theory_from_H0
0.1,0.099,16.022122533307947,0.19736945923328247,continuous_theory_from_H0
0.1,0.099,16.084954386379742,0.19659848478315245,continuous_theory_from_H0
0.1,0.099,16.147786239451538,0.1958335101341908,continuous_theory_from_H0
0.1,0.099,16.210618092523333,0.1950744655212676,continuous_theory_from_H0
0.1,0.099,16.27344994559513,0.1943212822567067,continuous_theory_from_H0
0.1,0.099,16.336281798666924,0.19357389270956551,continuous_theory_from_H0
0.1,0.099,16.39911365173872,0.19283223028539095,continuous_theory_from_H0
0.1,0.099,16.461945504810515,0.19209622940643908,continuous_theory_from_H0
0.1,0.099,16.524777357882314,0.19136582549234613,continuous_theory_from_H0
0.1,0.099,16.58760921095411,0.19064095494123875,continuous_theory_from_H0
0.1,0.099,16.650441064025905,0.18992155511127182,continuous_theory_from_H0
0.1,0.099,16.7132729170977,0.18920756430258281,continuous_theory_from_H0
0.1,0.099,16.776104770169496,0.1884989217396518,continuous_theory_from_H0
0.1,0.099,16.838936623241292,0.1877955675540561,continuous_theory_from_H0
0.1,0.099,16.901768476313087,0.1870974427676098,continuous_theory_from_H0
0.1,0.099,16.964600329384883,0.1864044892758779,continuous_theory_from_H0
0.1,0.099,17.02743218245668,0.1857166498320555,continuous_theory_from_H0
0.1,0.099,17.090264035528477,0.1850338680312023,continuous_theory_from_H0
0.1,0.099,17.153095888600273,0.18435608829482428,continuous_theory_from_H0
0.1,0.099,17.21592774167207,0.1836832558557921,continuous_theory_from_H0
0.1,0.099,17.278759594743864,0.1830153167435892,continuous_theory_from_H0
0.1,0.099,17.34159144781566,0.18235221776988053,continuous_theory_from_H0
0.1,0.099,17.404423300887455,0.18169390651439363,continuous_theory_from_H0
0.1,0.099,17.46725515395925,0.18104033131110445,continuous_theory_from_H0
0.1,0.099,17.530087007031046,0.18039144123472056,continuous_theory_from_H0
0.1,0.099,17.59291886010284,0.1797471860874537,continuous_theory_from_H0
0.1,0.099,17.655750713174637,0.17910751638607486,continuous_theory_from_H0
0.1,0.099,17.718582566246432,0.1784723833492448,continuous_theory_from_H0
0.1,0.099,17.78141441931823,0.17784173888511318,continuous_theory_from_H0
0.1,0.099,17.844246272390027,0.1772155355791797,continuous_theory_from_H0
0.1,0.099,17.907078125461823,0.17659372668241063,continuous_theory_from_H0
0.1,0.099,17.969909978533618,0.175976266099605,continuous_theory_from_H0
0.1,0.099,18.032741831605414,0.1753631083780036,continuous_theory_from_H0
0.1,0.099,18.09557368467721,0.17475420869613553,continuous_theory_from_H0
0.1,0.099,18.158405537749005,0.1741495228528963,continuous_theory_from_H0
0.1,0.099,18.2212373908208,0.17354900725685185,continuous_theory_from_H0
0.1,0.099,18.284069243892596,0.17295261891576302,continuous_theory_from_H0
0.1,0.099,18.34690109696439,0.1723603154263255,continuous_theory_from_H0
0.1,0.099,18.409732950036187,0.1717720549641196,continuous_theory_from_H0
0.1,0.099,18.472564803107986,0.1711877962737654,continuous_theory_from_H0
0.1,0.099,18.53539665617978,0.17060749865927807,continuous_theory_from_H0
0.1,0.099,18.598228509251577,0.17003112197461837,continuous_theory_from_H0
0.1,0.099,18.661060362323372,0.16945862661443445,continuous_theory_from_H0
0.1,0.099,18.723892215395168,0.16888997350499005,continuous_theory_from_H0
0.1,0.099,18.786724068466963,0.16832512409527436,continuous_theory_from_H0
0.1,0.099,18.84955592153876,0.16776404034829012,continuous_theory_from_H0
0.1,0.099,18.912387774610554,0.16720668473251507,continuous_theory_from_H0
0.1,0.099,18.97521962768235,0.16665302021353326,continuous_theory_from_H0
0.1,0.099,19.038051480754145,0.16610301024583182,continuous_theory_from_H0
0.1,0.099,19.10088333382594,0.16555661876476002,continuous_theory_from_H0
0.1,0.099,19.16371518689774,0.165013810178646,continuous_theory_from_H0
0.1,0.099,19.226547039969535,0.16447454936106873,continuous_theory_from_H0
0.1,0.099,19.28937889304133,0.16393880164328026,continuous_theory_from_H0
0.1,0.099,19.352210746113126,0.16340653280677608,continuous_theory_from_H0
0.1,0.099,19.415042599184922,0.16287770907600982,continuous_theory_from_H0
0.1,0.099,19.477874452256717,0.16235229711124852,continuous_theory_from_H0
0.1,0.099,19.540706305328513,0.16183026400156603,continuous_theory_from_H0
0.1,0.099,19.60353815840031,0.16131157725797127,continuous_theory_from_H0
0.1,0.099,19.666370011472104,0.16079620480666787,continuous_theory_from_H0
0.1,0.099,19.7292018645439,0.1602841149824428,continuous_theory_from_H0
0.1,0.099,19.7920337176157,0.15977527652218104,continuous_theory_from_H0
0.1,0.099,19.854865570687494,0.15926965855850328,continuous_theory_from_H0
0.1,0.099,19.91769742375929,0.15876723061352377,continuous_theory_from_H0
0.1,0.099,19.980529276831085,0.15826796259272652,continuous_theory_from_H0
0.1,0.099,20.04336112990288,0.1577718247789562,continuous_theory_from_H0
0.1,0.099,20.106192982974676,0.157278787826522,continuous_theory_from_H0
0.1,0.099,20.16902483604647,0.15678882275541134,continuous_theory_from_H0
0.1,0.099,20.231856689118267,0.15630190094561192,continuous_theory_from_H0
0.1,0.099,20.294688542190062,0.15581799413153882,continuous_theory_from_H0
0.1,0.099,20.357520395261858,0.15533707439656494,continuous_theory_from_H0
0.1,0.099,20.420352248333653,0.15485911416765244,continuous_theory_from_H0
0.1,0.099,20.48318410140545,0.15438408621008293,continuous_theory_from_H0
0.1,0.099,20.546015954477248,0.1539119636222845,continuous_theory_from_H0
0.1,0.099,20.60884780754904,0.1534427198307532,continuous_theory_from_H0
0.1,0.099,20.67167966062084,0.15297632858506696,continuous_theory_from_H0
0.1,0.099,20.73451151369263,0.15251276395299104,continuous_theory_from_H0
0.1,0.099,20.79734336676443,0.15205200031567082,continuous_theory_from_H0
0.1,0.099,20.86017521983623,0.15159401236291276,continuous_theory_from_H0
0.1,0.099,20.92300707290802,0.15113877508854967,continuous_theory_from_H0
0.1,0.099,20.98583892597982,0.1506862637858893,continuous_theory_from_H0
0.1,0.099,21.048670779051612,0.1502364540432449,continuous_theory_from_H0
0.1,0.099,21.11150263212341,0.14978932173954473,continuous_theory_from_H0
0.1,0.099,21.174334485195203,0.1493448430400209,continuous_theory_from_H0
0.1,0.099,21.237166338267002,0.1489029943919735,continuous_theory_from_H0
0.1,0.099,21.299998191338794,0.14846375252061075,continuous_theory_from_H0
0.1,0.099,21.362830044410593,0.14802709442496187,continuous_theory_from_H0
0.1,0.099,21.425661897482385,0.1475929973738623,continuous_theory_from_H0
0.1,0.099,21.488493750554184,0.1471614389020089,continuous_theory_from_H0
0.1,0.099,21.551325603625983,0.14673239680608463,continuous_theory_from_H0
0.1,0.099,21.614157456697775,0.14630584914095068,continuous_theory_from_H0
0.1,0.099,21.676989309769574,0.14588177421590445,continuous_theory_from_H0
0.1,0.099,21.739821162841366,0.145460150591003,continuous_theory_from_H0
0.1,0.099,21.802653015913165,0.14504095707344966,continuous_theory_from_H0
0.1,0.099,21.865484868984957,0.14462417271404324,continuous_theory_from_H0
0.1,0.099,21.928316722056756,0.1442097768036878,continuous_theory_from_H0
0.1,0.099,21.99114857512855,0.143797748869963,continuous_theory_from_H0
0.1,0.099,22.053980428200347,0.14338806867375226,continuous_theory_from_H0
0.1,0.099,22.116812281272143,0.1429807162059291,continuous_theory_from_H0
0.1,0.099,22.17964413434394,0.14257567168409926,continuous_theory_from_H0
0.1,0.099,22.242475987415737,0.1421729155493984,continuous_theory_from_H0
0.1,0.099,22.30530784048753,0.14177242846334379,continuous_theory_from_H0
0.1,0.099,22.36813969355933,0.14137419130473888,continuous_theory_from_H0
0.1,0.099,22.43097154663112,0.14097818516663035,continuous_theory_from_H0
0.1,0.099,22.49380339970292,0.14058439135331574,continuous_theory_from_H0
0.1,0.099,22.55663525277471,0.14019279137740123,continuous_theory_from_H0
0.1,0.099,22.61946710584651,0.13980336695690843,continuous_theory_from_H0
0.1,0.099,22.682298958918306,0.1394161000124295,continuous_theory_from_H0
0.1,0.099,22.7451308119901,0.13903097266432884,continuous_theory_from_H0
0.1,0.099,22.8079626650619,0.13864796722999181,continuous_theory_from_H0
0.1,0.099,22.870794518133692,0.13826706622111823,continuous_theory_from_H0
0.1,0.099,22.93362637120549,0.13788825234106034,continuous_theory_from_H0
0.1,0.099,22.996458224277283,0.13751150848220503,continuous_theory_from_H0
0.1,0.099,23.059290077349083,0.13713681772339792,continuous_theory_from_H0
0.1,0.099,23.122121930420874,0.13676416332741043,continuous_theory_from_H0
0.1,0.099,23.184953783492674,0.13639352873844726,continuous_theory_from_H0
0.1,0.099,23.24778563656447,0.1360248975796947,continuous_theory_from_H0
0.1,0.099,23.310617489636265,0.13565825365090844,continuous_theory_from_H0
0.1,0.099,23.37344934270806,0.13529358092604044,continuous_theory_from_H0
0.1,0.099,23.436281195779856,0.13493086355090358,continuous_theory_from_H0
0.1,0.099,23.499113048851655,0.1345700858408744,continuous_theory_from_H0
0.1,0.099,23.561944901923447,0.1342112322786321,continuous_theory_from_H0
0.1,0.099,23.624776754995246,0.1338542875119336,continuous_theory_from_H0
0.1,0.099,23.687608608067038,0.13349923635142452,continuous_theory_from_H0
0.1,0.099,23.750440461138837,0.1331460637684842,continuous_theory_from_H0
0.1,0.099,23.813272314210632,0.13279475489310563,continuous_theory_from_H0
0.1,0.099,23.876104167282428,0.132445295011808,continuous_theory_from_H0
0.1,0.099,23.938936020354223,0.13209766956558278,continuous_theory_from_H0
0.1,0.099,24.00176787342602,0.13175186414787182,continuous_theory_from_H0
0.1,0.099,24.064599726497814,0.13140786450257713,continuous_theory_from_H0
0.1,0.099,24.12743157956961,0.13106565652210167,continuous_theory_from_H0
0.1,0.099,24.19026343264141,0.13072522624542088,continuous_theory_from_H0
0.1,0.099,24.2530952857132,0.13038655985618405,continuous_theory_from_H0
0.1,0.099,24.315927138785,0.13004964368084504,continuous_theory_from_H0
0.1,0.099,24.378758991856795,0.12971446418682225,continuous_theory_from_H0
0.1,0.099,24.44159084492859,0.12938100798068647,continuous_theory_from_H0
0.1,0.099,24.504422698000386,0.12904926180637702,continuous_theory_from_H0
0.1,0.099,24.567254551072182,0.1287192125434451,continuous_theory_from_H0
0.1,0.099,24.630086404143977,0.12839084720532407,continuous_theory_from_H0
0.1,0.099,24.692918257215773,0.12806415293762605,continuous_theory_from_H0
0.1,0.099,24.75575011028757,0.12773911701646457,continuous_theory_from_H0
0.1,0.099,24.818581963359364,0.12741572684680263,continuous_theory_from_H0
0.1,0.099,24.881413816431163,0.12709396996082584,continuous_theory_from_H0
0.1,0.099,24.94424566950296,0.12677383401634015,continuous_theory_from_H0
0.1,0.099,25.007077522574754,0.12645530679519357,continuous_theory_from_H0
0.1,0.099,25.06990937564655,0.12613837620172189,continuous_theory_from_H0
0.1,0.099,25.132741228718345,0.1258230302612176,continuous_theory_from_H0
0.1,0.099,25.19557308179014,0.12550925711842154,continuous_theory_from_H0
0.1,0.099,25.258404934861936,0.1251970450360374,continuous_theory_from_H0
0.1,0.099,25.32123678793373,0.12488638239326809,continuous_theory_from_H0
0.1,0.099,25.384068641005527,0.12457725768437386,continuous_theory_from_H0
0.1,0.099,25.446900494077322,0.12426965951725195,continuous_theory_from_H0
0.1,0.099,25.50973234714912,0.12396357661203702,continuous_theory_from_H0
0.1,0.099,25.572564200220917,0.12365899779972243,continuous_theory_from_H0
0.1,0.099,25.635396053292713,0.12335591202080155,continuous_theory_from_H0
0.1,0.099,25.698227906364508,0.12305430832392918,continuous_theory_from_H0
0.1,0.099,25.761059759436304,0.12275417586460252,continuous_theory_from_H0
0.1,0.099,25.8238916125081,0.12245550390386141,continuous_theory_from_H0
0.1,0.099,25.886723465579895,0.12215828180700737,continuous_theory_from_H0
0.1,0.099,25.94955531865169,0.1218624990423415,continuous_theory_from_H0
0.1,0.099,26.012387171723486,0.12156814517992039,continuous_theory_from_H0
0.1,0.099,26.075219024795285,0.12127520989033021,continuous_theory_from_H0
0.1,0.099,26.13805087786708,0.12098368294347846,continuous_theory_from_H0
0.1,0.099,26.200882730938876,0.12069355420740296,continuous_theory_from_H0
0.1,0.099,26.26371458401067,0.12040481364709818,continuous_theory_from_H0
0.1,0.099,26.326546437082467,0.12011745132335809,continuous_theory_from_H0
0.1,0.099,26.389378290154262,0.1198314573916358,continuous_theory_from_H0
0.1,0.099,26.452210143226058,0.11954682210091933,continuous_theory_from_H0
0.1,0.099,26.515041996297853,0.11926353579262332,continuous_theory_from_H0
0.1,0.099,26.57787384936965,0.11898158889949655,continuous_theory_from_H0
0.1,0.099,26.640705702441448,0.11870097194454489,continuous_theory_from_H0
0.1,0.099,26.70353755551324,0.1184216755399695,continuous_theory_from_H0
0.1,0.099,26.76636940858504,0.1181436903861198,continuous_theory_from_H0
0.1,0.099,26.829201261656834,0.11786700727046144,continuous_theory_from_H0
0.1,0.099,26.89203311472863,0.1175916170665585,continuous_theory_from_H0
0.1,0.099,26.954864967800425,0.11731751073307001,continuous_theory_from_H0
0.1,0.099,27.01769682087222,0.11704467931276055,continuous_theory_from_H0
0.1,0.099,27.080528673944016,0.11677311393152445,continuous_theory_from_H0
0.1,0.099,27.143360527015812,0.1165028057974237,continuous_theory_from_H0
0.1,0.099,27.20619238008761,0.11623374619973911,continuous_theory_from_H0
0.1,0.099,27.269024233159403,0.11596592650803465,continuous_theory_from_H0
0.1,0.099,27.331856086231202,0.11569933817123455,continuous_theory_from_H0
0.1,0.099,27.394687939302994,0.1154339727167134,continuous_theory_from_H0
0.1,0.099,27.457519792374793,0.11516982174939826,continuous_theory_from_H0
0.1,0.099,27.52035164544659,0.11490687695088364,continuous_theory_from_H0
0.1,0.099,27.583183498518384,0.11464513007855817,continuous_theory_from_H0
0.1,0.099,27.64601535159018,0.11438457296474326,continuous_theory_from_H0
0.1,0.099,27.708847204661975,0.11412519751584363,continuous_theory_from_H0
0.1,0.099,27.771679057733774,0.11386699571150911,continuous_theory_from_H0
0.1,0.099,27.834510910805566,0.11360995960380821,continuous_theory_from_H0
0.1,0.099,27.897342763877365,0.11335408131641224,continuous_theory_from_H0
0.1,0.099,27.960174616949157,0.11309935304379111,continuous_theory_from_H0
0.1,0.099,28.023006470020956,0.11284576705041936,continuous_theory_from_H0
0.1,0.099,28.085838323092748,0.1125933156699934,continuous_theory_from_H0
0.1,0.099,28.148670176164547,0.11234199130465856,continuous_theory_from_H0
0.1,0.099,28.211502029236343,0.1120917864242473,continuous_theory_from_H0
0.1,0.099,28.274333882308138,0.11184269356552676,continuous_theory_from_H0
0.1,0.099,28.337165735379937,0.11159470533145682,continuous_theory_from_H0
0.1,0.099,28.39999758845173,0.11134781439045804,continuous_theory_from_H0
0.1,0.099,28.462829441523528,0.11110201347568881,continuous_theory_from_H0
0.1,0.099,28.52566129459532,0.11085729538433269,continuous_theory_from_H0
0.1,0.099,28.58849314766712,0.11061365297689457,continuous_theory_from_H0
0.1,0.099,28.65132500073891,0.11037107917650667,continuous_theory_from_H0
0.1,0.099,28.71415685381071,0.11012956696824296,continuous_theory_from_H0
0.1,0.099,28.776988706882502,0.10988910939844332,continuous_theory_from_H0
0.1,0.099,28.8398205599543,0.10964969957404584,continuous_theory_from_H0
0.1,0.099,28.9026524130261,0.10941133066192832,continuous_theory_from_H0
0.1,0.099,28.965484266097892,0.10917399588825821,continuous_theory_from_H0
0.1,0.099,29.02831611916969,0.10893768853785071,continuous_theory_from_H0
0.1,0.099,29.091147972241483,0.10870240195353573,continuous_theory_from_H0
0.1,0.099,29.153979825313282,0.1084681295355324,continuous_theory_from_H0
0.1,0.099,29.216811678385074,0.10823486474083234,continuous_theory_from_H0
0.1,0.099,29.279643531456873,0.1080026010825902,continuous_theory_from_H0
0.1,0.099,29.342475384528665,0.10777133212952257,continuous_theory_from_H0
0.1,0.099,29.405307237600464,0.10754105150531418,continuous_theory_from_H0
0.1,0.099,29.468139090672256,0.10731175288803207,continuous_theory_from_H0
0.1,0.099,29.530970943744055,0.10708343000954688,continuous_theory_from_H0
0.1,0.099,29.593802796815854,0.10685607665496186,continuous_theory_from_H0
0.1,0.099,29.656634649887646,0.1066296866620488,continuous_theory_from_H0
0.1,0.099,29.719466502959445,0.10640425392069142,continuous_theory_from_H0
0.1,0.099,29.782298356031237,0.10617977237233553,continuous_theory_from_H0
0.1,0.099,29.845130209103036,0.10595623600944638,continuous_theory_from_H0
0.1,0.099,29.90796206217483,0.10573363887497278,continuous_theory_from_H0
0.1,0.099,29.970793915246627,0.10551197506181768,continuous_theory_from_H0
0.1,0.099,30.03362576831842,0.105291238712316,continuous_theory_from_H0
0.1,0.099,30.09645762139022,0.10507142401771824,continuous_theory_from_H0
0.1,0.099,30.15928947446201,0.10485252521768133,continuous_theory_from_H0
0.1,0.099,30.22212132753381,0.10463453659976514,continuous_theory_from_H0
0.1,0.099,30.28495318060561,0.10441745249893575,continuous_theory_from_H0
0.1,0.099,30.3477850336774,0.10420126729707462,continuous_theory_from_H0
0.1,0.099,30.4106168867492,0.10398597542249387,continuous_theory_from_H0
0.1,0.099,30.47344873982099,0.10377157134945782,continuous_theory_from_H0
0.1,0.099,30.53628059289279,0.10355804959770995,continuous_theory_from_H0
0.1,0.099,30.599112445964582,0.10334540473200625,continuous_theory_from_H0
0.1,0.099,30.66194429903638,0.10313363136165377,continuous_theory_from_H0
0.1,0.099,30.724776152108173,0.10292272414005531,continuous_theory_from_H0
0.1,0.099,30.787608005179973,0.10271267776425926,continuous_theory_from_H0
0.1,0.099,30.85043985825177,0.10250348697451535,continuous_theory_from_H0
0.1,0.099,30.913271711323564,0.10229514655383544,continuous_theory_from_H0
0.1,0.099,30.976103564395363,0.1020876513275599,continuous_theory_from_H0
0.1,0.099,31.038935417467155,0.10188099616292923,continuous_theory_from_H0
0.1,0.099,31.101767270538954,0.10167517596866069,continuous_theory_from_H0
0.1,0.099,31.164599123610746,0.10147018569453033,continuous_theory_from_H0
0.1,0.099,31.227430976682545,0.10126602033095983,continuous_theory_from_H0
0.1,0.099,31.290262829754337,0.10106267490860851,continuous_theory_from_H0
0.1,0.099,31.353094682826136,0.10086014449797001,continuous_theory_from_H0
0.1,0.099,31.415926535897928,0.10065842420897408,continuous_theory_from_H0
0.1,0.099,31.478758388969727,0.10045750919059289,continuous_theory_from_H0
0.1,0.099,31.541590242041526,0.10025739463045226,continuous_theory_from_H0
0.1,0.099,31.604422095113318,0.1000580757544474,continuous_theory_from_H0
0.1,0.099,31.667253948185117,0.09985954782636318,continuous_theory_from_H0
0.1,0.099,31.73008580125691,0.09966180614749909,continuous_theory_from_H0
0.1,0.099,31.792917654328708,0.09946484605629849,continuous_theory_from_H0
0.1,0.099,31.8557495074005,0.09926866292798232,continuous_theory_from_H0
0.1,0.099,31.9185813604723,0.09907325217418707,continuous_theory_from_H0
0.1,0.099,31.98141321354409,0.09887860924260716,continuous_theory_from_H0
0.1,0.099,32.04424506661589,0.09868472961664124,continuous_theory_from_H0
0.1,0.099,32.107076919687685,0.09849160881504312,continuous_theory_from_H0
0.1,0.099,32.169908772759484,0.09829924239157622,continuous_theory_from_H0
0.1,0.099,32.232740625831276,0.09810762593467258,continuous_theory_from_H0
0.1,0.099,32.295572478903075,0.0979167550670954,continuous_theory_from_H0
0.1,0.099,32.35840433197487,0.0977266254456059,continuous_theory_from_H0
0.1,0.099,32.421236185046666,0.0975372327606338,continuous_theory_from_H0
0.1,0.099,32.484068038118465,0.0973485727359517,continuous_theory_from_H0
0.1,0.099,32.54689989119026,0.09716064112835335,continuous_theory_from_H0
0.1,0.099,32.60973174426206,0.09697343372733531,continuous_theory_from_H0
0.1,0.099,32.67256359733385,0.09678694635478276,continuous_theory_from_H0
0.1,0.099,32.73539545040565,0.09660117486465841,continuous_theory_from_H0
0.1,0.099,32.79822730347744,0.09641611514269548,continuous_theory_from_H0
0.1,0.099,32.86105915654924,0.09623176310609376,continuous_theory_from_H0
0.1,0.099,32.92389100962103,0.09604811470321954,continuous_theory_from_H0
0.1,0.099,32.98672286269283,0.09586516591330864,continuous_theory_from_H0
0.1,0.099,33.04955471576463,0.09568291274617306,continuous_theory_from_H0
0.1,0.099,33.11238656883642,0.09550135124191089,continuous_theory_from_H0
0.1,0.099,33.17521842190822,0.09532047747061938,continuous_theory_from_H0
0.1,0.099,33.23805027498001,0.09514028753211161,continuous_theory_from_H0
0.1,0.099,33.30088212805181,0.09496077755563591,continuous_theory_from_H0
0.1,0.099,33.3637139811236,0.09478194369959896,continuous_theory_from_H0
0.1,0.099,33.4265458341954,0.09460378215129141,continuous_theory_from_H0
0.1,0.099,33.48937768726719,0.09442628912661732,continuous_theory_from_H0
0.1,0.099,33.55220954033899,0.0942494608698259,continuous_theory_from_H0
0.1,0.099,33.61504139341079,0.09407329365324678,continuous_theory_from_H0
0.1,0.099,33.677873246482584,0.09389778377702805,continuous_theory_from_H0
0.1,0.099,33.74070509955438,0.09372292756887715,continuous_theory_from_H0
0.1,0.099,33.803536952626175,0.0935487213838049,continuous_theory_from_H0
0.1,0.099,33.866368805697974,0.09337516160387203,continuous_theory_from_H0
0.1,0.099,33.929200658769766,0.09320224463793896,continuous_theory_from_H0
0.1,0.099,33.992032511841565,0.09302996692141781,continuous_theory_from_H0
0.1,0.099,34.05486436491336,0.09285832491602775,continuous_theory_from_H0
0.1,0.099,34.117696217985156,0.09268731510955255,continuous_theory_from_H0
0.1,0.099,34.180528071056955,0.09251693401560115,continuous_theory_from_H0
0.1,0.099,34.24335992412875,0.0923471781733707,continuous_theory_from_H0
0.1,0.099,34.306191777200546,0.09217804414741214,continuous_theory_from_H0
0.1,0.099,34.36902363027234,0.0920095285273986,continuous_theory_from_H0
0.1,0.099,34.43185548334414,0.09184162792789605,continuous_theory_from_H0
0.1,0.099,34.49468733641593,0.09167433898813668,continuous_theory_from_H0
0.1,0.099,34.55751918948773,0.0915076583717946,continuous_theory_from_H0
0.1,0.099,34.62035104255952,0.09134158276676413,continuous_theory_from_H0
0.1,0.099,34.68318289563132,0.09117610888494027,continuous_theory_from_H0
0.1,0.099,34.74601474870311,0.09101123346200188,continuous_theory_from_H0
0.1,0.099,34.80884660177491,0.09084695325719681,continuous_theory_from_H0
0.1,0.099,34.87167845484671,0.09068326505312978,continuous_theory_from_H0
0.1,0.099,34.9345103079185,0.09052016565555222,continuous_theory_from_H0
0.1,0.099,34.9973421609903,0.09035765189315445,continuous_theory_from_H0
0.1,0.099,35.06017401406209,0.09019572061736028,continuous_theory_from_H0
0.1,0.099,35.12300586713389,0.09003436870212349,continuous_theory_from_H0
0.1,0.099,35.18583772020568,0.08987359304372684,continuous_theory_from_H0
0.1,0.099,35.24866957327748,0.08971339056058295,continuous_theory_from_H0
0.1,0.099,35.311501426349274,0.08955375819303743,continuous_theory_from_H0
0.1,0.099,35.37433327942107,0.08939469290317412,continuous_theory_from_H0
0.1,0.099,35.437165132492865,0.0892361916746224,continuous_theory_from_H0
0.1,0.099,35.499996985564664,0.08907825151236644,continuous_theory_from_H0
0.1,0.099,35.56282883863646,0.08892086944255659,continuous_theory_from_H0
0.1,0.099,35.625660691708255,0.08876404251232281,continuous_theory_from_H0
0.1,0.099,35.688492544780054,0.08860776778958986,continuous_theory_from_H0
0.1,0.099,35.751324397851846,0.08845204236289461,continuous_theory_from_H0
0.1,0.099,35.814156250923645,0.08829686334120532,continuous_theory_from_H0
0.1,0.099,35.87698810399544,0.08814222785374262,continuous_theory_from_H0
0.1,0.099,35.939819957067236,0.0879881330498025,continuous_theory_from_H0
0.1,0.099,36.00265181013903,0.08783457609858122,continuous_theory_from_H0
0.1,0.099,36.06548366321083,0.0876815541890018,continuous_theory_from_H0
0.1,0.099,36.12831551628262,0.08752906452954268,continuous_theory_from_H0
0.1,0.099,36.19114736935442,0.08737710434806777,continuous_theory_from_H0
0.1,0.099,36.25397922242622,0.08722567089165863,continuous_theory_from_H0
0.1,0.099,36.31681107549801,0.08707476142644816,continuous_theory_from_H0
0.1,0.099,36.37964292856981,0.08692437323745601,continuous_theory_from_H0
0.1,0.099,36.4424747816416,0.08677450362842593,continuous_theory_from_H0
0.1,0.099,36.5053066347134,0.08662514992166442,continuous_theory_from_H0
0.1,0.099,36.56813848778519,0.08647630945788151,continuous_theory_from_H0
0.1,0.099,36.63097034085699,0.08632797959603265,continuous_theory_from_H0
0.1,0.099,36.69380219392878,0.08618015771316274,continuous_theory_from_H0
0.1,0.099,36.75663404700058,0.08603284120425134,continuous_theory_from_H0
0.1,0.099,36.81946590007237,0.0858860274820598,continuous_theory_from_H0
0.1,0.099,36.88229775314417,0.08573971397697962,continuous_theory_from_H0
0.1,0.099,36.94512960621597,0.0855938981368827,continuous_theory_from_H0
0.1,0.099,37.00796145928776,0.0854485774269729,continuous_theory_from_H0
0.1,0.099,37.07079331235956,0.08530374932963904,continuous_theory_from_H0
0.1,0.099,37.133625165431354,0.08515941134430971,continuous_theory_from_H0
0.1,0.099,37.19645701850315,0.08501556098730918,continuous_theory_from_H0
0.1,0.099,37.259288871574945,0.08487219579171507,continuous_theory_from_H0
0.1,0.099,37.322120724646744,0.08472931330721722,continuous_theory_from_H0
0.1,0.099,37.384952577718536,0.08458691109997821,continuous_theory_from_H0
0.1,0.099,37.447784430790335,0.08444498675249502,continuous_theory_from_H0
0.1,0.099,37.51061628386213,0.08430353786346237,continuous_theory_from_H0
0.1,0.099,37.573448136933926,0.08416256204763718,continuous_theory_from_H0
0.1,0.099,37.636279990005725,0.08402205693570455,continuous_theory_from_H0
0.1,0.099,37.69911184307752,0.08388202017414506,continuous_theory_from_H0
0.1,0.099,37.76194369614932,0.08374244942510323,continuous_theory_from_H0
0.1,0.099,37.82477554922111,0.08360334236625754,continuous_theory_from_H0
0.1,0.099,37.88760740229291,0.08346469669069159,continuous_theory_from_H0
0.1,0.099,37.9504392553647,0.08332651010676663,continuous_theory_from_H0
0.1,0.099,38.0132711084365,0.0831887803379951,continuous_theory_from_H0
0.1,0.099,38.07610296150829,0.08305150512291591,continuous_theory_from_H0
0.1,0.099,38.13893481458009,0.0829146822149704,continuous_theory_from_H0
0.1,0.099,38.20176666765188,0.08277830938238001,continuous_theory_from_H0
0.1,0.099,38.26459852072368,0.0826423844080247,continuous_theory_from_H0
0.1,0.099,38.32743037379548,0.082506905089323,continuous_theory_from_H0
0.1,0.099,38.39026222686727,0.08237186923811299,continuous_theory_from_H0
0.1,0.099,38.45309407993907,0.08223727468053436,continuous_theory_from_H0
0.1,0.099,38.51592593301086,0.08210311925691197,continuous_theory_from_H0
0.1,0.099,38.57875778608266,0.08196940082164013,continuous_theory_from_H0
0.1,0.099,38.64158963915445,0.08183611724306836,continuous_theory_from_H0
0.1,0.099,38.70442149222625,0.08170326640338804,continuous_theory_from_H0
0.1,0.099,38.767253345298045,0.08157084619852033,continuous_theory_from_H0
0.1,0.099,38.830085198369844,0.08143885453800491,continuous_theory_from_H0
0.1,0.099,38.89291705144164,0.08130728934489019,continuous_theory_from_H0
0.1,0.099,38.955748904513435,0.08117614855562426,continuous_theory_from_H0
0.1,0.099,39.018580757585234,0.08104543011994692,continuous_theory_from_H0
0.1,0.099,39.081412610657026,0.08091513200078301,continuous_theory_from_H0
0.1,0.099,39.144244463728825,0.08078525217413648,continuous_theory_from_H0
0.1,0.099,39.20707631680062,0.08065578862898563,continuous_theory_from_H0
0.1,0.099,39.269908169872416,0.08052673936717925,continuous_theory_from_H0
0.1,0.099,39.33274002294421,0.08039810240333393,continuous_theory_from_H0
0.1,0.099,39.39557187601601,0.08026987576473212,continuous_theory_from_H0
0.1,0.099,39.4584037290878,0.0801420574912214,continuous_theory_from_H0
0.1,0.099,39.5212355821596,0.08001464563511453,continuous_theory_from_H0
0.1,0.099,39.5840674352314,0.07988763826109052,continuous_theory_from_H0
0.1,0.099,39.64689928830319,0.07976103344609674,continuous_theory_from_H0
0.1,0.099,39.70973114137499,0.07963482927925164,continuous_theory_from_H0
0.1,0.099,39.77256299444678,0.07950902386174888,continuous_theory_from_H0
0.1,0.099,39.83539484751858,0.07938361530676188,continuous_theory_from_H0
0.1,0.099,39.89822670059037,0.07925860173934966,continuous_theory_from_H0
0.1,0.099,39.96105855366217,0.07913398129636326,continuous_theory_from_H0
0.1,0.099,40.02389040673396,0.07900975212635328,continuous_theory_from_H0
0.1,0.099,40.08672225980576,0.0788859123894781,continuous_theory_from_H0
0.1,0.099,40.14955411287755,0.07876246025741321,continuous_theory_from_H0
0.1,0.099,40.21238596594935,0.078639393913261,continuous_theory_from_H0
0.1,0.099,40.27521781902115,0.07851671155146182,continuous_theory_from_H0
0.1,0.099,40.33804967209294,0.07839441137770567,continuous_theory_from_H0
0.1,0.099,40.40088152516474,0.07827249160884453,continuous_theory_from_H0
0.1,0.099,40.463713378236534,0.07815095047280596,continuous_theory_from_H0
0.1,0.099,40.52654523130833,0.07802978620850702,continuous_theory_from_H0
0.1,0.099,40.589377084380125,0.07790899706576941,continuous_theory_from_H0
0.1,0.099,40.652208937451924,0.07778858130523499,continuous_theory_from_H0
0.1,0.099,40.715040790523716,0.07766853719828247,continuous_theory_from_H0
0.1,0.099,40.777872643595515,0.07754886302694458,continuous_theory_from_H0
0.1,0.099,40.84070449666731,0.07742955708382622,continuous_theory_from_H0
0.1,0.099,40.903536349739106,0.0773106176720231,continuous_theory_from_H0
0.1,0.099,40.9663682028109,0.07719204310504146,continuous_theory_from_H0
0.1,0.099,41.029200055882704,0.07707383170671826,continuous_theory_from_H0
0.1,0.099,41.092031908954496,0.07695598181114224,continuous_theory_from_H0
0.1,0.099,41.15486376202629,0.07683849176257564,continuous_theory_from_H0
0.1,0.099,41.21769561509808,0.0767213599153766,continuous_theory_from_H0
0.1,0.099,41.280527468169886,0.07660458463392242,continuous_theory_from_H0
0.1,0.099,41.34335932124168,0.07648816429253348,continuous_theory_from_H0
0.1,0.099,41.40619117431347,0.07637209727539764,continuous_theory_from_H0
0.1,0.099,41.46902302738526,0.07625638197649552,continuous_theory_from_H0
0.1,0.099,41.53185488045707,0.07614101679952652,continuous_theory_from_H0
0.1,0.099,41.59468673352886,0.07602600015783541,continuous_theory_from_H0
0.1,0.099,41.65751858660065,0.07591133047433943,continuous_theory_from_H0
0.1,0.099,41.72035043967246,0.07579700618145638,continuous_theory_from_H0
0.1,0.099,41.78318229274425,0.07568302572103314,continuous_theory_from_H0
0.1,0.099,41.84601414581604,0.07556938754427484,continuous_theory_from_H0
0.1,0.099,41.908845998887834,0.07545609011167473,continuous_theory_from_H0
0.1,0.099,41.97167785195964,0.07534313189294466,continuous_theory_from_H0
0.1,0.099,42.03450970503143,0.07523051136694625,continuous_theory_from_H0
0.1,0.099,42.097341558103224,0.07511822702162245,continuous_theory_from_H0
0.1,0.099,42.160173411175016,0.07500627735393002,continuous_theory_from_H0
0.1,0.099,42.22300526424682,0.07489466086977237,continuous_theory_from_H0
0.1,0.099,42.285837117318614,0.07478337608393319,continuous_theory_from_H0
0.1,0.099,42.348668970390406,0.07467242152001045,continuous_theory_from_H0
0.1,0.099,42.41150082346221,0.07456179571035115,continuous_theory_from_H0
0.1,0.099,42.474332676534004,0.07445149719598675,continuous_theory_from_H0
0.1,0.099,42.537164529605796,0.07434152452656874,continuous_theory_from_H0
0.1,0.099,42.59999638267759,0.07423187626030538,continuous_theory_from_H0
0.1,0.099,42.662828235749394,0.07412255096389843,continuous_theory_from_H0
0.1,0.099,42.725660088821186,0.07401354721248093,continuous_theory_from_H0
0.1,0.099,42.78849194189298,0.07390486358955513,continuous_theory_from_H0
0.1,0.099,42.85132379496477,0.07379649868693115,continuous_theory_from_H0
0.1,0.099,42.91415564803658,0.07368845110466624,continuous_theory_from_H0
0.1,0.099,42.97698750110837,0.07358071945100444,continuous_theory_from_H0
0.1,0.099,43.03981935418016,0.07347330234231686,continuous_theory_from_H0
0.1,0.099,43.10265120725197,0.07336619840304232,continuous_theory_from_H0
0.1,0.099,43.16548306032376,0.07325940626562888,continuous_theory_from_H0
0.1,0.099,43.22831491339555,0.07315292457047534,continuous_theory_from_H0
0.1,0.099,43.29114676646734,0.07304675196587379,continuous_theory_from_H0
0.1,0.099,43.35397861953915,0.07294088710795223,continuous_theory_from_H0
0.1,0.099,43.41681047261094,0.072835328660618,continuous_theory_from_H0
0.1,0.099,43.47964232568273,0.0727300752955015,continuous_theory_from_H0
0.1,0.099,43.54247417875453,0.0726251256919005,continuous_theory_from_H0
0.1,0.099,43.60530603182633,0.07252047853672483,continuous_theory_from_H0
0.1,0.099,43.66813788489812,0.07241613252444179,continuous_theory_from_H0
0.1,0.099,43.730969737969914,0.07231208635702162,continuous_theory_from_H0
0.1,0.099,43.79380159104172,0.07220833874388383,continuous_theory_from_H0
0.1,0.099,43.85663344411351,0.0721048884018439,continuous_theory_from_H0
0.1,0.099,43.919465297185305,0.07200173405506015,continuous_theory_from_H0
0.1,0.099,43.9822971502571,0.0718988744349815,continuous_theory_from_H0
0.1,0.099,44.0451290033289,0.07179630828029533,continuous_theory_from_H0
0.1,0.099,44.107960856400695,0.07169403433687613,continuous_theory_from_H0
0.1,0.099,44.17079270947249,0.07159205135773405,continuous_theory_from_H0
0.1,0.099,44.233624562544286,0.07149035810296454,continuous_theory_from_H0
0.1,0.099,44.296456415616085,0.07138895333969791,continuous_theory_from_H0
0.1,0.099,44.35928826868788,0.07128783584204963,continuous_theory_from_H0
0.1,0.099,44.42212012175967,0.07118700439107079,continuous_theory_from_H0
0.1,0.099,44.484951974831475,0.0710864577746992,continuous_theory_from_H0
0.1,0.099,44.54778382790327,0.07098619478771091,continuous_theory_from_H0
0.1,0.099,44.61061568097506,0.07088621423167189,continuous_theory_from_H0
0.1,0.099,44.67344753404686,0.07078651491489035,continuous_theory_from_H0
0.1,0.099,44.73627938711866,0.07068709565236944,continuous_theory_from_H0
0.1,0.099,44.79911124019045,0.07058795526576023,continuous_theory_from_H0
0.1,0.099,44.86194309326224,0.07048909258331518,continuous_theory_from_H0
0.1,0.099,44.92477494633405,0.070390506439842,continuous_theory_from_H0
0.1,0.099,44.98760679940584,0.07029219567665787,continuous_theory_from_H0
0.1,0.099,45.05043865247763,0.07019415914154399,continuous_theory_from_H0
0.1,0.099,45.11327050554942,0.07009639568870062,continuous_theory_from_H0
0.1,0.099,45.17610235862123,0.0699989041787024,continuous_theory_from_H0
0.1,0.099,45.23893421169302,0.06990168347845421,continuous_theory_from_H0
0.1,0.099,45.30176606476481,0.06980473246114707,continuous_theory_from_H0
0.1,0.099,45.36459791783661,0.06970805000621474,continuous_theory_from_H0
0.1,0.099,45.42742977090841,0.0696116349992905,continuous_theory_from_H0
0.1,0.099,45.4902616239802,0.06951548633216442,continuous_theory_from_H0
0.1,0.099,0.06283185307179587,0.054878056065844276,initial_noise_theory_from_H0
0.1,0.099,0.12566370614359174,0.055086719869246965,initial_noise_theory_from_H0
0.1,0.099,0.18849555921538758,0.05566266050381317,initial_noise_theory_from_H0
0.1,0.099,0.25132741228718347,0.056298445783490615,initial_noise_theory_from_H0
0.1,0.099,0.3141592653589793,0.05674946760648644,initial_noise_theory_from_H0
0.1,0.099,0.37699111843077515,0.05651429531562922,initial_noise_theory_from_H0
0.1,0.099,0.43982297150257105,0.056237657272014435,initial_noise_theory_from_H0
0.1,0.099,0.5026548245743669,0.055842549017961,initial_noise_theory_from_H0
0.1,0.099,0.5654866776461628,0.055066709859520294,initial_noise_theory_from_H0
0.1,0.099,0.6283185307179586,0.05501380503683885,initial_noise_theory_from_H0
0.1,0.099,0.6911503837897545,0.0544238366421393,initial_noise_theory_from_H0
0.1,0.099,0.7539822368615503,0.053741000340348455,initial_noise_theory_from_H0
0.1,0.099,0.8168140899333463,0.05378093247386328,initial_noise_theory_from_H0
0.1,0.099,0.8796459430051421,0.05305530243652036,initial_noise_theory_from_H0
0.1,0.099,0.9424777960769378,0.05202512411586656,initial_noise_theory_from_H0
0.1,0.099,1.0053096491487339,0.0508871141214545,initial_noise_theory_from_H0
0.1,0.099,1.0681415022205298,0.049473549725468906,initial_noise_theory_from_H0
0.1,0.099,1.1309733552923256,0.04764030724595478,initial_noise_theory_from_H0
0.1,0.099,1.1938052083641213,0.0461090351424501,initial_noise_theory_from_H0
0.1,0.099,1.2566370614359172,0.04416418163589691,initial_noise_theory_from_H0
0.1,0.099,1.3194689145077132,0.04187825310467734,initial_noise_theory_from_H0
0.1,0.099,1.382300767579509,0.03949759250096427,initial_noise_theory_from_H0
0.1,0.099,1.4451326206513047,0.03662385279831087,initial_noise_theory_from_H0
0.1,0.099,1.5079644737231006,0.0336097721173519,initial_noise_theory_from_H0
0.1,0.099,1.5707963267948966,0.030458349801315225,initial_noise_theory_from_H0
0.1,0.099,1.6336281798666925,0.027544720819815138,initial_noise_theory_from_H0
0.1,0.099,1.6964600329384882,0.024503418866271793,initial_noise_theory_from_H0
0.1,0.099,1.7592918860102842,0.021573900299646637,initial_noise_theory_from_H0
0.1,0.099,1.8221237390820801,0.018723354468125945,initial_noise_theory_from_H0
0.1,0.099,1.8849555921538756,0.01592668688174184,initial_noise_theory_from_H0
0.1,0.099,1.9477874452256716,0.013322161576708754,initial_noise_theory_from_H0
0.1,0.099,2.0106192982974678,0.010970198721472674,initial_noise_theory_from_H0
0.1,0.099,2.0734511513692637,0.00886893569656974,initial_noise_theory_from_H0
0.1,0.099,2.1362830044410597,0.007005205955065342,initial_noise_theory_from_H0
0.1,0.099,2.199114857512855,0.005441540310477664,initial_noise_theory_from_H0
0.1,0.099,2.261946710584651,0.004109369537185561,initial_noise_theory_from_H0
0.1,0.099,2.324778563656447,0.0030363217258042325,initial_noise_theory_from_H0
0.1,0.099,2.3876104167282426,0.002180117602935175,initial_noise_theory_from_H0
0.1,0.099,2.4504422698000385,0.001529793101245214,initial_noise_theory_from_H0
0.1,0.099,2.5132741228718345,0.0010470129946579013,initial_noise_theory_from_H0
0.1,0.099,2.57610597594363,0.0006945049480225462,initial_noise_theory_from_H0
0.1,0.099,2.6389378290154264,0.00044684162415381784,initial_noise_theory_from_H0
0.1,0.099,2.701769682087222,0.00027648485257811495,initial_noise_theory_from_H0
0.1,0.099,2.764601535159018,0.00016522476298018587,initial_noise_theory_from_H0
0.1,0.099,2.827433388230814,9.510570667014974e-05,initial_noise_theory_from_H0
0.1,0.099,2.8902652413026093,5.2871682854229185e-05,initial_noise_theory_from_H0
0.1,0.099,2.9530970943744057,2.8274012906070917e-05,initial_noise_theory_from_H0
0.1,0.099,3.015928947446201,1.448515072878148e-05,initial_noise_theory_from_H0
0.1,0.099,3.078760800517997,7.110162658512364e-06,initial_noise_theory_from_H0
0.1,0.099,3.141592653589793,3.3277303477615305e-06,initial_noise_theory_from_H0
0.1,0.099,3.204424506661589,1.4915886472222647e-06,initial_noise_theory_from_H0
0.1,0.099,3.267256359733385,6.352347023947611e-07,initial_noise_theory_from_H0
0.1,0.099,3.330088212805181,2.5828365469240663e-07,initial_noise_theory_from_H0
0.1,0.099,3.3929200658769765,9.948376431552549e-08,initial_noise_theory_from_H0
0.1,0.099,3.4557519189487724,3.618748915956052e-08,initial_noise_theory_from_H0
0.1,0.099,3.5185837720205684,1.2514999484574349e-08,initial_noise_theory_from_H0
0.1,0.099,3.581415625092364,4.05730681683075e-09,initial_noise_theory_from_H0
0.1,0.099,3.6442474781641603,1.2444031344172446e-09,initial_noise_theory_from_H0
0.1,0.099,3.707079331235956,3.5721994643374124e-10,initial_noise_theory_from_H0
0.1,0.099,3.7699111843077513,9.588968581416263e-11,initial_noise_theory_from_H0
0.1,0.099,3.8327430373795477,2.414444151283582e-11,initial_noise_theory_from_H0
0.1,0.099,3.895574890451343,5.656204883763344e-12,initial_noise_theory_from_H0
0.1,0.099,3.9584067435231396,1.237878564448341e-12,initial_noise_theory_from_H0
0.1,0.099,4.0212385965949355,2.516979492273997e-13,initial_noise_theory_from_H0
0.1,0.099,4.084070449666731,4.730245283359205e-14,initial_noise_theory_from_H0
0.1,0.099,4.1469023027385274,8.204272538578553e-15,initial_noise_theory_from_H0
0.1,0.099,4.209734155810323,1.3096672133359631e-15,initial_noise_theory_from_H0
0.1,0.099,4.272566008882119,1.9191321739190477e-16,initial_noise_theory_from_H0
0.1,0.099,4.335397861953915,2.5834114251911196e-17,initial_noise_theory_from_H0
0.1,0.099,4.39822971502571,3.19063381741066e-18,initial_noise_theory_from_H0
0.1,0.099,4.461061568097507,3.60006501137415e-19,initial_noise_theory_from_H0
0.1,0.099,4.523893421169302,3.684306775901683e-20,initial_noise_theory_from_H0
0.1,0.099,4.586725274241098,3.435072503329841e-21,initial_noise_theory_from_H0
0.1,0.099,4.649557127312894,2.8839474632976486e-22,initial_noise_theory_from_H0
0.1,0.099,4.71238898038469,2.1945102461745197e-23,initial_noise_theory_from_H0
0.1,0.099,4.775220833456485,1.5040301187261541e-24,initial_noise_theory_from_H0
0.1,0.099,4.838052686528282,9.211323087844366e-26,initial_noise_theory_from_H0
0.1,0.099,4.900884539600077,5.0922969543793846e-27,initial_noise_theory_from_H0
0.1,0.099,4.9637163926718735,2.4910585279439117e-28,initial_noise_theory_from_H0
0.1,0.099,5.026548245743669,1.0910846254384248e-29,initial_noise_theory_from_H0
0.1,0.099,5.0893800988154645,4.237479815033487e-31,initial_noise_theory_from_H0
0.1,0.099,5.15221195188726,1.4511631450138966e-32,initial_noise_theory_from_H0
0.1,0.099,5.215043804959057,4.396349500401102e-34,initial_noise_theory_from_H0
0.1,0.099,5.277875658030853,1.1657475347971747e-35,initial_noise_theory_from_H0
0.1,0.099,5.340707511102648,2.7130073990997635e-37,initial_noise_theory_from_H0
0.1,0.099,5.403539364174444,5.5028099129844484e-39,initial_noise_theory_from_H0
0.1,0.099,5.466371217246239,9.746082347341485e-41,initial_noise_theory_from_H0
0.1,0.099,5.529203070318036,1.4990929878280103e-42,initial_noise_theory_from_H0
0.1,0.099,5.592034923389832,2.0031124319724766e-44,initial_noise_theory_from_H0
0.1,0.099,5.654866776461628,2.3052607283594387e-46,initial_noise_theory_from_H0
0.1,0.099,5.717698629533423,2.2805212457115613e-48,initial_noise_theory_from_H0
0.1,0.099,5.780530482605219,1.9315381443957282e-50,initial_noise_theory_from_H0
0.1,0.099,5.843362335677015,1.3917098932148002e-52,initial_noise_theory_from_H0
0.1,0.099,5.906194188748811,8.567830083922605e-55,initial_noise_theory_from_H0
0.1,0.099,5.969026041820607,4.459991795886353e-57,initial_noise_theory_from_H0
0.1,0.099,6.031857894892402,1.9651865186969711e-59,initial_noise_theory_from_H0
0.1,0.099,6.094689747964199,7.301964408577206e-62,initial_noise_theory_from_H0
0.1,0.099,6.157521601035994,2.2682192840631706e-64,initial_noise_theory_from_H0
0.1,0.099,6.220353454107791,5.9083998144095744e-67,initial_noise_theory_from_H0
0.1,0.099,6.283185307179586,1.2778994704367753e-69,initial_noise_theory_from_H0
0.1,0.099,6.346017160251382,2.291498667163374e-72,initial_noise_theory_from_H0
0.1,0.099,6.408849013323178,3.3932217084612454e-75,initial_noise_theory_from_H0
0.1,0.099,6.471680866394974,4.1418673859172553e-78,initial_noise_theory_from_H0
0.1,0.099,6.53451271946677,4.1462782970188827e-81,initial_noise_theory_from_H0
0.1,0.099,6.5973445725385655,3.3896317700138125e-84,initial_noise_theory_from_H0
0.1,0.099,6.660176425610362,2.2637215031013386e-87,initial_noise_theory_from_H0
0.1,0.099,6.7230082786821574,1.2214185252921179e-90,initial_noise_theory_from_H0
0.1,0.099,6.785840131753953,5.342441260772686e-94,initial_noise_theory_from_H0
0.1,0.099,6.8486719848257485,1.875271295251619e-97,initial_noise_theory_from_H0
0.1,0.099,6.911503837897545,5.2801281435635176e-101,initial_noise_theory_from_H0
0.1,0.099,6.974335690969341,1.1870559109204496e-104,initial_noise_theory_from_H0
0.1,0.099,7.037167544041137,2.117005479681264e-108,initial_noise_theory_from_H0
0.1,0.099,7.099999397112932,2.99958786029765e-112,initial_noise_theory_from_H0
0.1,0.099,7.162831250184728,3.340896086176186e-116,initial_noise_theory_from_H0
0.1,0.099,7.225663103256525,2.916491520311323e-120,initial_noise_theory_from_H0
0.1,0.099,7.288494956328321,1.9905454442677947e-124,initial_noise_theory_from_H0
0.1,0.099,7.351326809400116,1.0558581441989818e-128,initial_noise_theory_from_H0
0.1,0.099,7.414158662471912,4.339226730394661e-133,initial_noise_theory_from_H0
0.1,0.099,7.476990515543707,1.374922456006821e-137,initial_noise_theory_from_H0
0.1,0.099,7.539822368615503,3.3380093691033915e-142,initial_noise_theory_from_H0
0.1,0.099,7.6026542216873,6.202940536759444e-147,initial_noise_theory_from_H0
0.1,0.099,7.665486074759095,8.76918611587807e-152,initial_noise_theory_from_H0
0.1,0.099,7.728317927830891,9.399321525375365e-157,initial_noise_theory_from_H0
0.1,0.099,7.791149780902686,7.699862174152832e-162,initial_noise_theory_from_H0
0.1,0.099,7.853981633974482,0.0,initial_noise_theory_from_H0
0.1,0.099,7.916813487046279,0.0,initial_noise_theory_from_H0
0.1,0.099,7.979645340118075,0.0,initial_noise_theory_from_H0
0.1,0.099,8.042477193189871,0.0,initial_noise_theory_from_H0
0.1,0.099,8.105309046261667,0.0,initial_noise_theory_from_H0
0.1,0.099,8.168140899333462,0.0,initial_noise_theory_from_H0
0.1,0.099,8.230972752405258,0.0,initial_noise_theory_from_H0
0.1,0.099,8.293804605477055,0.0,initial_noise_theory_from_H0
0.1,0.099,8.35663645854885,0.0,initial_noise_theory_from_H0
0.1,0.099,8.419468311620646,0.0,initial_noise_theory_from_H0
0.1,0.099,8.482300164692441,0.0,initial_noise_theory_from_H0
0.1,0.099,8.545132017764239,0.0,initial_noise_theory_from_H0
0.1,0.099,8.607963870836034,0.0,initial_noise_theory_from_H0
0.1,0.099,8.67079572390783,0.0,initial_noise_theory_from_H0
0.1,0.099,8.733627576979625,0.0,initial_noise_theory_from_H0
0.1,0.099,8.79645943005142,0.0,initial_noise_theory_from_H0
0.1,0.099,8.859291283123216,0.0,initial_noise_theory_from_H0
0.1,0.099,8.922123136195014,0.0,initial_noise_theory_from_H0
0.1,0.099,8.984954989266809,0.0,initial_noise_theory_from_H0
0.1,0.099,9.047786842338605,0.0,initial_noise_theory_from_H0
0.1,0.099,9.1106186954104,0.0,initial_noise_theory_from_H0
0.1,0.099,9.173450548482196,0.0,initial_noise_theory_from_H0
0.1,0.099,9.236282401553993,0.0,initial_noise_theory_from_H0
0.1,0.099,9.299114254625788,0.0,initial_noise_theory_from_H0
0.1,0.099,9.361946107697584,0.0,initial_noise_theory_from_H0
0.1,0.099,9.42477796076938,0.0,initial_noise_theory_from_H0
0.1,0.099,9.487609813841175,0.0,initial_noise_theory_from_H0
0.1,0.099,9.55044166691297,0.0,initial_noise_theory_from_H0
0.1,0.099,9.613273519984768,0.0,initial_noise_theory_from_H0
0.1,0.099,9.676105373056563,0.0,initial_noise_theory_from_H0
0.1,0.099,9.738937226128359,0.0,initial_noise_theory_from_H0
0.1,0.099,9.801769079200154,0.0,initial_noise_theory_from_H0
0.1,0.099,9.86460093227195,0.0,initial_noise_theory_from_H0
0.1,0.099,9.927432785343747,0.0,initial_noise_theory_from_H0
0.1,0.099,9.990264638415542,0.0,initial_noise_theory_from_H0
0.1,0.099,10.053096491487338,0.0,initial_noise_theory_from_H0
0.1,0.099,10.115928344559133,0.0,initial_noise_theory_from_H0
0.1,0.099,10.178760197630929,0.0,initial_noise_theory_from_H0
0.1,0.099,10.241592050702724,0.0,initial_noise_theory_from_H0
0.1,0.099,10.30442390377452,0.0,initial_noise_theory_from_H0
0.1,0.099,10.367255756846316,0.0,initial_noise_theory_from_H0
0.1,0.099,10.430087609918115,0.0,initial_noise_theory_from_H0
0.1,0.099,10.49291946298991,0.0,initial_noise_theory_from_H0
0.1,0.099,10.555751316061706,0.0,initial_noise_theory_from_H0
0.1,0.099,10.618583169133501,0.0,initial_noise_theory_from_H0
0.1,0.099,10.681415022205297,0.0,initial_noise_theory_from_H0
0.1,0.099,10.744246875277092,0.0,initial_noise_theory_from_H0
0.1,0.099,10.807078728348888,0.0,initial_noise_theory_from_H0
0.1,0.099,10.869910581420683,0.0,initial_noise_theory_from_H0
0.1,0.099,10.932742434492479,0.0,initial_noise_theory_from_H0
0.1,0.099,10.995574287564274,0.0,initial_noise_theory_from_H0
0.1,0.099,11.058406140636071,0.0,initial_noise_theory_from_H0
0.1,0.099,11.121237993707869,0.0,initial_noise_theory_from_H0
0.1,0.099,11.184069846779664,0.0,initial_noise_theory_from_H0
0.1,0.099,11.24690169985146,0.0,initial_noise_theory_from_H0
0.1,0.099,11.309733552923255,0.0,initial_noise_theory_from_H0
0.1,0.099,11.37256540599505,0.0,initial_noise_theory_from_H0
0.1,0.099,11.435397259066846,0.0,initial_noise_theory_from_H0
0.1,0.099,11.498229112138642,0.0,initial_noise_theory_from_H0
0.1,0.099,11.561060965210437,0.0,initial_noise_theory_from_H0
0.1,0.099,11.623892818282235,0.0,initial_noise_theory_from_H0
0.1,0.099,11.68672467135403,0.0,initial_noise_theory_from_H0
0.1,0.099,11.749556524425827,0.0,initial_noise_theory_from_H0
0.1,0.099,11.812388377497623,0.0,initial_noise_theory_from_H0
0.1,0.099,11.875220230569418,0.0,initial_noise_theory_from_H0
0.1,0.099,11.938052083641214,0.0,initial_noise_theory_from_H0
0.1,0.099,12.00088393671301,0.0,initial_noise_theory_from_H0
0.1,0.099,12.063715789784805,0.0,initial_noise_theory_from_H0
0.1,0.099,12.1265476428566,0.0,initial_noise_theory_from_H0
0.1,0.099,12.189379495928398,0.0,initial_noise_theory_from_H0
0.1,0.099,12.252211349000193,0.0,initial_noise_theory_from_H0
0.1,0.099,12.315043202071989,0.0,initial_noise_theory_from_H0
0.1,0.099,12.377875055143784,0.0,initial_noise_theory_from_H0
0.1,0.099,12.440706908215581,0.0,initial_noise_theory_from_H0
0.1,0.099,12.503538761287377,0.0,initial_noise_theory_from_H0
0.1,0.099,12.566370614359172,0.0,initial_noise_theory_from_H0
0.1,0.099,12.629202467430968,0.0,initial_noise_theory_from_H0
0.1,0.099,12.692034320502763,0.0,initial_noise_theory_from_H0
0.1,0.099,12.75486617357456,0.0,initial_noise_theory_from_H0
0.1,0.099,12.817698026646356,0.0,initial_noise_theory_from_H0
0.1,0.099,12.880529879718152,0.0,initial_noise_theory_from_H0
0.1,0.099,12.943361732789947,0.0,initial_noise_theory_from_H0
0.1,0.099,13.006193585861743,0.0,initial_noise_theory_from_H0
0.1,0.099,13.06902543893354,0.0,initial_noise_theory_from_H0
0.1,0.099,13.131857292005336,0.0,initial_noise_theory_from_H0
0.1,0.099,13.194689145077131,0.0,initial_noise_theory_from_H0
0.1,0.099,13.257520998148927,0.0,initial_noise_theory_from_H0
0.1,0.099,13.320352851220724,0.0,initial_noise_theory_from_H0
0.1,0.099,13.38318470429252,0.0,initial_noise_theory_from_H0
0.1,0.099,13.446016557364315,0.0,initial_noise_theory_from_H0
0.1,0.099,13.50884841043611,0.0,initial_noise_theory_from_H0
0.1,0.099,13.571680263507906,0.0,initial_noise_theory_from_H0
0.1,0.099,13.634512116579701,0.0,initial_noise_theory_from_H0
0.1,0.099,13.697343969651497,0.0,initial_noise_theory_from_H0
0.1,0.099,13.760175822723294,0.0,initial_noise_theory_from_H0
0.1,0.099,13.82300767579509,0.0,initial_noise_theory_from_H0
0.1,0.099,13.885839528866887,0.0,initial_noise_theory_from_H0
0.1,0.099,13.948671381938683,0.0,initial_noise_theory_from_H0
0.1,0.099,14.011503235010478,0.0,initial_noise_theory_from_H0
0.1,0.099,14.074335088082274,0.0,initial_noise_theory_from_H0
0.1,0.099,14.137166941154069,0.0,initial_noise_theory_from_H0
0.1,0.099,14.199998794225865,0.0,initial_noise_theory_from_H0
0.1,0.099,14.26283064729766,0.0,initial_noise_theory_from_H0
0.1,0.099,14.325662500369456,0.0,initial_noise_theory_from_H0
0.1,0.099,14.388494353441251,0.0,initial_noise_theory_from_H0
0.1,0.099,14.45132620651305,0.0,initial_noise_theory_from_H0
0.1,0.099,14.514158059584846,0.0,initial_noise_theory_from_H0
0.1,0.099,14.576989912656641,0.0,initial_noise_theory_from_H0
0.1,0.099,14.639821765728437,0.0,initial_noise_theory_from_H0
0.1,0.099,14.702653618800232,0.0,initial_noise_theory_from_H0
0.1,0.099,14.765485471872028,0.0,initial_noise_theory_from_H0
0.1,0.099,14.828317324943823,0.0,initial_noise_theory_from_H0
0.1,0.099,14.891149178015619,0.0,initial_noise_theory_from_H0
0.1,0.099,14.953981031087414,0.0,initial_noise_theory_from_H0
0.1,0.099,15.01681288415921,0.0,initial_noise_theory_from_H0
0.1,0.099,15.079644737231005,0.0,initial_noise_theory_from_H0
0.1,0.099,15.142476590302804,0.0,initial_noise_theory_from_H0
0.1,0.099,15.2053084433746,0.0,initial_noise_theory_from_H0
0.1,0.099,15.268140296446395,0.0,initial_noise_theory_from_H0
0.1,0.099,15.33097214951819,0.0,initial_noise_theory_from_H0
0.1,0.099,15.393804002589986,0.0,initial_noise_theory_from_H0
0.1,0.099,15.456635855661782,0.0,initial_noise_theory_from_H0
0.1,0.099,15.519467708733577,0.0,initial_noise_theory_from_H0
0.1,0.099,15.582299561805373,0.0,initial_noise_theory_from_H0
0.1,0.099,15.645131414877168,0.0,initial_noise_theory_from_H0
0.1,0.099,15.707963267948964,0.0,initial_noise_theory_from_H0
0.1,0.099,15.770795121020763,0.0,initial_noise_theory_from_H0
0.1,0.099,15.833626974092558,0.0,initial_noise_theory_from_H0
0.1,0.099,15.896458827164354,0.0,initial_noise_theory_from_H0
0.1,0.099,15.95929068023615,0.0,initial_noise_theory_from_H0
0.1,0.099,16.022122533307947,0.0,initial_noise_theory_from_H0
0.1,0.099,16.084954386379742,0.0,initial_noise_theory_from_H0
0.1,0.099,16.147786239451538,0.0,initial_noise_theory_from_H0
0.1,0.099,16.210618092523333,0.0,initial_noise_theory_from_H0
0.1,0.099,16.27344994559513,0.0,initial_noise_theory_from_H0
0.1,0.099,16.336281798666924,0.0,initial_noise_theory_from_H0
0.1,0.099,16.39911365173872,0.0,initial_noise_theory_from_H0
0.1,0.099,16.461945504810515,0.0,initial_noise_theory_from_H0
0.1,0.099,16.524777357882314,0.0,initial_noise_theory_from_H0
0.1,0.099,16.58760921095411,0.0,initial_noise_theory_from_H0
0.1,0.099,16.650441064025905,0.0,initial_noise_theory_from_H0
0.1,0.099,16.7132729170977,0.0,initial_noise_theory_from_H0
0.1,0.099,16.776104770169496,0.0,initial_noise_theory_from_H0
0.1,0.099,16.838936623241292,0.0,initial_noise_theory_from_H0
0.1,0.099,16.901768476313087,0.0,initial_noise_theory_from_H0
0.1,0.099,16.964600329384883,0.0,initial_noise_theory_from_H0
0.1,0.099,17.02743218245668,0.0,initial_noise_theory_from_H0
0.1,0.099,17.090264035528477,0.0,initial_noise_theory_from_H0
0.1,0.099,17.153095888600273,0.0,initial_noise_theory_from_H0
0.1,0.099,17.21592774167207,0.0,initial_noise_theory_from_H0
0.1,0.099,17.278759594743864,0.0,initial_noise_theory_from_H0
0.1,0.099,17.34159144781566,0.0,initial_noise_theory_from_H0
0.1,0.099,17.404423300887455,0.0,initial_noise_theory_from_H0
0.1,0.099,17.46725515395925,0.0,initial_noise_theory_from_H0
0.1,0.099,17.530087007031046,0.0,initial_noise_theory_from_H0
0.1,0.099,17.59291886010284,0.0,initial_noise_theory_from_H0
0.1,0.099,17.655750713174637,0.0,initial_noise_theory_from_H0
0.1,0.099,17.718582566246432,0.0,initial_noise_theory_from_H0
0.1,0.099,17.78141441931823,0.0,initial_noise_theory_from_H0
0.1,0.099,17.844246272390027,0.0,initial_noise_theory_from_H0
0.1,0.099,17.907078125461823,0.0,initial_noise_theory_from_H0
0.1,0.099,17.969909978533618,0.0,initial_noise_theory_from_H0
0.1,0.099,18.032741831605414,0.0,initial_noise_theory_from_H0
0.1,0.099,18.09557368467721,0.0,initial_noise_theory_from_H0
0.1,0.099,18.158405537749005,0.0,initial_noise_theory_from_H0
0.1,0.099,18.2212373908208,0.0,initial_noise_theory_from_H0
0.1,0.099,18.284069243892596,0.0,initial_noise_theory_from_H0
0.1,0.099,18.34690109696439,0.0,initial_noise_theory_from_H0
0.1,0.099,18.409732950036187,0.0,initial_noise_theory_from_H0
0.1,0.099,18.472564803107986,0.0,initial_noise_theory_from_H0
0.1,0.099,18.53539665617978,0.0,initial_noise_theory_from_H0
0.1,0.099,18.598228509251577,0.0,initial_noise_theory_from_H0
0.1,0.099,18.661060362323372,0.0,initial_noise_theory_from_H0
0.1,0.099,18.723892215395168,0.0,initial_noise_theory_from_H0
0.1,0.099,18.786724068466963,0.0,initial_noise_theory_from_H0
0.1,0.099,18.84955592153876,0.0,initial_noise_theory_from_H0
0.1,0.099,18.912387774610554,0.0,initial_noise_theory_from_H0
0.1,0.099,18.97521962768235,0.0,initial_noise_theory_from_H0
0.1,0.099,19.038051480754145,0.0,initial_noise_theory_from_H0
0.1,0.099,19.10088333382594,0.0,initial_noise_theory_from_H0
0.1,0.099,19.16371518689774,0.0,initial_noise_theory_from_H0
0.1,0.099,19.226547039969535,0.0,initial_noise_theory_from_H0
0.1,0.099,19.28937889304133,0.0,initial_noise_theory_from_H0
0.1,0.099,19.352210746113126,0.0,initial_noise_theory_from_H0
0.1,0.099,19.415042599184922,0.0,initial_noise_theory_from_H0
0.1,0.099,19.477874452256717,0.0,initial_noise_theory_from_H0
0.1,0.099,19.540706305328513,0.0,initial_noise_theory_from_H0
0.1,0.099,19.60353815840031,0.0,initial_noise_theory_from_H0
0.1,0.099,19.666370011472104,0.0,initial_noise_theory_from_H0
0.1,0.099,19.7292018645439,0.0,initial_noise_theory_from_H0
0.1,0.099,19.7920337176157,0.0,initial_noise_theory_from_H0
0.1,0.099,19.854865570687494,0.0,initial_noise_theory_from_H0
0.1,0.099,19.91769742375929,0.0,initial_noise_theory_from_H0
0.1,0.099,19.980529276831085,0.0,initial_noise_theory_from_H0
0.1,0.099,20.04336112990288,0.0,initial_noise_theory_from_H0
0.1,0.099,20.106192982974676,0.0,initial_noise_theory_from_H0
0.1,0.099,20.16902483604647,0.0,initial_noise_theory_from_H0
0.1,0.099,20.231856689118267,0.0,initial_noise_theory_from_H0
0.1,0.099,20.294688542190062,0.0,initial_noise_theory_from_H0
0.1,0.099,20.357520395261858,0.0,initial_noise_theory_from_H0
0.1,0.099,20.420352248333653,0.0,initial_noise_theory_from_H0
0.1,0.099,20.48318410140545,0.0,initial_noise_theory_from_H0
0.1,0.099,20.546015954477248,0.0,initial_noise_theory_from_H0
0.1,0.099,20.60884780754904,0.0,initial_noise_theory_from_H0
0.1,0.099,20.67167966062084,0.0,initial_noise_theory_from_H0
0.1,0.099,20.73451151369263,0.0,initial_noise_theory_from_H0
0.1,0.099,20.79734336676443,0.0,initial_noise_theory_from_H0
0.1,0.099,20.86017521983623,0.0,initial_noise_theory_from_H0
0.1,0.099,20.92300707290802,0.0,initial_noise_theory_from_H0
0.1,0.099,20.98583892597982,0.0,initial_noise_theory_from_H0
0.1,0.099,21.048670779051612,0.0,initial_noise_theory_from_H0
0.1,0.099,21.11150263212341,0.0,initial_noise_theory_from_H0
0.1,0.099,21.174334485195203,0.0,initial_noise_theory_from_H0
0.1,0.099,21.237166338267002,0.0,initial_noise_theory_from_H0
0.1,0.099,21.299998191338794,0.0,initial_noise_theory_from_H0
0.1,0.099,21.362830044410593,0.0,initial_noise_theory_from_H0
0.1,0.099,21.425661897482385,0.0,initial_noise_theory_from_H0
0.1,0.099,21.488493750554184,0.0,initial_noise_theory_from_H0
0.1,0.099,21.551325603625983,0.0,initial_noise_theory_from_H0
0.1,0.099,21.614157456697775,0.0,initial_noise_theory_from_H0
0.1,0.099,21.676989309769574,0.0,initial_noise_theory_from_H0
0.1,0.099,21.739821162841366,0.0,initial_noise_theory_from_H0
0.1,0.099,21.802653015913165,0.0,initial_noise_theory_from_H0
0.1,0.099,21.865484868984957,0.0,initial_noise_theory_from_H0
0.1,0.099,21.928316722056756,0.0,initial_noise_theory_from_H0
0.1,0.099,21.99114857512855,0.0,initial_noise_theory_from_H0
0.1,0.099,22.053980428200347,0.0,initial_noise_theory_from_H0
0.1,0.099,22.116812281272143,0.0,initial_noise_theory_from_H0
0.1,0.099,22.17964413434394,0.0,initial_noise_theory_from_H0
0.1,0.099,22.242475987415737,0.0,initial_noise_theory_from_H0
0.1,0.099,22.30530784048753,0.0,initial_noise_theory_from_H0
0.1,0.099,22.36813969355933,0.0,initial_noise_theory_from_H0
0.1,0.099,22.43097154663112,0.0,initial_noise_theory_from_H0
0.1,0.099,22.49380339970292,0.0,initial_noise_theory_from_H0
0.1,0.099,22.55663525277471,0.0,initial_noise_theory_from_H0
0.1,0.099,22.61946710584651,0.0,initial_noise_theory_from_H0
0.1,0.099,22.682298958918306,0.0,initial_noise_theory_from_H0
0.1,0.099,22.7451308119901,0.0,initial_noise_theory_from_H0
0.1,0.099,22.8079626650619,0.0,initial_noise_theory_from_H0
0.1,0.099,22.870794518133692,0.0,initial_noise_theory_from_H0
0.1,0.099,22.93362637120549,0.0,initial_noise_theory_from_H0
0.1,0.099,22.996458224277283,0.0,initial_noise_theory_from_H0
0.1,0.099,23.059290077349083,0.0,initial_noise_theory_from_H0
0.1,0.099,23.122121930420874,0.0,initial_noise_theory_from_H0
0.1,0.099,23.184953783492674,0.0,initial_noise_theory_from_H0
0.1,0.099,23.24778563656447,0.0,initial_noise_theory_from_H0
0.1,0.099,23.310617489636265,0.0,initial_noise_theory_from_H0
0.1,0.099,23.37344934270806,0.0,initial_noise_theory_from_H0
0.1,0.099,23.436281195779856,0.0,initial_noise_theory_from_H0
0.1,0.099,23.499113048851655,0.0,initial_noise_theory_from_H0
0.1,0.099,23.561944901923447,0.0,initial_noise_theory_from_H0
0.1,0.099,23.624776754995246,0.0,initial_noise_theory_from_H0
0.1,0.099,23.687608608067038,0.0,initial_noise_theory_from_H0
0.1,0.099,23.750440461138837,0.0,initial_noise_theory_from_H0
0.1,0.099,23.813272314210632,0.0,initial_noise_theory_from_H0
0.1,0.099,23.876104167282428,0.0,initial_noise_theory_from_H0
0.1,0.099,23.938936020354223,0.0,initial_noise_theory_from_H0
0.1,0.099,24.00176787342602,0.0,initial_noise_theory_from_H0
0.1,0.099,24.064599726497814,0.0,initial_noise_theory_from_H0
0.1,0.099,24.12743157956961,0.0,initial_noise_theory_from_H0
0.1,0.099,24.19026343264141,0.0,initial_noise_theory_from_H0
0.1,0.099,24.2530952857132,0.0,initial_noise_theory_from_H0
0.1,0.099,24.315927138785,0.0,initial_noise_theory_from_H0
0.1,0.099,24.378758991856795,0.0,initial_noise_theory_from_H0
0.1,0.099,24.44159084492859,0.0,initial_noise_theory_from_H0
0.1,0.099,24.504422698000386,0.0,initial_noise_theory_from_H0
0.1,0.099,24.567254551072182,0.0,initial_noise_theory_from_H0
0.1,0.099,24.630086404143977,0.0,initial_noise_theory_from_H0
0.1,0.099,24.692918257215773,0.0,initial_noise_theory_from_H0
0.1,0.099,24.75575011028757,0.0,initial_noise_theory_from_H0
0.1,0.099,24.818581963359364,0.0,initial_noise_theory_from_H0
0.1,0.099,24.881413816431163,0.0,initial_noise_theory_from_H0
0.1,0.099,24.94424566950296,0.0,initial_noise_theory_from_H0
0.1,0.099,25.007077522574754,0.0,initial_noise_theory_from_H0
0.1,0.099,25.06990937564655,0.0,initial_noise_theory_from_H0
0.1,0.099,25.132741228718345,0.0,initial_noise_theory_from_H0
0.1,0.099,25.19557308179014,0.0,initial_noise_theory_from_H0
0.1,0.099,25.258404934861936,0.0,initial_noise_theory_from_H0
0.1,0.099,25.32123678793373,0.0,initial_noise_theory_from_H0
0.1,0.099,25.384068641005527,0.0,initial_noise_theory_from_H0
0.1,0.099,25.446900494077322,0.0,initial_noise_theory_from_H0
0.1,0.099,25.50973234714912,0.0,initial_noise_theory_from_H0
0.1,0.099,25.572564200220917,0.0,initial_noise_theory_from_H0
0.1,0.099,25.635396053292713,0.0,initial_noise_theory_from_H0
0.1,0.099,25.698227906364508,0.0,initial_noise_theory_from_H0
0.1,0.099,25.761059759436304,0.0,initial_noise_theory_from_H0
0.1,0.099,25.8238916125081,0.0,initial_noise_theory_from_H0
0.1,0.099,25.886723465579895,0.0,initial_noise_theory_from_H0
0.1,0.099,25.94955531865169,0.0,initial_noise_theory_from_H0
0.1,0.099,26.012387171723486,0.0,initial_noise_theory_from_H0
0.1,0.099,26.075219024795285,0.0,initial_noise_theory_from_H0
0.1,0.099,26.13805087786708,0.0,initial_noise_theory_from_H0
0.1,0.099,26.200882730938876,0.0,initial_noise_theory_from_H0
0.1,0.099,26.26371458401067,0.0,initial_noise_theory_from_H0
0.1,0.099,26.326546437082467,0.0,initial_noise_theory_from_H0
0.1,0.099,26.389378290154262,0.0,initial_noise_theory_from_H0
0.1,0.099,26.452210143226058,0.0,initial_noise_theory_from_H0
0.1,0.099,26.515041996297853,0.0,initial_noise_theory_from_H0
0.1,0.099,26.57787384936965,0.0,initial_noise_theory_from_H0
0.1,0.099,26.640705702441448,0.0,initial_noise_theory_from_H0
0.1,0.099,26.70353755551324,0.0,initial_noise_theory_from_H0
0.1,0.099,26.76636940858504,0.0,initial_noise_theory_from_H0
0.1,0.099,26.829201261656834,0.0,initial_noise_theory_from_H0
0.1,0.099,26.89203311472863,0.0,initial_noise_theory_from_H0
0.1,0.099,26.954864967800425,0.0,initial_noise_theory_from_H0
0.1,0.099,27.01769682087222,0.0,initial_noise_theory_from_H0
0.1,0.099,27.080528673944016,0.0,initial_noise_theory_from_H0
0.1,0.099,27.143360527015812,0.0,initial_noise_theory_from_H0
0.1,0.099,27.20619238008761,0.0,initial_noise_theory_from_H0
0.1,0.099,27.269024233159403,0.0,initial_noise_theory_from_H0
0.1,0.099,27.331856086231202,0.0,initial_noise_theory_from_H0
0.1,0.099,27.394687939302994,0.0,initial_noise_theory_from_H0
0.1,0.099,27.457519792374793,0.0,initial_noise_theory_from_H0
0.1,0.099,27.52035164544659,0.0,initial_noise_theory_from_H0
0.1,0.099,27.583183498518384,0.0,initial_noise_theory_from_H0
0.1,0.099,27.64601535159018,0.0,initial_noise_theory_from_H0
0.1,0.099,27.708847204661975,0.0,initial_noise_theory_from_H0
0.1,0.099,27.771679057733774,0.0,initial_noise_theory_from_H0
0.1,0.099,27.834510910805566,0.0,initial_noise_theory_from_H0
0.1,0.099,27.897342763877365,0.0,initial_noise_theory_from_H0
0.1,0.099,27.960174616949157,0.0,initial_noise_theory_from_H0
0.1,0.099,28.023006470020956,0.0,initial_noise_theory_from_H0
0.1,0.099,28.085838323092748,0.0,initial_noise_theory_from_H0
0.1,0.099,28.148670176164547,0.0,initial_noise_theory_from_H0
0.1,0.099,28.211502029236343,0.0,initial_noise_theory_from_H0
0.1,0.099,28.274333882308138,0.0,initial_noise_theory_from_H0
0.1,0.099,28.337165735379937,0.0,initial_noise_theory_from_H0
0.1,0.099,28.39999758845173,0.0,initial_noise_theory_from_H0
0.1,0.099,28.462829441523528,0.0,initial_noise_theory_from_H0
0.1,0.099,28.52566129459532,0.0,initial_noise_theory_from_H0
0.1,0.099,28.58849314766712,0.0,initial_noise_theory_from_H0
0.1,0.099,28.65132500073891,0.0,initial_noise_theory_from_H0
0.1,0.099,28.71415685381071,0.0,initial_noise_theory_from_H0
0.1,0.099,28.776988706882502,0.0,initial_noise_theory_from_H0
0.1,0.099,28.8398205599543,0.0,initial_noise_theory_from_H0
0.1,0.099,28.9026524130261,0.0,initial_noise_theory_from_H0
0.1,0.099,28.965484266097892,0.0,initial_noise_theory_from_H0
0.1,0.099,29.02831611916969,0.0,initial_noise_theory_from_H0
0.1,0.099,29.091147972241483,0.0,initial_noise_theory_from_H0
0.1,0.099,29.153979825313282,0.0,initial_noise_theory_from_H0
0.1,0.099,29.216811678385074,0.0,initial_noise_theory_from_H0
0.1,0.099,29.279643531456873,0.0,initial_noise_theory_from_H0
0.1,0.099,29.342475384528665,0.0,initial_noise_theory_from_H0
0.1,0.099,29.405307237600464,0.0,initial_noise_theory_from_H0
0.1,0.099,29.468139090672256,0.0,initial_noise_theory_from_H0
0.1,0.099,29.530970943744055,0.0,initial_noise_theory_from_H0
0.1,0.099,29.593802796815854,0.0,initial_noise_theory_from_H0
0.1,0.099,29.656634649887646,0.0,initial_noise_theory_from_H0
0.1,0.099,29.719466502959445,0.0,initial_noise_theory_from_H0
0.1,0.099,29.782298356031237,0.0,initial_noise_theory_from_H0
0.1,0.099,29.845130209103036,0.0,initial_noise_theory_from_H0
0.1,0.099,29.90796206217483,0.0,initial_noise_theory_from_H0
0.1,0.099,29.970793915246627,0.0,initial_noise_theory_from_H0
0.1,0.099,30.03362576831842,0.0,initial_noise_theory_from_H0
0.1,0.099,30.09645762139022,0.0,initial_noise_theory_from_H0
0.1,0.099,30.15928947446201,0.0,initial_noise_theory_from_H0
0.1,0.099,30.22212132753381,0.0,initial_noise_theory_from_H0
0.1,0.099,30.28495318060561,0.0,initial_noise_theory_from_H0
0.1,0.099,30.3477850336774,0.0,initial_noise_theory_from_H0
0.1,0.099,30.4106168867492,0.0,initial_noise_theory_from_H0
0.1,0.099,30.47344873982099,0.0,initial_noise_theory_from_H0
0.1,0.099,30.53628059289279,0.0,initial_noise_theory_from_H0
0.1,0.099,30.599112445964582,0.0,initial_noise_theory_from_H0
0.1,0.099,30.66194429903638,0.0,initial_noise_theory_from_H0
0.1,0.099,30.724776152108173,0.0,initial_noise_theory_from_H0
0.1,0.099,30.787608005179973,0.0,initial_noise_theory_from_H0
0.1,0.099,30.85043985825177,0.0,initial_noise_theory_from_H0
0.1,0.099,30.913271711323564,0.0,initial_noise_theory_from_H0
0.1,0.099,30.976103564395363,0.0,initial_noise_theory_from_H0
0.1,0.099,31.038935417467155,0.0,initial_noise_theory_from_H0
0.1,0.099,31.101767270538954,0.0,initial_noise_theory_from_H0
0.1,0.099,31.164599123610746,0.0,initial_noise_theory_from_H0
0.1,0.099,31.227430976682545,0.0,initial_noise_theory_from_H0
0.1,0.099,31.290262829754337,0.0,initial_noise_theory_from_H0
0.1,0.099,31.353094682826136,0.0,initial_noise_theory_from_H0
0.1,0.099,31.415926535897928,0.0,initial_noise_theory_from_H0
0.1,0.099,31.478758388969727,0.0,initial_noise_theory_from_H0
0.1,0.099,31.541590242041526,0.0,initial_noise_theory_from_H0
0.1,0.099,31.604422095113318,0.0,initial_noise_theory_from_H0
0.1,0.099,31.667253948185117,0.0,initial_noise_theory_from_H0
0.1,0.099,31.73008580125691,0.0,initial_noise_theory_from_H0
0.1,0.099,31.792917654328708,0.0,initial_noise_theory_from_H0
0.1,0.099,31.8557495074005,0.0,initial_noise_theory_from_H0
0.1,0.099,31.9185813604723,0.0,initial_noise_theory_from_H0
0.1,0.099,31.98141321354409,0.0,initial_noise_theory_from_H0
0.1,0.099,32.04424506661589,0.0,initial_noise_theory_from_H0
0.1,0.099,32.107076919687685,0.0,initial_noise_theory_from_H0
0.1,0.099,32.169908772759484,0.0,initial_noise_theory_from_H0
0.1,0.099,32.232740625831276,0.0,initial_noise_theory_from_H0
0.1,0.099,32.295572478903075,0.0,initial_noise_theory_from_H0
0.1,0.099,32.35840433197487,0.0,initial_noise_theory_from_H0
0.1,0.099,32.421236185046666,0.0,initial_noise_theory_from_H0
0.1,0.099,32.484068038118465,0.0,initial_noise_theory_from_H0
0.1,0.099,32.54689989119026,0.0,initial_noise_theory_from_H0
0.1,0.099,32.60973174426206,0.0,initial_noise_theory_from_H0
0.1,0.099,32.67256359733385,0.0,initial_noise_theory_from_H0
0.1,0.099,32.73539545040565,0.0,initial_noise_theory_from_H0
0.1,0.099,32.79822730347744,0.0,initial_noise_theory_from_H0
0.1,0.099,32.86105915654924,0.0,initial_noise_theory_from_H0
0.1,0.099,32.92389100962103,0.0,initial_noise_theory_from_H0
0.1,0.099,32.98672286269283,0.0,initial_noise_theory_from_H0
0.1,0.099,33.04955471576463,0.0,initial_noise_theory_from_H0
0.1,0.099,33.11238656883642,0.0,initial_noise_theory_from_H0
0.1,0.099,33.17521842190822,0.0,initial_noise_theory_from_H0
0.1,0.099,33.23805027498001,0.0,initial_noise_theory_from_H0
0.1,0.099,33.30088212805181,0.0,initial_noise_theory_from_H0
0.1,0.099,33.3637139811236,0.0,initial_noise_theory_from_H0
0.1,0.099,33.4265458341954,0.0,initial_noise_theory_from_H0
0.1,0.099,33.48937768726719,0.0,initial_noise_theory_from_H0
0.1,0.099,33.55220954033899,0.0,initial_noise_theory_from_H0
0.1,0.099,33.61504139341079,0.0,initial_noise_theory_from_H0
0.1,0.099,33.677873246482584,0.0,initial_noise_theory_from_H0
0.1,0.099,33.74070509955438,0.0,initial_noise_theory_from_H0
0.1,0.099,33.803536952626175,0.0,initial_noise_theory_from_H0
0.1,0.099,33.866368805697974,0.0,initial_noise_theory_from_H0
0.1,0.099,33.929200658769766,0.0,initial_noise_theory_from_H0
0.1,0.099,33.992032511841565,0.0,initial_noise_theory_from_H0
0.1,0.099,34.05486436491336,0.0,initial_noise_theory_from_H0
0.1,0.099,34.117696217985156,0.0,initial_noise_theory_from_H0
0.1,0.099,34.180528071056955,0.0,initial_noise_theory_from_H0
0.1,0.099,34.24335992412875,0.0,initial_noise_theory_from_H0
0.1,0.099,34.306191777200546,0.0,initial_noise_theory_from_H0
0.1,0.099,34.36902363027234,0.0,initial_noise_theory_from_H0
0.1,0.099,34.43185548334414,0.0,initial_noise_theory_from_H0
0.1,0.099,34.49468733641593,0.0,initial_noise_theory_from_H0
0.1,0.099,34.55751918948773,0.0,initial_noise_theory_from_H0
0.1,0.099,34.62035104255952,0.0,initial_noise_theory_from_H0
0.1,0.099,34.68318289563132,0.0,initial_noise_theory_from_H0
0.1,0.099,34.74601474870311,0.0,initial_noise_theory_from_H0
0.1,0.099,34.80884660177491,0.0,initial_noise_theory_from_H0
0.1,0.099,34.87167845484671,0.0,initial_noise_theory_from_H0
0.1,0.099,34.9345103079185,0.0,initial_noise_theory_from_H0
0.1,0.099,34.9973421609903,0.0,initial_noise_theory_from_H0
0.1,0.099,35.06017401406209,0.0,initial_noise_theory_from_H0
0.1,0.099,35.12300586713389,0.0,initial_noise_theory_from_H0
0.1,0.099,35.18583772020568,0.0,initial_noise_theory_from_H0
0.1,0.099,35.24866957327748,0.0,initial_noise_theory_from_H0
0.1,0.099,35.311501426349274,0.0,initial_noise_theory_from_H0
0.1,0.099,35.37433327942107,0.0,initial_noise_theory_from_H0
0.1,0.099,35.437165132492865,0.0,initial_noise_theory_from_H0
0.1,0.099,35.499996985564664,0.0,initial_noise_theory_from_H0
0.1,0.099,35.56282883863646,0.0,initial_noise_theory_from_H0
0.1,0.099,35.625660691708255,0.0,initial_noise_theory_from_H0
0.1,0.099,35.688492544780054,0.0,initial_noise_theory_from_H0
0.1,0.099,35.751324397851846,0.0,initial_noise_theory_from_H0
0.1,0.099,35.814156250923645,0.0,initial_noise_theory_from_H0
0.1,0.099,35.87698810399544,0.0,initial_noise_theory_from_H0
0.1,0.099,35.939819957067236,0.0,initial_noise_theory_from_H0
0.1,0.099,36.00265181013903,0.0,initial_noise_theory_from_H0
0.1,0.099,36.06548366321083,0.0,initial_noise_theory_from_H0
0.1,0.099,36.12831551628262,0.0,initial_noise_theory_from_H0
0.1,0.099,36.19114736935442,0.0,initial_noise_theory_from_H0
0.1,0.099,36.25397922242622,0.0,initial_noise_theory_from_H0
0.1,0.099,36.31681107549801,0.0,initial_noise_theory_from_H0
0.1,0.099,36.37964292856981,0.0,initial_noise_theory_from_H0
0.1,0.099,36.4424747816416,0.0,initial_noise_theory_from_H0
0.1,0.099,36.5053066347134,0.0,initial_noise_theory_from_H0
0.1,0.099,36.56813848778519,0.0,initial_noise_theory_from_H0
0.1,0.099,36.63097034085699,0.0,initial_noise_theory_from_H0
0.1,0.099,36.69380219392878,0.0,initial_noise_theory_from_H0
0.1,0.099,36.75663404700058,0.0,initial_noise_theory_from_H0
0.1,0.099,36.81946590007237,0.0,initial_noise_theory_from_H0
0.1,0.099,36.88229775314417,0.0,initial_noise_theory_from_H0
0.1,0.099,36.94512960621597,0.0,initial_noise_theory_from_H0
0.1,0.099,37.00796145928776,0.0,initial_noise_theory_from_H0
0.1,0.099,37.07079331235956,0.0,initial_noise_theory_from_H0
0.1,0.099,37.133625165431354,0.0,initial_noise_theory_from_H0
0.1,0.099,37.19645701850315,0.0,initial_noise_theory_from_H0
0.1,0.099,37.259288871574945,0.0,initial_noise_theory_from_H0
0.1,0.099,37.322120724646744,0.0,initial_noise_theory_from_H0
0.1,0.099,37.384952577718536,0.0,initial_noise_theory_from_H0
0.1,0.099,37.447784430790335,0.0,initial_noise_theory_from_H0
0.1,0.099,37.51061628386213,0.0,initial_noise_theory_from_H0
0.1,0.099,37.573448136933926,0.0,initial_noise_theory_from_H0
0.1,0.099,37.636279990005725,0.0,initial_noise_theory_from_H0
0.1,0.099,37.69911184307752,0.0,initial_noise_theory_from_H0
0.1,0.099,37.76194369614932,0.0,initial_noise_theory_from_H0
0.1,0.099,37.82477554922111,0.0,initial_noise_theory_from_H0
0.1,0.099,37.88760740229291,0.0,initial_noise_theory_from_H0
0.1,0.099,37.9504392553647,0.0,initial_noise_theory_from_H0
0.1,0.099,38.0132711084365,0.0,initial_noise_theory_from_H0
0.1,0.099,38.07610296150829,0.0,initial_noise_theory_from_H0
0.1,0.099,38.13893481458009,0.0,initial_noise_theory_from_H0
0.1,0.099,38.20176666765188,0.0,initial_noise_theory_from_H0
0.1,0.099,38.26459852072368,0.0,initial_noise_theory_from_H0
0.1,0.099,38.32743037379548,0.0,initial_noise_theory_from_H0
0.1,0.099,38.39026222686727,0.0,initial_noise_theory_from_H0
0.1,0.099,38.45309407993907,0.0,initial_noise_theory_from_H0
0.1,0.099,38.51592593301086,0.0,initial_noise_theory_from_H0
0.1,0.099,38.57875778608266,0.0,initial_noise_theory_from_H0
0.1,0.099,38.64158963915445,0.0,initial_noise_theory_from_H0
0.1,0.099,38.70442149222625,0.0,initial_noise_theory_from_H0
0.1,0.099,38.767253345298045,0.0,initial_noise_theory_from_H0
0.1,0.099,38.830085198369844,0.0,initial_noise_theory_from_H0
0.1,0.099,38.89291705144164,0.0,initial_noise_theory_from_H0
0.1,0.099,38.955748904513435,0.0,initial_noise_theory_from_H0
0.1,0.099,39.018580757585234,0.0,initial_noise_theory_from_H0
0.1,0.099,39.081412610657026,0.0,initial_noise_theory_from_H0
0.1,0.099,39.144244463728825,0.0,initial_noise_theory_from_H0
0.1,0.099,39.20707631680062,0.0,initial_noise_theory_from_H0
0.1,0.099,39.269908169872416,0.0,initial_noise_theory_from_H0
0.1,0.099,39.33274002294421,0.0,initial_noise_theory_from_H0
0.1,0.099,39.39557187601601,0.0,initial_noise_theory_from_H0
0.1,0.099,39.4584037290878,0.0,initial_noise_theory_from_H0
0.1,0.099,39.5212355821596,0.0,initial_noise_theory_from_H0
0.1,0.099,39.5840674352314,0.0,initial_noise_theory_from_H0
0.1,0.099,39.64689928830319,0.0,initial_noise_theory_from_H0
0.1,0.099,39.70973114137499,0.0,initial_noise_theory_from_H0
0.1,0.099,39.77256299444678,0.0,initial_noise_theory_from_H0
0.1,0.099,39.83539484751858,0.0,initial_noise_theory_from_H0
0.1,0.099,39.89822670059037,0.0,initial_noise_theory_from_H0
0.1,0.099,39.96105855366217,0.0,initial_noise_theory_from_H0
0.1,0.099,40.02389040673396,0.0,initial_noise_theory_from_H0
0.1,0.099,40.08672225980576,0.0,initial_noise_theory_from_H0
0.1,0.099,40.14955411287755,0.0,initial_noise_theory_from_H0
0.1,0.099,40.21238596594935,0.0,initial_noise_theory_from_H0
0.1,0.099,40.27521781902115,0.0,initial_noise_theory_from_H0
0.1,0.099,40.33804967209294,0.0,initial_noise_theory_from_H0
0.1,0.099,40.40088152516474,0.0,initial_noise_theory_from_H0
0.1,0.099,40.463713378236534,0.0,initial_noise_theory_from_H0
0.1,0.099,40.52654523130833,0.0,initial_noise_theory_from_H0
0.1,0.099,40.589377084380125,0.0,initial_noise_theory_from_H0
0.1,0.099,40.652208937451924,0.0,initial_noise_theory_from_H0
0.1,0.099,40.715040790523716,0.0,initial_noise_theory_from_H0
0.1,0.099,40.777872643595515,0.0,initial_noise_theory_from_H0
0.1,0.099,40.84070449666731,0.0,initial_noise_theory_from_H0
0.1,0.099,40.903536349739106,0.0,initial_noise_theory_from_H0
0.1,0.099,40.9663682028109,0.0,initial_noise_theory_from_H0
0.1,0.099,41.029200055882704,0.0,initial_noise_theory_from_H0
0.1,0.099,41.092031908954496,0.0,initial_noise_theory_from_H0
0.1,0.099,41.15486376202629,0.0,initial_noise_theory_from_H0
0.1,0.099,41.21769561509808,0.0,initial_noise_theory_from_H0
0.1,0.099,41.280527468169886,0.0,initial_noise_theory_from_H0
0.1,0.099,41.34335932124168,0.0,initial_noise_theory_from_H0
0.1,0.099,41.40619117431347,0.0,initial_noise_theory_from_H0
0.1,0.099,41.46902302738526,0.0,initial_noise_theory_from_H0
0.1,0.099,41.53185488045707,0.0,initial_noise_theory_from_H0
0.1,0.099,41.59468673352886,0.0,initial_noise_theory_from_H0
0.1,0.099,41.65751858660065,0.0,initial_noise_theory_from_H0
0.1,0.099,41.72035043967246,0.0,initial_noise_theory_from_H0
0.1,0.099,41.78318229274425,0.0,initial_noise_theory_from_H0
0.1,0.099,41.84601414581604,0.0,initial_noise_theory_from_H0
0.1,0.099,41.908845998887834,0.0,initial_noise_theory_from_H0
0.1,0.099,41.97167785195964,0.0,initial_noise_theory_from_H0
0.1,0.099,42.03450970503143,0.0,initial_noise_theory_from_H0
0.1,0.099,42.097341558103224,0.0,initial_noise_theory_from_H0
0.1,0.099,42.160173411175016,0.0,initial_noise_theory_from_H0
0.1,0.099,42.22300526424682,0.0,initial_noise_theory_from_H0
0.1,0.099,42.285837117318614,0.0,initial_noise_theory_from_H0
0.1,0.099,42.348668970390406,0.0,initial_noise_theory_from_H0
0.1,0.099,42.41150082346221,0.0,initial_noise_theory_from_H0
0.1,0.099,42.474332676534004,0.0,initial_noise_theory_from_H0
0.1,0.099,42.537164529605796,0.0,initial_noise_theory_from_H0
0.1,0.099,42.59999638267759,0.0,initial_noise_theory_from_H0
0.1,0.099,42.662828235749394,0.0,initial_noise_theory_from_H0
0.1,0.099,42.725660088821186,0.0,initial_noise_theory_from_H0
0.1,0.099,42.78849194189298,0.0,initial_noise_theory_from_H0
0.1,0.099,42.85132379496477,0.0,initial_noise_theory_from_H0
0.1,0.099,42.91415564803658,0.0,initial_noise_theory_from_H0
0.1,0.099,42.97698750110837,0.0,initial_noise_theory_from_H0
0.1,0.099,43.03981935418016,0.0,initial_noise_theory_from_H0
0.1,0.099,43.10265120725197,0.0,initial_noise_theory_from_H0
0.1,0.099,43.16548306032376,0.0,initial_noise_theory_from_H0
0.1,0.099,43.22831491339555,0.0,initial_noise_theory_from_H0
0.1,0.099,43.29114676646734,0.0,initial_noise_theory_from_H0
0.1,0.099,43.35397861953915,0.0,initial_noise_theory_from_H0
0.1,0.099,43.41681047261094,0.0,initial_noise_theory_from_H0
0.1,0.099,43.47964232568273,0.0,initial_noise_theory_from_H0
0.1,0.099,43.54247417875453,0.0,initial_noise_theory_from_H0
0.1,0.099,43.60530603182633,0.0,initial_noise_theory_from_H0
0.1,0.099,43.66813788489812,0.0,initial_noise_theory_from_H0
0.1,0.099,43.730969737969914,0.0,initial_noise_theory_from_H0
0.1,0.099,43.79380159104172,0.0,initial_noise_theory_from_H0
0.1,0.099,43.85663344411351,0.0,initial_noise_theory_from_H0
0.1,0.099,43.919465297185305,0.0,initial_noise_theory_from_H0
0.1,0.099,43.9822971502571,0.0,initial_noise_theory_from_H0
0.1,0.099,44.0451290033289,0.0,initial_noise_theory_from_H0
0.1,0.099,44.107960856400695,0.0,initial_noise_theory_from_H0
0.1,0.099,44.17079270947249,0.0,initial_noise_theory_from_H0
0.1,0.099,44.233624562544286,0.0,initial_noise_theory_from_H0
0.1,0.099,44.296456415616085,0.0,initial_noise_theory_from_H0
0.1,0.099,44.35928826868788,0.0,initial_noise_theory_from_H0
0.1,0.099,44.42212012175967,0.0,initial_noise_theory_from_H0
0.1,0.099,44.484951974831475,0.0,initial_noise_theory_from_H0
0.1,0.099,44.54778382790327,0.0,initial_noise_theory_from_H0
0.1,0.099,44.61061568097506,0.0,initial_noise_theory_from_H0
0.1,0.099,44.67344753404686,0.0,initial_noise_theory_from_H0
0.1,0.099,44.73627938711866,0.0,initial_noise_theory_from_H0
0.1,0.099,44.79911124019045,0.0,initial_noise_theory_from_H0
0.1,0.099,44.86194309326224,0.0,initial_noise_theory_from_H0
0.1,0.099,44.92477494633405,0.0,initial_noise_theory_from_H0
0.1,0.099,44.98760679940584,0.0,initial_noise_theory_from_H0
0.1,0.099,45.05043865247763,0.0,initial_noise_theory_from_H0
0.1,0.099,45.11327050554942,0.0,initial_noise_theory_from_H0
0.1,0.099,45.17610235862123,0.0,initial_noise_theory_from_H0
0.1,0.099,45.23893421169302,0.0,initial_noise_theory_from_H0
0.1,0.099,45.30176606476481,0.0,initial_noise_theory_from_H0
0.1,0.099,45.36459791783661,0.0,initial_noise_theory_from_H0
0.1,0.099,45.42742977090841,0.0,initial_noise_theory_from_H0
0.1,0.099,45.4902616239802,0.0,initial_noise_theory_from_H0
